donation_id,food_name,category,storage_condition,packaging_type,temperature_c,humidity_percent,hours_since_cooking,moisture_level,spoilage_sensitivity,remaining_shelf_life_hours,safety_score,safe_for_donation
CK-ML-10001,Steamed Rice,Cooked Rice / Biryani,Refrigerated (4-7C),Open Container,5.7,52.3,1.6,2,1.2,11.55,87.5,1
CK-ML-10002,Chole Gravy,Cooked Curry / Gravy,Insulated Hot Pot (>55C),Open Container,62.5,40.6,2.6,3,1.4,4.07,61.1,1
CK-ML-10003,Dum Aloo,Cooked Curry / Gravy,Ambient Room Temp,Aluminium Foil Wrap,22.4,56.2,5.1,3,1.4,4.55,47.2,1
CK-ML-10004,Paratha,Indian Breads (Roti/Naan),Ambient Room Temp,Covered Degchi / Pot,22.8,60.4,2.5,1,0.8,11.29,82.1,1
CK-ML-10005,Dum Aloo,Cooked Curry / Gravy,Ambient Room Temp,Airtight Food Box,28.6,30.8,3.2,3,1.4,7.04,69.1,1
CK-ML-10006,Butter Naan,Indian Breads (Roti/Naan),Ambient Room Temp,Airtight Food Box,33.3,45.6,6.5,1,0.8,4.23,39.5,0
CK-ML-10007,Puri,Indian Breads (Roti/Naan),Refrigerated (4-7C),Airtight Food Box,7.2,74.7,7.4,1,0.8,24.0,53.2,1
CK-ML-10008,Steamed Rice,Cooked Rice / Biryani,Insulated Hot Pot (>55C),Covered Degchi / Pot,59.1,43.8,3.9,2,1.2,6.79,63.5,1
CK-ML-10009,Paneer Butter Masala,Cooked Curry / Gravy,Refrigerated (4-7C),Airtight Food Box,3.9,30.3,9.9,3,1.4,16.53,62.6,1
CK-ML-10010,Spring Roll,Fried Items (Samosa/Puri),Refrigerated (4-7C),Airtight Food Box,7.1,72.5,5.7,1,0.7,24.0,45.8,1
CK-ML-10011,Kadhai Paneer,Cooked Curry / Gravy,Refrigerated (4-7C),Aluminium Foil Wrap,7.0,53.6,1.9,3,1.4,19.51,91.2,1
CK-ML-10012,Butter Naan,Indian Breads (Roti/Naan),Ambient Room Temp,Covered Degchi / Pot,22.4,35.4,0.9,1,0.8,13.27,93.9,1
CK-ML-10013,Paratha,Indian Breads (Roti/Naan),Refrigerated (4-7C),Covered Degchi / Pot,3.6,60.2,6.7,1,0.8,23.69,77.9,1
CK-ML-10014,Sprouts Salad,Raw Vegetables & Salad,Refrigerated (4-7C),Aluminium Foil Wrap,6.9,70.2,2.6,2,1.1,24.0,88.7,1
CK-ML-10015,Fruit Chaat,Raw Vegetables & Salad,Ambient Room Temp,Covered Degchi / Pot,28.1,75.3,3.6,2,1.1,4.56,55.7,1
CK-ML-10016,Chole Gravy,Cooked Curry / Gravy,Ambient Room Temp,Covered Degchi / Pot,24.0,46.9,11.3,3,1.4,0.0,0.0,0
CK-ML-10017,Jeera Rice,Cooked Rice / Biryani,Ambient Room Temp,Covered Degchi / Pot,26.3,42.3,8.5,2,1.2,0.4,4.5,0
CK-ML-10018,Dinner Rolls,Bakery / Packaged Breads,Ambient Room Temp,Aluminium Foil Wrap,22.9,43.9,10.9,1,0.5,16.54,60.2,1
CK-ML-10019,Veg Biryani,Cooked Rice / Biryani,Ambient Room Temp,Covered Degchi / Pot,31.4,59.6,1.4,2,1.2,3.7,72.2,1
CK-ML-10020,Sweet Lassi,Dairy & Desserts,Refrigerated (4-7C),Aluminium Foil Wrap,5.4,34.5,10.1,3,1.6,8.0,44.2,1
CK-ML-10021,Steamed Rice,Cooked Rice / Biryani,Ambient Room Temp,Airtight Food Box,25.7,65.6,9.8,2,1.2,3.99,28.9,0
CK-ML-10022,Fruit Buns,Bakery / Packaged Breads,Insulated Hot Pot (>55C),Covered Degchi / Pot,52.1,47.1,1.8,1,0.5,24.0,88.6,1
CK-ML-10023,Pav Buns,Bakery / Packaged Breads,Ambient Room Temp,Aluminium Foil Wrap,25.0,79.1,6.4,1,0.5,20.88,76.4,1
CK-ML-10024,Fruit Chaat,Raw Vegetables & Salad,Ambient Room Temp,Covered Degchi / Pot,34.3,74.9,10.7,2,1.1,0.0,0.0,0
CK-ML-10025,Kachori,Fried Items (Samosa/Puri),Ambient Room Temp,Open Container,37.3,60.3,0.6,1,0.7,4.03,87.0,1
CK-ML-10026,Mixed Veg Curry,Cooked Curry / Gravy,Ambient Room Temp,Covered Degchi / Pot,38.9,38.8,0.7,3,1.4,1.93,73.2,0
CK-ML-10027,Yellow Dal,Dal & Lentils,Refrigerated (4-7C),Covered Degchi / Pot,6.2,45.4,6.7,3,1.3,12.48,64.9,1
CK-ML-10028,Steamed Rice,Cooked Rice / Biryani,Insulated Hot Pot (>55C),Covered Degchi / Pot,56.5,47.5,7.9,2,1.2,3.47,30.5,0
CK-ML-10029,Tandoori Roti,Indian Breads (Roti/Naan),Refrigerated (4-7C),Open Container,4.3,31.2,7.9,1,0.8,13.03,62.2,1
CK-ML-10030,Dinner Rolls,Bakery / Packaged Breads,Ambient Room Temp,Airtight Food Box,27.2,39.5,3.6,1,0.5,24.0,72.4,1
CK-ML-10031,Dal Tadka,Dal & Lentils,Insulated Hot Pot (>55C),Covered Degchi / Pot,60.4,58.5,1.6,3,1.3,8.87,84.6,1
CK-ML-10032,Cucumber Tomato Salad,Raw Vegetables & Salad,Ambient Room Temp,Aluminium Foil Wrap,34.1,57.6,3.9,2,1.1,1.81,31.6,0
CK-ML-10033,Dal Tadka,Dal & Lentils,Insulated Hot Pot (>55C),Airtight Food Box,57.7,55.1,9.7,3,1.3,6.85,41.4,1
CK-ML-10034,Paneer Tikka,Dairy & Desserts,Ambient Room Temp,Airtight Food Box,31.8,51.9,8.2,3,1.6,0.0,0.0,0
CK-ML-10035,Veg Biryani,Cooked Rice / Biryani,Ambient Room Temp,Covered Degchi / Pot,32.0,31.5,0.9,2,1.2,4.23,81.9,1
CK-ML-10036,Paneer Butter Masala,Cooked Curry / Gravy,Ambient Room Temp,Aluminium Foil Wrap,38.4,52.9,10.2,3,1.4,0.0,0.0,0
CK-ML-10037,Chole Gravy,Cooked Curry / Gravy,Refrigerated (4-7C),Aluminium Foil Wrap,7.4,55.8,4.2,3,1.4,16.52,79.7,1
CK-ML-10038,Dal Tadka,Dal & Lentils,Insulated Hot Pot (>55C),Open Container,62.5,64.8,5.2,3,1.3,2.52,32.6,0
CK-ML-10039,Paneer Butter Masala,Cooked Curry / Gravy,Ambient Room Temp,Covered Degchi / Pot,23.6,39.1,11.2,3,1.4,0.0,0.0,0
CK-ML-10040,Puri,Indian Breads (Roti/Naan),Ambient Room Temp,Aluminium Foil Wrap,26.2,47.8,9.2,1,0.8,8.75,48.7,1
CK-ML-10041,Dum Aloo,Cooked Curry / Gravy,Ambient Room Temp,Open Container,36.5,65.2,6.0,3,1.4,0.0,0.0,0
CK-ML-10042,Dal Makhani,Dal & Lentils,Refrigerated (4-7C),Covered Degchi / Pot,3.2,77.5,10.7,3,1.3,7.24,40.4,1
CK-ML-10043,Veg Biryani,Cooked Rice / Biryani,Ambient Room Temp,Aluminium Foil Wrap,36.6,62.9,2.4,2,1.2,2.51,51.4,0
CK-ML-10044,Chole Gravy,Cooked Curry / Gravy,Refrigerated (4-7C),Aluminium Foil Wrap,5.6,36.4,9.8,3,1.4,10.93,52.6,1
CK-ML-10045,Paneer Tikka,Dairy & Desserts,Insulated Hot Pot (>55C),Covered Degchi / Pot,63.6,39.8,1.3,3,1.6,7.31,84.9,1
CK-ML-10046,Kadhai Paneer,Cooked Curry / Gravy,Ambient Room Temp,Aluminium Foil Wrap,35.8,44.1,1.9,3,1.4,2.2,54.2,0
CK-ML-10047,Spring Roll,Fried Items (Samosa/Puri),Ambient Room Temp,Airtight Food Box,29.1,78.4,6.8,1,0.7,12.43,64.6,1
CK-ML-10048,Butter Naan,Indian Breads (Roti/Naan),Ambient Room Temp,Covered Degchi / Pot,35.2,47.0,11.2,1,0.8,0.0,0.0,0
CK-ML-10049,Gulab Jamun in Chashni,Dairy & Desserts,Refrigerated (4-7C),Aluminium Foil Wrap,4.1,48.9,6.6,3,1.6,10.75,61.8,1
CK-ML-10050,Pulao,Cooked Rice / Biryani,Ambient Room Temp,Covered Degchi / Pot,37.4,34.6,4.2,2,1.2,0.0,0.0,0
CK-ML-10051,Fruit Buns,Bakery / Packaged Breads,Ambient Room Temp,Covered Degchi / Pot,23.4,34.6,7.4,1,0.5,14.1,65.5,1
CK-ML-10052,Fruit Buns,Bakery / Packaged Breads,Ambient Room Temp,Aluminium Foil Wrap,30.4,32.9,6.8,1,0.5,11.65,63.1,1
CK-ML-10053,Chana Dal,Dal & Lentils,Ambient Room Temp,Covered Degchi / Pot,24.4,68.1,7.6,3,1.3,0.72,8.6,0
CK-ML-10054,Rasgulla,Dairy & Desserts,Ambient Room Temp,Open Container,26.0,59.1,10.4,3,1.6,0.0,0.0,0
CK-ML-10055,Cucumber Tomato Salad,Raw Vegetables & Salad,Insulated Hot Pot (>55C),Airtight Food Box,61.3,48.8,1.5,2,1.1,17.57,92.3,1
CK-ML-10056,Dal Tadka,Dal & Lentils,Ambient Room Temp,Covered Degchi / Pot,26.3,50.3,7.1,3,1.3,2.02,22.2,0
CK-ML-10057,Spring Roll,Fried Items (Samosa/Puri),Refrigerated (4-7C),Aluminium Foil Wrap,6.1,41.9,5.1,1,0.7,24.0,57.6,1
CK-ML-10058,Chana Dal,Dal & Lentils,Ambient Room Temp,Airtight Food Box,38.5,32.2,10.7,3,1.3,0.0,0.0,0
CK-ML-10059,Sambhar,Dal & Lentils,Ambient Room Temp,Airtight Food Box,33.8,33.8,2.4,3,1.3,3.89,61.7,1
CK-ML-10060,Pav Buns,Bakery / Packaged Breads,Insulated Hot Pot (>55C),Covered Degchi / Pot,50.7,44.0,11.4,1,0.5,15.38,57.4,1
CK-ML-10061,Boiled Corn Salad,Raw Vegetables & Salad,Ambient Room Temp,Open Container,24.9,62.3,5.0,2,1.1,1.82,26.8,0
CK-ML-10062,Khichdi,Cooked Rice / Biryani,Refrigerated (4-7C),Airtight Food Box,5.4,45.5,9.9,2,1.2,20.12,67.1,1
CK-ML-10063,Spring Roll,Fried Items (Samosa/Puri),Ambient Room Temp,Open Container,38.0,50.8,7.2,1,0.7,0.0,0.0,0
CK-ML-10064,Paneer Butter Masala,Cooked Curry / Gravy,Ambient Room Temp,Aluminium Foil Wrap,38.7,48.8,9.1,3,1.4,0.0,0.0,0
CK-ML-10065,Sambhar,Dal & Lentils,Refrigerated (4-7C),Aluminium Foil Wrap,5.1,50.7,3.6,3,1.3,18.97,83.9,1
CK-ML-10066,Spring Roll,Fried Items (Samosa/Puri),Ambient Room Temp,Aluminium Foil Wrap,26.1,40.3,3.4,1,0.7,16.13,82.6,1
CK-ML-10067,Khichdi,Cooked Rice / Biryani,Refrigerated (4-7C),Open Container,5.8,47.9,1.8,2,1.2,12.29,87.2,1
CK-ML-10068,Pakoda,Fried Items (Samosa/Puri),Refrigerated (4-7C),Covered Degchi / Pot,7.4,34.4,9.6,1,0.7,24.0,68.9,1
CK-ML-10069,Puri,Indian Breads (Roti/Naan),Refrigerated (4-7C),Aluminium Foil Wrap,4.0,36.8,0.7,1,0.8,24.0,64.6,1
CK-ML-10070,Sambhar,Dal & Lentils,Refrigerated (4-7C),Open Container,5.5,52.5,11.0,3,1.3,1.25,10.2,0
CK-ML-10071,Veg Biryani,Cooked Rice / Biryani,Insulated Hot Pot (>55C),Airtight Food Box,52.2,76.3,6.2,2,1.2,11.06,64.2,1
CK-ML-10072,White Bread Loaf,Bakery / Packaged Breads,Ambient Room Temp,Covered Degchi / Pot,31.9,47.1,6.7,1,0.5,5.71,46.1,1
CK-ML-10073,Sambhar,Dal & Lentils,Refrigerated (4-7C),Open Container,3.8,47.3,10.8,3,1.3,2.93,21.3,0
CK-ML-10074,Mixed Veg Curry,Cooked Curry / Gravy,Refrigerated (4-7C),Open Container,4.6,47.4,0.9,3,1.4,11.01,92.7,1
CK-ML-10075,Puri,Indian Breads (Roti/Naan),Ambient Room Temp,Covered Degchi / Pot,28.2,55.2,8.4,1,0.8,3.08,26.7,0
CK-ML-10076,Fruit Chaat,Raw Vegetables & Salad,Ambient Room Temp,Covered Degchi / Pot,36.8,34.2,7.4,2,1.1,0.0,0.0,0
CK-ML-10077,Dinner Rolls,Bakery / Packaged Breads,Ambient Room Temp,Covered Degchi / Pot,32.5,48.4,5.8,1,0.5,6.89,54.2,1
CK-ML-10078,Sprouts Salad,Raw Vegetables & Salad,Ambient Room Temp,Aluminium Foil Wrap,36.7,47.7,5.1,2,1.1,0.0,0.0,0
CK-ML-10079,Kadhai Paneer,Cooked Curry / Gravy,Ambient Room Temp,Open Container,36.3,34.5,6.7,3,1.4,0.0,0.0,0
CK-ML-10080,Dal Tadka,Dal & Lentils,Ambient Room Temp,Aluminium Foil Wrap,23.5,56.9,7.2,3,1.3,2.77,27.6,0
CK-ML-10081,Aloo Samosa,Fried Items (Samosa/Puri),Ambient Room Temp,Covered Degchi / Pot,27.7,75.0,7.5,1,0.7,6.79,47.6,1
CK-ML-10082,Jeera Rice,Cooked Rice / Biryani,Ambient Room Temp,Open Container,24.6,42.3,2.3,2,1.2,3.5,59.9,1
CK-ML-10083,Paneer Butter Masala,Cooked Curry / Gravy,Ambient Room Temp,Open Container,29.0,79.1,1.8,3,1.4,2.71,60.2,0
CK-ML-10084,Sprouts Salad,Raw Vegetables & Salad,Ambient Room Temp,Airtight Food Box,34.3,71.0,8.8,2,1.1,0.0,0.0,0
CK-ML-10085,Dal Tadka,Dal & Lentils,Refrigerated (4-7C),Covered Degchi / Pot,3.8,46.2,5.4,3,1.3,12.26,69.4,1
CK-ML-10086,Mixed Veg Curry,Cooked Curry / Gravy,Ambient Room Temp,Aluminium Foil Wrap,30.6,76.6,4.2,3,1.4,2.27,35.2,0
CK-ML-10087,Phulka Chapati,Indian Breads (Roti/Naan),Ambient Room Temp,Covered Degchi / Pot,31.3,40.1,8.4,1,0.8,1.12,11.8,0
CK-ML-10088,Gulab Jamun in Chashni,Dairy & Desserts,Refrigerated (4-7C),Airtight Food Box,4.8,76.6,11.9,3,1.6,10.61,47.1,1
CK-ML-10089,Pulao,Cooked Rice / Biryani,Refrigerated (4-7C),Open Container,5.6,72.1,2.1,2,1.2,11.65,84.7,1
CK-ML-10090,Kadhai Paneer,Cooked Curry / Gravy,Ambient Room Temp,Open Container,32.8,75.4,4.1,3,1.4,0.0,0.0,0
CK-ML-10091,Phulka Chapati,Indian Breads (Roti/Naan),Ambient Room Temp,Aluminium Foil Wrap,28.4,53.1,4.0,1,0.8,10.25,72.1,1
CK-ML-10092,Jeera Rice,Cooked Rice / Biryani,Ambient Room Temp,Covered Degchi / Pot,23.1,41.5,6.7,2,1.2,3.14,31.8,0
CK-ML-10093,Sambhar,Dal & Lentils,Ambient Room Temp,Aluminium Foil Wrap,24.4,69.7,7.6,3,1.3,3.26,29.9,0
CK-ML-10094,Gulab Jamun in Chashni,Dairy & Desserts,Ambient Room Temp,Covered Degchi / Pot,34.6,31.7,7.1,3,1.6,0.0,0.0,0
CK-ML-10095,Pakoda,Fried Items (Samosa/Puri),Ambient Room Temp,Aluminium Foil Wrap,31.1,48.9,5.8,1,0.7,6.54,53.2,1
CK-ML-10096,Chana Dal,Dal & Lentils,Refrigerated (4-7C),Open Container,6.2,62.1,8.5,3,1.3,5.44,39.1,0
CK-ML-10097,Butter Naan,Indian Breads (Roti/Naan),Refrigerated (4-7C),Covered Degchi / Pot,7.3,47.1,3.1,1,0.8,24.0,82.5,1
CK-ML-10098,Phulka Chapati,Indian Breads (Roti/Naan),Ambient Room Temp,Covered Degchi / Pot,32.4,30.9,10.5,1,0.8,0.0,0.0,0
CK-ML-10099,Fruit Buns,Bakery / Packaged Breads,Refrigerated (4-7C),Airtight Food Box,3.1,62.6,9.4,1,0.5,24.0,33.1,0
CK-ML-10100,Paneer Butter Masala,Cooked Curry / Gravy,Ambient Room Temp,Airtight Food Box,23.9,79.2,10.1,3,1.4,1.85,15.4,0
CK-ML-10101,Paneer Butter Masala,Cooked Curry / Gravy,Ambient Room Temp,Covered Degchi / Pot,25.9,60.4,4.9,3,1.4,2.71,35.8,0
CK-ML-10102,Rasgulla,Dairy & Desserts,Ambient Room Temp,Covered Degchi / Pot,31.1,76.0,4.5,3,1.6,0.12,2.6,0
CK-ML-10103,Veg Biryani,Cooked Rice / Biryani,Ambient Room Temp,Airtight Food Box,22.6,75.6,3.4,2,1.2,10.25,75.3,1
CK-ML-10104,Paneer Butter Masala,Cooked Curry / Gravy,Ambient Room Temp,Covered Degchi / Pot,32.7,30.7,8.1,3,1.4,0.0,0.0,0
CK-ML-10105,Dum Aloo,Cooked Curry / Gravy,Ambient Room Temp,Covered Degchi / Pot,36.6,56.8,2.6,3,1.4,0.28,9.7,0
CK-ML-10106,Sambhar,Dal & Lentils,Insulated Hot Pot (>55C),Open Container,53.1,39.5,0.9,3,1.3,6.02,86.8,1
CK-ML-10107,Sambhar,Dal & Lentils,Refrigerated (4-7C),Open Container,5.0,56.2,5.6,3,1.3,7.85,58.5,1
CK-ML-10108,Paneer Butter Masala,Cooked Curry / Gravy,Ambient Room Temp,Covered Degchi / Pot,34.8,43.6,10.8,3,1.4,0.0,0.0,0
CK-ML-10109,Dal Makhani,Dal & Lentils,Ambient Room Temp,Open Container,34.2,62.9,0.8,3,1.3,1.87,69.7,0
CK-ML-10110,Puri,Indian Breads (Roti/Naan),Ambient Room Temp,Covered Degchi / Pot,31.7,74.4,6.9,1,0.8,1.08,13.5,0
CK-ML-10111,Pakoda,Fried Items (Samosa/Puri),Refrigerated (4-7C),Open Container,6.9,71.5,5.1,1,0.7,18.5,78.5,1
CK-ML-10112,Veg Biryani,Cooked Rice / Biryani,Ambient Room Temp,Open Container,25.5,31.3,2.6,2,1.2,4.16,61.7,1
CK-ML-10113,Paratha,Indian Breads (Roti/Naan),Insulated Hot Pot (>55C),Aluminium Foil Wrap,59.4,46.8,10.0,1,0.8,10.88,52.1,1
CK-ML-10114,Sweet Lassi,Dairy & Desserts,Ambient Room Temp,Covered Degchi / Pot,29.4,44.7,11.4,3,1.6,0.0,0.0,0
CK-ML-10115,Aloo Samosa,Fried Items (Samosa/Puri),Ambient Room Temp,Airtight Food Box,37.2,70.0,5.4,1,0.7,5.29,49.5,1
CK-ML-10116,Pulao,Cooked Rice / Biryani,Ambient Room Temp,Covered Degchi / Pot,37.3,64.6,8.4,2,1.2,0.0,0.0,0
CK-ML-10117,Sweet Lassi,Dairy & Desserts,Ambient Room Temp,Aluminium Foil Wrap,23.1,50.3,6.2,3,1.6,2.09,25.2,0
CK-ML-10118,Chole Gravy,Cooked Curry / Gravy,Insulated Hot Pot (>55C),Airtight Food Box,59.0,60.0,8.1,3,1.4,6.83,45.6,1
CK-ML-10119,Kadhai Paneer,Cooked Curry / Gravy,Ambient Room Temp,Aluminium Foil Wrap,35.1,51.1,4.6,3,1.4,0.01,0.2,0
CK-ML-10120,Chole Gravy,Cooked Curry / Gravy,Ambient Room Temp,Covered Degchi / Pot,34.2,44.9,7.0,3,1.4,0.0,0.0,0
CK-ML-10121,Chana Dal,Dal & Lentils,Ambient Room Temp,Covered Degchi / Pot,31.2,38.1,10.2,3,1.3,0.0,0.0,0
CK-ML-10122,Dal Makhani,Dal & Lentils,Refrigerated (4-7C),Open Container,5.2,64.4,5.5,3,1.3,7.0,56.0,1
CK-ML-10123,Pulao,Cooked Rice / Biryani,Ambient Room Temp,Open Container,38.5,30.3,1.7,2,1.2,1.17,40.9,0
CK-ML-10124,White Bread Loaf,Bakery / Packaged Breads,Ambient Room Temp,Airtight Food Box,25.1,57.1,10.5,1,0.5,23.02,68.6,1
CK-ML-10125,Spring Roll,Fried Items (Samosa/Puri),Refrigerated (4-7C),Aluminium Foil Wrap,5.9,79.0,10.9,1,0.7,24.0,56.4,1
CK-ML-10126,Mixed Veg Curry,Cooked Curry / Gravy,Refrigerated (4-7C),Open Container,7.2,39.0,7.0,3,1.4,5.38,43.3,1
CK-ML-10127,Sprouts Salad,Raw Vegetables & Salad,Refrigerated (4-7C),Open Container,3.9,35.8,5.4,2,1.1,10.19,65.6,1
CK-ML-10128,Chole Gravy,Cooked Curry / Gravy,Refrigerated (4-7C),Covered Degchi / Pot,3.2,59.8,3.1,3,1.4,14.17,81.8,1
CK-ML-10129,Mixed Veg Curry,Cooked Curry / Gravy,Ambient Room Temp,Airtight Food Box,29.5,50.2,7.1,3,1.4,1.88,21.0,0
CK-ML-10130,Puri,Indian Breads (Roti/Naan),Insulated Hot Pot (>55C),Aluminium Foil Wrap,59.2,41.6,0.8,1,0.8,20.77,96.4,1
CK-ML-10131,Sprouts Salad,Raw Vegetables & Salad,Ambient Room Temp,Open Container,28.5,76.6,1.3,2,1.1,5.55,80.9,1
CK-ML-10132,Jeera Rice,Cooked Rice / Biryani,Ambient Room Temp,Aluminium Foil Wrap,29.2,66.9,3.2,2,1.2,5.18,61.4,1
CK-ML-10133,Mixed Veg Curry,Cooked Curry / Gravy,Ambient Room Temp,Covered Degchi / Pot,22.7,30.9,11.9,3,1.4,0.0,0.0,0
CK-ML-10134,Paratha,Indian Breads (Roti/Naan),Refrigerated (4-7C),Airtight Food Box,4.2,59.4,11.8,1,0.8,24.0,53.3,1
CK-ML-10135,Boiled Corn Salad,Raw Vegetables & Salad,Refrigerated (4-7C),Covered Degchi / Pot,3.8,79.6,3.2,2,1.1,18.54,85.4,1
CK-ML-10136,Puri,Indian Breads (Roti/Naan),Ambient Room Temp,Open Container,28.5,31.8,11.5,1,0.8,0.0,0.0,0
CK-ML-10137,Sweet Lassi,Dairy & Desserts,Insulated Hot Pot (>55C),Open Container,63.3,76.4,11.9,3,1.6,0.0,0.0,0
CK-ML-10138,Aloo Samosa,Fried Items (Samosa/Puri),Refrigerated (4-7C),Open Container,4.0,41.2,6.7,1,0.7,16.86,71.7,1
CK-ML-10139,Puri,Indian Breads (Roti/Naan),Insulated Hot Pot (>55C),Open Container,54.0,36.5,10.7,1,0.8,1.5,12.3,0
CK-ML-10140,Butter Naan,Indian Breads (Roti/Naan),Ambient Room Temp,Covered Degchi / Pot,22.1,64.8,1.1,1,0.8,13.18,92.5,1
CK-ML-10141,Chana Dal,Dal & Lentils,Refrigerated (4-7C),Open Container,3.3,72.6,6.2,3,1.3,7.74,55.5,1
CK-ML-10142,Rasgulla,Dairy & Desserts,Insulated Hot Pot (>55C),Covered Degchi / Pot,61.0,56.1,10.5,3,1.6,0.0,0.0,0
CK-ML-10143,Pulao,Cooked Rice / Biryani,Refrigerated (4-7C),Airtight Food Box,6.8,64.9,8.3,2,1.2,22.56,73.0,1
CK-ML-10144,Chole Gravy,Cooked Curry / Gravy,Ambient Room Temp,Airtight Food Box,36.9,30.3,9.9,3,1.4,0.0,0.0,0
CK-ML-10145,Veg Biryani,Cooked Rice / Biryani,Refrigerated (4-7C),Aluminium Foil Wrap,5.3,30.3,3.8,2,1.2,20.78,84.6,1
CK-ML-10146,Phulka Chapati,Indian Breads (Roti/Naan),Ambient Room Temp,Aluminium Foil Wrap,35.3,35.3,9.3,1,0.8,0.0,0.0,0
CK-ML-10147,Phulka Chapati,Indian Breads (Roti/Naan),Refrigerated (4-7C),Covered Degchi / Pot,7.2,35.1,11.3,1,0.8,18.29,61.9,1
CK-ML-10148,Jeera Rice,Cooked Rice / Biryani,Refrigerated (4-7C),Aluminium Foil Wrap,5.1,32.9,1.4,2,1.2,23.22,94.5,1
CK-ML-10149,Sweet Lassi,Dairy & Desserts,Refrigerated (4-7C),Covered Degchi / Pot,5.7,49.2,1.3,3,1.6,13.44,91.5,1
CK-ML-10150,Kheer / Payasam,Dairy & Desserts,Ambient Room Temp,Aluminium Foil Wrap,26.7,79.9,5.4,3,1.6,3.58,39.9,0
CK-ML-10151,Chana Dal,Dal & Lentils,Ambient Room Temp,Aluminium Foil Wrap,23.4,64.0,8.0,3,1.3,2.38,22.9,0
CK-ML-10152,Fruit Buns,Bakery / Packaged Breads,Insulated Hot Pot (>55C),Airtight Food Box,61.4,52.1,4.1,1,0.5,24.0,58.3,1
CK-ML-10153,Veg Biryani,Cooked Rice / Biryani,Ambient Room Temp,Open Container,33.1,48.4,10.4,2,1.2,0.0,0.0,0
CK-ML-10154,Paneer Butter Masala,Cooked Curry / Gravy,Ambient Room Temp,Open Container,29.7,56.5,0.7,3,1.4,3.3,82.4,1
CK-ML-10155,Paneer Tikka,Dairy & Desserts,Insulated Hot Pot (>55C),Open Container,59.2,69.8,6.0,3,1.6,0.0,0.0,0
CK-ML-10156,Jeera Rice,Cooked Rice / Biryani,Refrigerated (4-7C),Open Container,4.5,59.5,5.5,2,1.2,9.24,62.8,1
CK-ML-10157,White Bread Loaf,Bakery / Packaged Breads,Ambient Room Temp,Open Container,28.7,54.0,7.4,1,0.5,5.6,43.1,1
CK-ML-10158,Sprouts Salad,Raw Vegetables & Salad,Refrigerated (4-7C),Airtight Food Box,6.4,37.3,1.7,2,1.1,24.0,73.5,1
CK-ML-10159,Paratha,Indian Breads (Roti/Naan),Ambient Room Temp,Aluminium Foil Wrap,22.2,46.3,6.5,1,0.8,10.51,62.0,1
CK-ML-10160,Dum Aloo,Cooked Curry / Gravy,Ambient Room Temp,Covered Degchi / Pot,38.6,40.0,8.5,3,1.4,0.0,0.0,0
CK-ML-10161,Rasgulla,Dairy & Desserts,Ambient Room Temp,Open Container,32.8,65.3,0.9,3,1.6,2.52,74.4,0
CK-ML-10162,Sprouts Salad,Raw Vegetables & Salad,Refrigerated (4-7C),Aluminium Foil Wrap,5.8,54.2,8.1,2,1.1,18.77,69.9,1
CK-ML-10163,Phulka Chapati,Indian Breads (Roti/Naan),Ambient Room Temp,Aluminium Foil Wrap,22.7,38.2,5.5,1,0.8,11.78,68.0,1
CK-ML-10164,Tandoori Roti,Indian Breads (Roti/Naan),Ambient Room Temp,Airtight Food Box,38.6,46.8,2.6,1,0.8,5.99,69.8,1
CK-ML-10165,Kheer / Payasam,Dairy & Desserts,Ambient Room Temp,Open Container,33.1,46.6,6.7,3,1.6,0.0,0.0,0
CK-ML-10166,Chana Dal,Dal & Lentils,Ambient Room Temp,Open Container,26.4,53.1,10.5,3,1.3,0.0,0.0,0
CK-ML-10167,Spring Roll,Fried Items (Samosa/Puri),Refrigerated (4-7C),Aluminium Foil Wrap,6.3,68.4,6.3,1,0.7,24.0,56.6,1
CK-ML-10168,Phulka Chapati,Indian Breads (Roti/Naan),Ambient Room Temp,Aluminium Foil Wrap,36.8,75.0,5.3,1,0.8,2.92,35.3,0
CK-ML-10169,Pulao,Cooked Rice / Biryani,Ambient Room Temp,Covered Degchi / Pot,28.5,53.3,10.1,2,1.2,0.0,0.0,0
CK-ML-10170,Dal Tadka,Dal & Lentils,Insulated Hot Pot (>55C),Open Container,52.7,72.7,6.2,3,1.3,0.94,13.2,0
CK-ML-10171,Khichdi,Cooked Rice / Biryani,Ambient Room Temp,Covered Degchi / Pot,31.9,63.1,1.6,2,1.2,3.31,67.4,1
CK-ML-10172,Sambhar,Dal & Lentils,Ambient Room Temp,Aluminium Foil Wrap,35.1,36.5,11.7,3,1.3,0.0,0.0,0
CK-ML-10173,Sambhar,Dal & Lentils,Ambient Room Temp,Airtight Food Box,27.6,52.4,8.2,3,1.3,3.67,30.9,0
CK-ML-10174,Paratha,Indian Breads (Roti/Naan),Ambient Room Temp,Aluminium Foil Wrap,24.8,31.8,9.0,1,0.8,7.64,46.0,1
CK-ML-10175,Puri,Indian Breads (Roti/Naan),Refrigerated (4-7C),Aluminium Foil Wrap,5.0,73.2,6.9,1,0.8,24.0,65.7,1
CK-ML-10176,White Bread Loaf,Bakery / Packaged Breads,Insulated Hot Pot (>55C),Covered Degchi / Pot,50.6,36.1,5.7,1,0.5,21.52,79.1,1
CK-ML-10177,White Bread Loaf,Bakery / Packaged Breads,Ambient Room Temp,Open Container,33.7,49.9,6.0,1,0.5,1.33,18.1,0
CK-ML-10178,Yellow Dal,Dal & Lentils,Ambient Room Temp,Covered Degchi / Pot,24.3,37.2,11.3,3,1.3,0.0,0.0,0
CK-ML-10179,Veg Cutlet,Fried Items (Samosa/Puri),Refrigerated (4-7C),Open Container,3.7,41.7,11.6,1,0.7,12.74,52.4,1
CK-ML-10180,Dinner Rolls,Bakery / Packaged Breads,Ambient Room Temp,Aluminium Foil Wrap,32.5,73.4,7.1,1,0.5,7.73,52.2,1
CK-ML-10181,Paneer Butter Masala,Cooked Curry / Gravy,Refrigerated (4-7C),Aluminium Foil Wrap,4.0,62.9,5.0,3,1.4,15.66,75.7,1
CK-ML-10182,Phulka Chapati,Indian Breads (Roti/Naan),Ambient Room Temp,Aluminium Foil Wrap,36.7,79.7,9.2,1,0.8,0.0,0.0,0
CK-ML-10183,Paneer Butter Masala,Cooked Curry / Gravy,Refrigerated (4-7C),Open Container,6.4,76.3,5.5,3,1.4,6.78,55.1,1
CK-ML-10184,Jeera Rice,Cooked Rice / Biryani,Refrigerated (4-7C),Covered Degchi / Pot,5.7,58.2,4.9,2,1.2,14.8,75.2,1
CK-ML-10185,Tandoori Roti,Indian Breads (Roti/Naan),Ambient Room Temp,Open Container,25.9,33.7,7.4,1,0.8,2.75,27.0,0
CK-ML-10186,Sambhar,Dal & Lentils,Insulated Hot Pot (>55C),Covered Degchi / Pot,62.7,75.7,9.9,3,1.3,1.22,11.0,0
CK-ML-10187,Kadhai Paneer,Cooked Curry / Gravy,Ambient Room Temp,Covered Degchi / Pot,31.1,60.4,9.3,3,1.4,0.0,0.0,0
CK-ML-10188,White Bread Loaf,Bakery / Packaged Breads,Ambient Room Temp,Aluminium Foil Wrap,37.2,33.6,11.5,1,0.5,0.0,0.0,0
CK-ML-10189,Butter Naan,Indian Breads (Roti/Naan),Insulated Hot Pot (>55C),Open Container,55.3,35.1,6.1,1,0.8,5.56,47.7,1
CK-ML-10190,Khichdi,Cooked Rice / Biryani,Ambient Room Temp,Covered Degchi / Pot,32.4,65.8,3.6,2,1.2,1.18,24.5,0
CK-ML-10191,Dal Makhani,Dal & Lentils,Ambient Room Temp,Covered Degchi / Pot,36.6,70.0,2.6,3,1.3,1.34,33.8,0
CK-ML-10192,Dum Aloo,Cooked Curry / Gravy,Ambient Room Temp,Covered Degchi / Pot,35.9,48.7,6.6,3,1.4,0.0,0.0,0
CK-ML-10193,Kadhai Paneer,Cooked Curry / Gravy,Refrigerated (4-7C),Aluminium Foil Wrap,7.0,41.4,2.9,3,1.4,17.5,85.6,1
CK-ML-10194,Gulab Jamun in Chashni,Dairy & Desserts,Refrigerated (4-7C),Open Container,4.2,71.1,5.4,3,1.6,5.83,52.1,1
CK-ML-10195,Phulka Chapati,Indian Breads (Roti/Naan),Ambient Room Temp,Aluminium Foil Wrap,29.2,37.6,3.2,1,0.8,9.74,75.3,1
CK-ML-10196,Chana Dal,Dal & Lentils,Refrigerated (4-7C),Aluminium Foil Wrap,5.5,41.6,5.0,3,1.3,18.06,78.3,1
CK-ML-10197,Tandoori Roti,Indian Breads (Roti/Naan),Ambient Room Temp,Airtight Food Box,33.8,50.2,5.4,1,0.8,5.67,51.1,1
CK-ML-10198,Fruit Buns,Bakery / Packaged Breads,Refrigerated (4-7C),Aluminium Foil Wrap,4.5,75.3,9.4,1,0.5,24.0,40.5,1
CK-ML-10199,Steamed Rice,Cooked Rice / Biryani,Ambient Room Temp,Airtight Food Box,27.5,41.3,4.6,2,1.2,8.58,65.2,1
CK-ML-10200,Kadhai Paneer,Cooked Curry / Gravy,Refrigerated (4-7C),Open Container,4.2,59.6,8.3,3,1.4,3.37,28.8,0
CK-ML-10201,Veg Biryani,Cooked Rice / Biryani,Refrigerated (4-7C),Covered Degchi / Pot,7.5,63.1,6.9,2,1.2,12.81,64.9,1
CK-ML-10202,Dum Aloo,Cooked Curry / Gravy,Insulated Hot Pot (>55C),Open Container,59.5,67.7,2.5,3,1.4,5.09,67.4,1
CK-ML-10203,Dal Makhani,Dal & Lentils,Ambient Room Temp,Aluminium Foil Wrap,27.1,79.1,6.0,3,1.3,4.0,40.1,1
CK-ML-10204,Pav Buns,Bakery / Packaged Breads,Insulated Hot Pot (>55C),Airtight Food Box,58.1,72.1,6.5,1,0.5,24.0,57.8,1
CK-ML-10205,Phulka Chapati,Indian Breads (Roti/Naan),Insulated Hot Pot (>55C),Aluminium Foil Wrap,59.1,55.3,2.3,1,0.8,18.4,88.8,1
CK-ML-10206,Dal Tadka,Dal & Lentils,Ambient Room Temp,Airtight Food Box,27.2,49.8,5.6,3,1.3,6.54,53.7,1
CK-ML-10207,Butter Naan,Indian Breads (Roti/Naan),Ambient Room Temp,Aluminium Foil Wrap,31.6,49.6,6.3,1,0.8,4.36,41.0,1
CK-ML-10208,Phulka Chapati,Indian Breads (Roti/Naan),Refrigerated (4-7C),Airtight Food Box,6.6,45.2,1.4,1,0.8,24.0,53.8,1
CK-ML-10209,Dal Tadka,Dal & Lentils,Ambient Room Temp,Open Container,38.3,58.7,11.2,3,1.3,0.0,0.0,0
CK-ML-10210,Jeera Rice,Cooked Rice / Biryani,Refrigerated (4-7C),Aluminium Foil Wrap,3.8,55.1,5.1,2,1.2,20.47,80.1,1
CK-ML-10211,Kadhai Paneer,Cooked Curry / Gravy,Ambient Room Temp,Open Container,30.6,41.6,1.4,3,1.4,2.09,59.5,0
CK-ML-10212,Paratha,Indian Breads (Roti/Naan),Ambient Room Temp,Covered Degchi / Pot,32.9,40.8,7.6,1,0.8,0.0,0.0,0
CK-ML-10213,Butter Naan,Indian Breads (Roti/Naan),Ambient Room Temp,Covered Degchi / Pot,25.3,40.6,6.1,1,0.8,8.0,56.9,1
CK-ML-10214,Pulao,Cooked Rice / Biryani,Ambient Room Temp,Open Container,35.3,43.3,2.5,2,1.2,0.98,27.8,0
CK-ML-10215,Aloo Samosa,Fried Items (Samosa/Puri),Insulated Hot Pot (>55C),Covered Degchi / Pot,62.2,60.8,4.0,1,0.7,15.61,79.5,1
CK-ML-10216,Chana Dal,Dal & Lentils,Ambient Room Temp,Airtight Food Box,25.3,48.4,5.3,3,1.3,8.65,62.2,1
CK-ML-10217,Sweet Lassi,Dairy & Desserts,Insulated Hot Pot (>55C),Covered Degchi / Pot,53.7,36.7,5.3,3,1.6,3.34,38.6,0
CK-ML-10218,Spring Roll,Fried Items (Samosa/Puri),Ambient Room Temp,Open Container,26.1,78.8,9.7,1,0.7,1.97,16.9,0
CK-ML-10219,Fruit Buns,Bakery / Packaged Breads,Ambient Room Temp,Covered Degchi / Pot,33.0,55.0,3.6,1,0.5,8.2,69.7,1
CK-ML-10220,Butter Naan,Indian Breads (Roti/Naan),Ambient Room Temp,Covered Degchi / Pot,29.8,69.3,10.8,1,0.8,0.0,0.0,0
CK-ML-10221,White Bread Loaf,Bakery / Packaged Breads,Insulated Hot Pot (>55C),Aluminium Foil Wrap,62.1,33.8,3.7,1,0.5,24.0,71.5,1
CK-ML-10222,Paneer Tikka,Dairy & Desserts,Refrigerated (4-7C),Aluminium Foil Wrap,7.0,61.8,7.6,3,1.6,10.88,59.0,1
CK-ML-10223,Kadhai Paneer,Cooked Curry / Gravy,Refrigerated (4-7C),Open Container,5.3,64.0,1.0,3,1.4,11.12,91.9,1
CK-ML-10224,Chole Gravy,Cooked Curry / Gravy,Insulated Hot Pot (>55C),Open Container,61.1,47.7,3.9,3,1.4,2.77,41.5,0
CK-ML-10225,Pulao,Cooked Rice / Biryani,Ambient Room Temp,Aluminium Foil Wrap,25.0,34.9,8.1,2,1.2,2.97,26.8,0
CK-ML-10226,Dum Aloo,Cooked Curry / Gravy,Refrigerated (4-7C),Airtight Food Box,4.0,78.8,8.2,3,1.4,18.18,69.0,1
CK-ML-10227,Dum Aloo,Cooked Curry / Gravy,Refrigerated (4-7C),Aluminium Foil Wrap,5.9,56.5,1.0,3,1.4,20.6,95.4,1
CK-ML-10228,Kachori,Fried Items (Samosa/Puri),Ambient Room Temp,Open Container,23.9,59.9,1.6,1,0.7,10.27,86.6,1
CK-ML-10229,Khichdi,Cooked Rice / Biryani,Ambient Room Temp,Covered Degchi / Pot,26.7,76.4,8.3,2,1.2,0.81,8.9,0
CK-ML-10230,Pav Buns,Bakery / Packaged Breads,Insulated Hot Pot (>55C),Aluminium Foil Wrap,62.7,75.9,3.4,1,0.5,24.0,71.4,1
CK-ML-10231,Spring Roll,Fried Items (Samosa/Puri),Refrigerated (4-7C),Airtight Food Box,5.5,39.0,1.1,1,0.7,24.0,45.8,1
CK-ML-10232,Khichdi,Cooked Rice / Biryani,Ambient Room Temp,Open Container,24.2,66.3,9.9,2,1.2,0.0,0.0,0
CK-ML-10233,Pulao,Cooked Rice / Biryani,Ambient Room Temp,Open Container,29.0,67.9,9.0,2,1.2,0.0,0.0,0
CK-ML-10234,Dum Aloo,Cooked Curry / Gravy,Refrigerated (4-7C),Aluminium Foil Wrap,3.7,53.1,0.6,3,1.4,20.49,97.1,1
CK-ML-10235,Steamed Rice,Cooked Rice / Biryani,Ambient Room Temp,Airtight Food Box,25.3,74.0,8.1,2,1.2,6.46,44.5,1
CK-ML-10236,Kheer / Payasam,Dairy & Desserts,Ambient Room Temp,Open Container,35.3,57.7,0.6,3,1.6,1.44,72.0,0
CK-ML-10237,Kachori,Fried Items (Samosa/Puri),Ambient Room Temp,Aluminium Foil Wrap,38.3,48.4,4.3,1,0.7,3.02,41.5,1
CK-ML-10238,Cucumber Tomato Salad,Raw Vegetables & Salad,Ambient Room Temp,Open Container,32.9,69.0,3.0,2,1.1,0.51,14.5,0
CK-ML-10239,Kadhai Paneer,Cooked Curry / Gravy,Ambient Room Temp,Open Container,22.5,38.3,2.6,3,1.4,2.41,48.3,0
CK-ML-10240,Cucumber Tomato Salad,Raw Vegetables & Salad,Ambient Room Temp,Aluminium Foil Wrap,31.9,58.1,6.9,2,1.1,0.0,0.0,0
CK-ML-10241,Phulka Chapati,Indian Breads (Roti/Naan),Refrigerated (4-7C),Covered Degchi / Pot,3.1,46.1,7.8,1,0.8,22.11,73.9,1
CK-ML-10242,Veg Cutlet,Fried Items (Samosa/Puri),Refrigerated (4-7C),Aluminium Foil Wrap,5.3,52.0,2.2,1,0.7,24.0,57.6,1
CK-ML-10243,Jeera Rice,Cooked Rice / Biryani,Ambient Room Temp,Open Container,32.2,66.8,12.0,2,1.2,0.0,0.0,0
CK-ML-10244,Yellow Dal,Dal & Lentils,Ambient Room Temp,Covered Degchi / Pot,33.7,79.6,9.1,3,1.3,0.0,0.0,0
CK-ML-10245,Veg Cutlet,Fried Items (Samosa/Puri),Ambient Room Temp,Covered Degchi / Pot,28.2,46.7,0.8,1,0.7,12.8,94.1,1
CK-ML-10246,Steamed Rice,Cooked Rice / Biryani,Insulated Hot Pot (>55C),Open Container,53.4,48.8,5.8,2,1.2,1.48,20.3,0
CK-ML-10247,Chana Dal,Dal & Lentils,Ambient Room Temp,Covered Degchi / Pot,24.3,34.0,8.9,3,1.3,0.0,0.0,0
CK-ML-10248,Aloo Samosa,Fried Items (Samosa/Puri),Refrigerated (4-7C),Open Container,3.6,67.6,8.1,1,0.7,15.88,66.3,1
CK-ML-10249,Pav Buns,Bakery / Packaged Breads,Ambient Room Temp,Covered Degchi / Pot,22.6,43.8,3.7,1,0.5,18.0,83.1,1
CK-ML-10250,Paneer Tikka,Dairy & Desserts,Insulated Hot Pot (>55C),Open Container,50.7,61.0,7.0,3,1.6,0.0,0.0,0
CK-ML-10251,Veg Biryani,Cooked Rice / Biryani,Ambient Room Temp,Covered Degchi / Pot,37.3,31.1,8.1,2,1.2,0.0,0.0,0
CK-ML-10252,Pav Buns,Bakery / Packaged Breads,Refrigerated (4-7C),Aluminium Foil Wrap,5.8,54.7,11.8,1,0.5,24.0,40.7,1
CK-ML-10253,Mixed Veg Curry,Cooked Curry / Gravy,Ambient Room Temp,Open Container,27.2,77.4,11.6,3,1.4,0.0,0.0,0
CK-ML-10254,Paneer Butter Masala,Cooked Curry / Gravy,Ambient Room Temp,Covered Degchi / Pot,36.6,66.1,1.3,3,1.4,2.7,67.9,0
CK-ML-10255,Aloo Samosa,Fried Items (Samosa/Puri),Ambient Room Temp,Aluminium Foil Wrap,36.4,51.4,2.1,1,0.7,5.75,73.0,1
CK-ML-10256,Chole Gravy,Cooked Curry / Gravy,Ambient Room Temp,Aluminium Foil Wrap,23.1,55.6,9.8,3,1.4,0.24,2.4,0
CK-ML-10257,Sambhar,Dal & Lentils,Ambient Room Temp,Aluminium Foil Wrap,26.4,38.2,4.3,3,1.3,6.25,59.2,1
CK-ML-10258,Steamed Rice,Cooked Rice / Biryani,Ambient Room Temp,Aluminium Foil Wrap,26.3,77.3,6.9,2,1.2,5.08,42.2,1
CK-ML-10259,Aloo Samosa,Fried Items (Samosa/Puri),Ambient Room Temp,Open Container,29.9,75.5,6.7,1,0.7,0.8,10.7,0
CK-ML-10260,Tandoori Roti,Indian Breads (Roti/Naan),Ambient Room Temp,Covered Degchi / Pot,29.5,39.8,2.6,1,0.8,7.53,74.0,1
CK-ML-10261,Dum Aloo,Cooked Curry / Gravy,Ambient Room Temp,Aluminium Foil Wrap,32.8,69.9,5.1,3,1.4,0.31,5.8,0
CK-ML-10262,Dum Aloo,Cooked Curry / Gravy,Ambient Room Temp,Covered Degchi / Pot,32.4,48.2,10.8,3,1.4,0.0,0.0,0
CK-ML-10263,Paneer Butter Masala,Cooked Curry / Gravy,Ambient Room Temp,Covered Degchi / Pot,28.2,66.6,9.9,3,1.4,0.0,0.0,0
CK-ML-10264,Dinner Rolls,Bakery / Packaged Breads,Refrigerated (4-7C),Airtight Food Box,5.3,78.4,5.3,1,0.5,24.0,33.1,0
CK-ML-10265,White Bread Loaf,Bakery / Packaged Breads,Ambient Room Temp,Aluminium Foil Wrap,39.0,79.0,8.0,1,0.5,2.19,21.4,0
CK-ML-10266,Dum Aloo,Cooked Curry / Gravy,Insulated Hot Pot (>55C),Aluminium Foil Wrap,51.2,66.6,2.7,3,1.4,9.04,77.3,1
CK-ML-10267,Paneer Tikka,Dairy & Desserts,Ambient Room Temp,Airtight Food Box,34.9,79.4,10.9,3,1.6,0.0,0.0,0
CK-ML-10268,Pulao,Cooked Rice / Biryani,Ambient Room Temp,Airtight Food Box,26.2,35.6,1.5,2,1.2,13.01,89.6,1
CK-ML-10269,Pakoda,Fried Items (Samosa/Puri),Ambient Room Temp,Open Container,29.7,67.4,8.0,1,0.7,0.0,0.0,0
CK-ML-10270,Kheer / Payasam,Dairy & Desserts,Ambient Room Temp,Aluminium Foil Wrap,22.5,67.0,1.7,3,1.6,7.31,81.0,1
CK-ML-10271,Khichdi,Cooked Rice / Biryani,Ambient Room Temp,Aluminium Foil Wrap,33.1,79.6,1.3,2,1.2,4.63,77.6,1
CK-ML-10272,Fruit Chaat,Raw Vegetables & Salad,Ambient Room Temp,Covered Degchi / Pot,22.6,45.2,8.0,2,1.1,1.8,18.4,0
CK-ML-10273,Fruit Buns,Bakery / Packaged Breads,Refrigerated (4-7C),Open Container,3.3,74.9,8.0,1,0.5,24.0,71.8,1
CK-ML-10274,Khichdi,Cooked Rice / Biryani,Ambient Room Temp,Covered Degchi / Pot,29.0,70.1,6.0,2,1.2,0.68,10.2,0
CK-ML-10275,Mixed Veg Curry,Cooked Curry / Gravy,Ambient Room Temp,Airtight Food Box,34.0,78.6,10.0,3,1.4,0.0,0.0,0
CK-ML-10276,Pav Buns,Bakery / Packaged Breads,Ambient Room Temp,Aluminium Foil Wrap,36.1,44.1,10.5,1,0.5,1.53,12.7,0
CK-ML-10277,Kadhai Paneer,Cooked Curry / Gravy,Ambient Room Temp,Covered Degchi / Pot,26.1,30.6,5.9,3,1.4,2.32,28.2,0
CK-ML-10278,Pulao,Cooked Rice / Biryani,Ambient Room Temp,Aluminium Foil Wrap,23.1,73.9,10.6,2,1.2,0.14,1.3,0
CK-ML-10279,Jeera Rice,Cooked Rice / Biryani,Refrigerated (4-7C),Airtight Food Box,5.4,71.9,3.8,2,1.2,24.0,80.9,1
CK-ML-10280,Sweet Lassi,Dairy & Desserts,Ambient Room Temp,Covered Degchi / Pot,36.1,59.9,1.8,3,1.6,0.98,35.0,0
CK-ML-10281,Kadhai Paneer,Cooked Curry / Gravy,Insulated Hot Pot (>55C),Open Container,51.0,77.8,0.8,3,1.4,5.86,88.1,1
CK-ML-10282,Sprouts Salad,Raw Vegetables & Salad,Refrigerated (4-7C),Aluminium Foil Wrap,7.0,52.2,7.5,2,1.1,19.34,72.1,1
CK-ML-10283,Paratha,Indian Breads (Roti/Naan),Refrigerated (4-7C),Aluminium Foil Wrap,6.0,36.6,3.2,1,0.8,24.0,65.9,1
CK-ML-10284,Dal Makhani,Dal & Lentils,Refrigerated (4-7C),Covered Degchi / Pot,3.3,42.7,4.7,3,1.3,13.27,74.0,1
CK-ML-10285,Dal Tadka,Dal & Lentils,Ambient Room Temp,Airtight Food Box,30.0,52.5,5.9,3,1.3,2.95,33.2,0
CK-ML-10286,Yellow Dal,Dal & Lentils,Ambient Room Temp,Open Container,22.1,30.4,3.0,3,1.3,3.89,56.3,1
CK-ML-10287,Dum Aloo,Cooked Curry / Gravy,Ambient Room Temp,Covered Degchi / Pot,29.5,40.9,5.1,3,1.4,0.55,9.8,0
CK-ML-10288,Sweet Lassi,Dairy & Desserts,Ambient Room Temp,Covered Degchi / Pot,36.9,54.7,8.6,3,1.6,0.0,0.0,0
CK-ML-10289,White Bread Loaf,Bakery / Packaged Breads,Ambient Room Temp,Airtight Food Box,28.6,66.5,10.6,1,0.5,16.3,60.5,1
CK-ML-10290,Tandoori Roti,Indian Breads (Roti/Naan),Insulated Hot Pot (>55C),Aluminium Foil Wrap,62.3,30.1,7.8,1,0.8,13.52,63.4,1
CK-ML-10291,Kadhai Paneer,Cooked Curry / Gravy,Ambient Room Temp,Aluminium Foil Wrap,36.8,42.8,8.2,3,1.4,0.0,0.0,0
CK-ML-10292,Dum Aloo,Cooked Curry / Gravy,Insulated Hot Pot (>55C),Covered Degchi / Pot,56.1,46.1,9.1,3,1.4,1.03,10.1,0
CK-ML-10293,Chana Dal,Dal & Lentils,Ambient Room Temp,Aluminium Foil Wrap,32.1,30.5,7.8,3,1.3,0.0,0.0,0
CK-ML-10294,Boiled Corn Salad,Raw Vegetables & Salad,Refrigerated (4-7C),Aluminium Foil Wrap,5.4,71.5,11.9,2,1.1,15.13,56.0,1
CK-ML-10295,Gulab Jamun in Chashni,Dairy & Desserts,Ambient Room Temp,Covered Degchi / Pot,30.3,58.9,1.0,3,1.6,3.77,79.0,1
CK-ML-10296,Jeera Rice,Cooked Rice / Biryani,Ambient Room Temp,Open Container,36.5,50.2,1.4,2,1.2,0.96,40.9,0
CK-ML-10297,Phulka Chapati,Indian Breads (Roti/Naan),Ambient Room Temp,Covered Degchi / Pot,28.5,52.5,7.2,1,0.8,4.03,36.0,0
CK-ML-10298,Boiled Corn Salad,Raw Vegetables & Salad,Refrigerated (4-7C),Covered Degchi / Pot,6.2,64.4,4.8,2,1.1,16.92,77.9,1
CK-ML-10299,Kadhai Paneer,Cooked Curry / Gravy,Ambient Room Temp,Aluminium Foil Wrap,35.0,77.3,4.4,3,1.4,0.0,0.0,0
CK-ML-10300,Chole Gravy,Cooked Curry / Gravy,Ambient Room Temp,Covered Degchi / Pot,33.5,60.3,4.7,3,1.4,0.0,0.0,0
CK-ML-10301,Khichdi,Cooked Rice / Biryani,Ambient Room Temp,Covered Degchi / Pot,24.8,78.6,3.1,2,1.2,6.09,66.1,1
CK-ML-10302,Mixed Veg Curry,Cooked Curry / Gravy,Ambient Room Temp,Open Container,28.6,38.0,0.8,3,1.4,3.94,83.8,1
CK-ML-10303,Spring Roll,Fried Items (Samosa/Puri),Insulated Hot Pot (>55C),Covered Degchi / Pot,51.7,77.8,4.1,1,0.7,15.41,78.9,1
CK-ML-10304,Gulab Jamun in Chashni,Dairy & Desserts,Refrigerated (4-7C),Open Container,3.7,31.5,11.7,3,1.6,0.0,0.0,0
CK-ML-10305,Spring Roll,Fried Items (Samosa/Puri),Ambient Room Temp,Open Container,31.2,68.1,10.1,1,0.7,0.0,0.0,0
CK-ML-10306,Pulao,Cooked Rice / Biryani,Ambient Room Temp,Open Container,33.5,41.8,10.1,2,1.2,0.0,0.0,0
CK-ML-10307,Tandoori Roti,Indian Breads (Roti/Naan),Ambient Room Temp,Covered Degchi / Pot,29.5,61.3,6.1,1,0.8,4.12,40.2,1
CK-ML-10308,Phulka Chapati,Indian Breads (Roti/Naan),Refrigerated (4-7C),Covered Degchi / Pot,3.7,72.6,8.7,1,0.8,21.43,71.2,1
CK-ML-10309,Fruit Chaat,Raw Vegetables & Salad,Insulated Hot Pot (>55C),Airtight Food Box,60.8,56.7,10.5,2,1.1,8.53,44.8,1
CK-ML-10310,Paneer Butter Masala,Cooked Curry / Gravy,Ambient Room Temp,Aluminium Foil Wrap,22.6,78.5,11.4,3,1.4,0.0,0.0,0
CK-ML-10311,Yellow Dal,Dal & Lentils,Insulated Hot Pot (>55C),Covered Degchi / Pot,58.8,48.8,3.8,3,1.3,6.93,64.7,1
CK-ML-10312,Sambhar,Dal & Lentils,Ambient Room Temp,Airtight Food Box,34.3,74.7,5.7,3,1.3,0.31,5.1,0
CK-ML-10313,Yellow Dal,Dal & Lentils,Ambient Room Temp,Aluminium Foil Wrap,38.9,33.0,0.5,3,1.3,2.79,83.8,0
CK-ML-10314,Pulao,Cooked Rice / Biryani,Ambient Room Temp,Covered Degchi / Pot,32.7,76.3,0.7,2,1.2,4.76,86.9,1
CK-ML-10315,Chana Dal,Dal & Lentils,Insulated Hot Pot (>55C),Open Container,57.9,61.6,7.9,3,1.3,0.0,0.0,0
CK-ML-10316,Aloo Samosa,Fried Items (Samosa/Puri),Insulated Hot Pot (>55C),Aluminium Foil Wrap,53.0,79.7,1.5,1,0.7,22.87,93.7,1
CK-ML-10317,Chole Gravy,Cooked Curry / Gravy,Refrigerated (4-7C),Aluminium Foil Wrap,6.3,37.1,9.2,3,1.4,12.11,56.9,1
CK-ML-10318,Kachori,Fried Items (Samosa/Puri),Ambient Room Temp,Aluminium Foil Wrap,28.8,66.2,3.7,1,0.7,12.29,76.8,1
CK-ML-10319,Pakoda,Fried Items (Samosa/Puri),Ambient Room Temp,Covered Degchi / Pot,35.7,77.4,1.3,1,0.7,5.7,81.1,1
CK-ML-10320,Jeera Rice,Cooked Rice / Biryani,Refrigerated (4-7C),Covered Degchi / Pot,6.2,32.5,1.3,2,1.2,18.74,93.3,1
CK-ML-10321,Yellow Dal,Dal & Lentils,Ambient Room Temp,Airtight Food Box,27.0,37.6,3.6,3,1.3,9.46,72.6,1
CK-ML-10322,Gulab Jamun in Chashni,Dairy & Desserts,Insulated Hot Pot (>55C),Aluminium Foil Wrap,59.1,47.9,7.9,3,1.6,2.41,23.3,0
CK-ML-10323,Paneer Butter Masala,Cooked Curry / Gravy,Insulated Hot Pot (>55C),Aluminium Foil Wrap,56.8,71.1,6.9,3,1.4,5.29,43.5,1
CK-ML-10324,Yellow Dal,Dal & Lentils,Ambient Room Temp,Covered Degchi / Pot,31.6,36.0,11.0,3,1.3,0.0,0.0,0
CK-ML-10325,Kachori,Fried Items (Samosa/Puri),Ambient Room Temp,Covered Degchi / Pot,24.3,61.5,1.1,1,0.7,14.33,92.7,1
CK-ML-10326,Mixed Veg Curry,Cooked Curry / Gravy,Refrigerated (4-7C),Aluminium Foil Wrap,5.7,74.8,7.2,3,1.4,14.24,66.4,1
CK-ML-10327,Chana Dal,Dal & Lentils,Ambient Room Temp,Airtight Food Box,37.8,71.3,2.0,3,1.3,3.54,64.0,1
CK-ML-10328,Phulka Chapati,Indian Breads (Roti/Naan),Ambient Room Temp,Airtight Food Box,37.5,48.9,11.6,1,0.8,0.0,0.0,0
CK-ML-10329,Mixed Veg Curry,Cooked Curry / Gravy,Ambient Room Temp,Open Container,37.8,72.2,8.3,3,1.4,0.0,0.0,0
CK-ML-10330,Cucumber Tomato Salad,Raw Vegetables & Salad,Refrigerated (4-7C),Airtight Food Box,7.3,65.1,3.9,2,1.1,24.0,73.1,1
CK-ML-10331,Chole Gravy,Cooked Curry / Gravy,Insulated Hot Pot (>55C),Aluminium Foil Wrap,51.6,54.9,4.9,3,1.4,7.04,58.8,1
CK-ML-10332,Chole Gravy,Cooked Curry / Gravy,Ambient Room Temp,Covered Degchi / Pot,35.0,50.8,10.0,3,1.4,0.0,0.0,0
CK-ML-10333,Gulab Jamun in Chashni,Dairy & Desserts,Ambient Room Temp,Aluminium Foil Wrap,37.0,40.8,8.3,3,1.6,0.0,0.0,0
CK-ML-10334,Dum Aloo,Cooked Curry / Gravy,Ambient Room Temp,Aluminium Foil Wrap,33.0,49.8,8.7,3,1.4,0.0,0.0,0
CK-ML-10335,Dum Aloo,Cooked Curry / Gravy,Ambient Room Temp,Open Container,33.3,71.2,9.5,3,1.4,0.0,0.0,0
CK-ML-10336,Spring Roll,Fried Items (Samosa/Puri),Ambient Room Temp,Covered Degchi / Pot,22.3,36.2,5.3,1,0.7,10.57,66.8,1
CK-ML-10337,Dal Makhani,Dal & Lentils,Ambient Room Temp,Airtight Food Box,34.3,73.9,1.0,3,1.3,5.94,85.9,1
CK-ML-10338,Dal Makhani,Dal & Lentils,Insulated Hot Pot (>55C),Covered Degchi / Pot,51.9,30.8,9.4,3,1.3,0.88,8.6,0
CK-ML-10339,Rasgulla,Dairy & Desserts,Ambient Room Temp,Open Container,27.6,47.1,9.0,3,1.6,0.0,0.0,0
CK-ML-10340,Butter Naan,Indian Breads (Roti/Naan),Ambient Room Temp,Aluminium Foil Wrap,36.9,63.8,6.8,1,0.8,0.0,0.0,0
CK-ML-10341,Gulab Jamun in Chashni,Dairy & Desserts,Ambient Room Temp,Covered Degchi / Pot,24.6,75.0,8.7,3,1.6,0.0,0.0,0
CK-ML-10342,Yellow Dal,Dal & Lentils,Ambient Room Temp,Covered Degchi / Pot,38.3,77.1,9.5,3,1.3,0.0,0.0,0
CK-ML-10343,Pav Buns,Bakery / Packaged Breads,Ambient Room Temp,Aluminium Foil Wrap,35.2,40.2,8.8,1,0.5,4.05,31.4,0
CK-ML-10344,Kheer / Payasam,Dairy & Desserts,Ambient Room Temp,Covered Degchi / Pot,35.8,61.8,5.0,3,1.6,0.0,0.0,0
CK-ML-10345,Butter Naan,Indian Breads (Roti/Naan),Insulated Hot Pot (>55C),Aluminium Foil Wrap,55.1,66.2,6.7,1,0.8,14.37,68.2,1
CK-ML-10346,Veg Cutlet,Fried Items (Samosa/Puri),Refrigerated (4-7C),Open Container,5.0,36.7,11.5,1,0.7,12.33,51.7,1
CK-ML-10347,Chana Dal,Dal & Lentils,Insulated Hot Pot (>55C),Airtight Food Box,59.3,76.4,9.2,3,1.3,6.23,40.3,1
CK-ML-10348,Sambhar,Dal & Lentils,Ambient Room Temp,Open Container,25.6,32.5,10.2,3,1.3,0.0,0.0,0
CK-ML-10349,White Bread Loaf,Bakery / Packaged Breads,Ambient Room Temp,Covered Degchi / Pot,33.2,35.4,7.8,1,0.5,2.86,26.8,0
CK-ML-10350,Pav Buns,Bakery / Packaged Breads,Ambient Room Temp,Covered Degchi / Pot,29.4,59.7,1.3,1,0.5,15.05,91.8,1
CK-ML-10351,Phulka Chapati,Indian Breads (Roti/Naan),Refrigerated (4-7C),Open Container,6.3,47.8,8.5,1,0.8,12.68,59.8,1
CK-ML-10352,Fruit Buns,Bakery / Packaged Breads,Ambient Room Temp,Open Container,34.2,42.4,7.9,1,0.5,0.0,0.0,0
CK-ML-10353,Butter Naan,Indian Breads (Roti/Naan),Refrigerated (4-7C),Airtight Food Box,6.8,60.2,10.1,1,0.8,24.0,53.0,1
CK-ML-10354,Butter Naan,Indian Breads (Roti/Naan),Refrigerated (4-7C),Open Container,3.8,55.7,9.8,1,0.8,11.71,54.4,1
CK-ML-10355,Pulao,Cooked Rice / Biryani,Ambient Room Temp,Open Container,33.3,35.9,3.8,2,1.2,0.0,0.0,0
CK-ML-10356,Fruit Buns,Bakery / Packaged Breads,Ambient Room Temp,Covered Degchi / Pot,32.8,34.5,0.9,1,0.5,11.14,92.7,1
CK-ML-10357,Chole Gravy,Cooked Curry / Gravy,Refrigerated (4-7C),Covered Degchi / Pot,7.5,49.3,7.1,3,1.4,10.35,59.3,1
CK-ML-10358,Sprouts Salad,Raw Vegetables & Salad,Ambient Room Temp,Airtight Food Box,30.6,41.0,0.9,2,1.1,9.09,90.6,1
CK-ML-10359,Paneer Butter Masala,Cooked Curry / Gravy,Refrigerated (4-7C),Open Container,4.0,51.6,8.8,3,1.4,2.46,21.9,0
CK-ML-10360,Pulao,Cooked Rice / Biryani,Ambient Room Temp,Covered Degchi / Pot,37.2,77.3,10.8,2,1.2,0.0,0.0,0
CK-ML-10361,Yellow Dal,Dal & Lentils,Insulated Hot Pot (>55C),Aluminium Foil Wrap,58.2,40.2,3.4,3,1.3,9.79,74.0,1
CK-ML-10362,Paneer Butter Masala,Cooked Curry / Gravy,Ambient Room Temp,Covered Degchi / Pot,37.0,53.0,1.6,3,1.4,1.02,39.1,0
CK-ML-10363,Sweet Lassi,Dairy & Desserts,Refrigerated (4-7C),Aluminium Foil Wrap,4.6,71.2,6.4,3,1.6,11.7,64.5,1
CK-ML-10364,Steamed Rice,Cooked Rice / Biryani,Ambient Room Temp,Open Container,35.0,30.0,5.3,2,1.2,0.0,0.0,0
CK-ML-10365,Chana Dal,Dal & Lentils,Ambient Room Temp,Aluminium Foil Wrap,25.5,30.5,5.5,3,1.3,4.73,46.1,1
CK-ML-10366,Kachori,Fried Items (Samosa/Puri),Refrigerated (4-7C),Aluminium Foil Wrap,4.9,45.1,4.2,1,0.7,24.0,57.7,1
CK-ML-10367,Pakoda,Fried Items (Samosa/Puri),Ambient Room Temp,Covered Degchi / Pot,27.7,80.0,5.2,1,0.7,9.41,64.5,1
CK-ML-10368,Tandoori Roti,Indian Breads (Roti/Naan),Ambient Room Temp,Covered Degchi / Pot,34.8,31.0,3.6,1,0.8,2.63,42.2,0
CK-ML-10369,Dal Makhani,Dal & Lentils,Ambient Room Temp,Airtight Food Box,26.5,60.1,3.9,3,1.3,9.48,70.8,1
CK-ML-10370,Paneer Butter Masala,Cooked Curry / Gravy,Ambient Room Temp,Aluminium Foil Wrap,38.5,52.4,2.3,3,1.4,1.68,42.0,0
CK-ML-10371,Chole Gravy,Cooked Curry / Gravy,Ambient Room Temp,Aluminium Foil Wrap,24.1,72.5,4.5,3,1.4,5.14,53.5,1
CK-ML-10372,Puri,Indian Breads (Roti/Naan),Refrigerated (4-7C),Airtight Food Box,6.3,58.1,11.4,1,0.8,24.0,53.0,1
CK-ML-10373,Sambhar,Dal & Lentils,Ambient Room Temp,Covered Degchi / Pot,28.6,75.3,0.7,3,1.3,6.09,89.9,1
CK-ML-10374,Gulab Jamun in Chashni,Dairy & Desserts,Ambient Room Temp,Airtight Food Box,26.0,65.2,9.9,3,1.6,0.79,7.4,0
CK-ML-10375,Tandoori Roti,Indian Breads (Roti/Naan),Ambient Room Temp,Covered Degchi / Pot,27.3,54.1,1.9,1,0.8,11.55,86.1,1
CK-ML-10376,Paratha,Indian Breads (Roti/Naan),Insulated Hot Pot (>55C),Covered Degchi / Pot,60.1,69.8,3.4,1,0.8,13.71,80.2,1
CK-ML-10377,Butter Naan,Indian Breads (Roti/Naan),Insulated Hot Pot (>55C),Airtight Food Box,59.4,42.4,2.4,1,0.8,23.14,90.7,1
CK-ML-10378,Dal Makhani,Dal & Lentils,Insulated Hot Pot (>55C),Covered Degchi / Pot,59.1,42.4,4.6,3,1.3,5.7,55.4,1
CK-ML-10379,Paneer Butter Masala,Cooked Curry / Gravy,Ambient Room Temp,Aluminium Foil Wrap,23.0,48.7,11.4,3,1.4,0.0,0.0,0
CK-ML-10380,Butter Naan,Indian Breads (Roti/Naan),Refrigerated (4-7C),Aluminium Foil Wrap,7.5,46.3,11.3,1,0.8,24.0,64.5,1
CK-ML-10381,Boiled Corn Salad,Raw Vegetables & Salad,Ambient Room Temp,Open Container,25.0,78.5,1.8,2,1.1,5.89,76.5,1
CK-ML-10382,Aloo Samosa,Fried Items (Samosa/Puri),Ambient Room Temp,Open Container,23.3,60.3,6.4,1,0.7,4.45,40.8,1
CK-ML-10383,Veg Cutlet,Fried Items (Samosa/Puri),Refrigerated (4-7C),Covered Degchi / Pot,7.4,60.2,1.4,1,0.7,24.0,71.0,1
CK-ML-10384,Paratha,Indian Breads (Roti/Naan),Ambient Room Temp,Open Container,32.9,65.2,4.8,1,0.8,0.39,7.5,0
CK-ML-10385,Tandoori Roti,Indian Breads (Roti/Naan),Refrigerated (4-7C),Aluminium Foil Wrap,4.4,43.6,7.4,1,0.8,24.0,65.5,1
CK-ML-10386,Phulka Chapati,Indian Breads (Roti/Naan),Ambient Room Temp,Covered Degchi / Pot,32.7,49.3,11.3,1,0.8,0.0,0.0,0
CK-ML-10387,Butter Naan,Indian Breads (Roti/Naan),Ambient Room Temp,Airtight Food Box,36.3,39.4,8.2,1,0.8,0.84,9.3,0
CK-ML-10388,Chole Gravy,Cooked Curry / Gravy,Refrigerated (4-7C),Open Container,6.9,70.9,6.4,3,1.4,5.53,46.4,1
CK-ML-10389,Sambhar,Dal & Lentils,Refrigerated (4-7C),Covered Degchi / Pot,5.9,42.1,8.7,3,1.3,9.74,52.8,1
CK-ML-10390,Paneer Butter Masala,Cooked Curry / Gravy,Ambient Room Temp,Open Container,26.2,33.1,5.8,3,1.4,0.02,0.3,0
CK-ML-10391,Veg Cutlet,Fried Items (Samosa/Puri),Ambient Room Temp,Covered Degchi / Pot,28.3,46.7,10.7,1,0.7,2.54,19.2,0
CK-ML-10392,Pulao,Cooked Rice / Biryani,Refrigerated (4-7C),Aluminium Foil Wrap,6.3,56.1,1.3,2,1.2,22.25,94.5,1
CK-ML-10393,Jeera Rice,Cooked Rice / Biryani,Refrigerated (4-7C),Open Container,4.5,73.3,11.0,2,1.2,2.81,20.3,0
CK-ML-10394,Fruit Chaat,Raw Vegetables & Salad,Ambient Room Temp,Aluminium Foil Wrap,29.5,62.5,11.3,2,1.1,0.0,0.0,0
CK-ML-10395,Mixed Veg Curry,Cooked Curry / Gravy,Refrigerated (4-7C),Covered Degchi / Pot,5.7,40.1,7.3,3,1.4,9.39,56.3,1
CK-ML-10396,Dum Aloo,Cooked Curry / Gravy,Refrigerated (4-7C),Open Container,4.8,62.8,3.5,3,1.4,7.54,68.4,1
CK-ML-10397,Kadhai Paneer,Cooked Curry / Gravy,Ambient Room Temp,Open Container,33.3,74.1,9.9,3,1.4,0.0,0.0,0
CK-ML-10398,Khichdi,Cooked Rice / Biryani,Ambient Room Temp,Airtight Food Box,31.4,42.7,9.0,2,1.2,0.0,0.0,0
CK-ML-10399,Paneer Butter Masala,Cooked Curry / Gravy,Ambient Room Temp,Aluminium Foil Wrap,35.8,69.3,7.8,3,1.4,0.0,0.0,0
CK-ML-10400,Jeera Rice,Cooked Rice / Biryani,Ambient Room Temp,Open Container,31.4,55.2,2.7,2,1.2,0.95,25.8,0
CK-ML-10401,Rasgulla,Dairy & Desserts,Ambient Room Temp,Airtight Food Box,29.9,50.7,0.7,3,1.6,6.71,91.2,1
CK-ML-10402,Yellow Dal,Dal & Lentils,Ambient Room Temp,Open Container,24.8,30.1,8.8,3,1.3,0.0,0.0,0
CK-ML-10403,Veg Cutlet,Fried Items (Samosa/Puri),Ambient Room Temp,Covered Degchi / Pot,27.9,50.7,8.9,1,0.7,5.57,38.4,0
CK-ML-10404,Mixed Veg Curry,Cooked Curry / Gravy,Ambient Room Temp,Aluminium Foil Wrap,23.0,49.6,3.2,3,1.4,7.29,69.5,1
CK-ML-10405,Khichdi,Cooked Rice / Biryani,Insulated Hot Pot (>55C),Covered Degchi / Pot,56.2,67.7,10.5,2,1.2,0.47,4.3,0
CK-ML-10406,Spring Roll,Fried Items (Samosa/Puri),Ambient Room Temp,Covered Degchi / Pot,36.8,61.6,6.6,1,0.7,0.64,8.8,0
CK-ML-10407,Paneer Butter Masala,Cooked Curry / Gravy,Insulated Hot Pot (>55C),Covered Degchi / Pot,56.6,79.0,6.4,3,1.4,3.44,35.0,0
CK-ML-10408,Phulka Chapati,Indian Breads (Roti/Naan),Ambient Room Temp,Covered Degchi / Pot,22.3,69.6,1.3,1,0.8,12.35,90.5,1
CK-ML-10409,Chana Dal,Dal & Lentils,Refrigerated (4-7C),Aluminium Foil Wrap,4.1,30.5,8.8,3,1.3,14.29,61.8,1
CK-ML-10410,Gulab Jamun in Chashni,Dairy & Desserts,Ambient Room Temp,Covered Degchi / Pot,35.5,52.6,2.6,3,1.6,0.57,17.9,0
CK-ML-10411,Sweet Lassi,Dairy & Desserts,Ambient Room Temp,Covered Degchi / Pot,29.0,62.4,0.7,3,1.6,4.35,86.4,1
CK-ML-10412,Dum Aloo,Cooked Curry / Gravy,Refrigerated (4-7C),Open Container,6.8,57.3,11.8,3,1.4,0.0,0.0,0
CK-ML-10413,Chana Dal,Dal & Lentils,Ambient Room Temp,Aluminium Foil Wrap,39.0,58.0,4.2,3,1.3,0.0,0.0,0
CK-ML-10414,Pulao,Cooked Rice / Biryani,Ambient Room Temp,Aluminium Foil Wrap,28.3,32.3,4.5,2,1.2,4.61,50.4,1
CK-ML-10415,Pav Buns,Bakery / Packaged Breads,Refrigerated (4-7C),Open Container,5.2,30.3,9.8,1,0.5,23.96,71.1,1
CK-ML-10416,Paneer Butter Masala,Cooked Curry / Gravy,Refrigerated (4-7C),Covered Degchi / Pot,6.4,70.2,6.5,3,1.4,11.15,63.3,1
CK-ML-10417,Kadhai Paneer,Cooked Curry / Gravy,Refrigerated (4-7C),Open Container,4.7,63.1,4.5,3,1.4,7.07,61.2,1
CK-ML-10418,Pulao,Cooked Rice / Biryani,Refrigerated (4-7C),Covered Degchi / Pot,6.8,57.1,9.2,2,1.2,10.47,53.2,1
CK-ML-10419,Steamed Rice,Cooked Rice / Biryani,Ambient Room Temp,Aluminium Foil Wrap,25.4,45.7,3.3,2,1.2,7.95,70.8,1
CK-ML-10420,Boiled Corn Salad,Raw Vegetables & Salad,Ambient Room Temp,Aluminium Foil Wrap,31.9,36.7,5.6,2,1.1,1.11,16.5,0
CK-ML-10421,Dal Makhani,Dal & Lentils,Refrigerated (4-7C),Covered Degchi / Pot,4.2,77.0,7.8,3,1.3,10.02,56.2,1
CK-ML-10422,Mixed Veg Curry,Cooked Curry / Gravy,Refrigerated (4-7C),Covered Degchi / Pot,6.7,33.2,9.4,3,1.4,7.21,43.3,1
CK-ML-10423,Paneer Tikka,Dairy & Desserts,Refrigerated (4-7C),Aluminium Foil Wrap,3.7,40.9,5.8,3,1.6,12.31,67.8,1
CK-ML-10424,Fruit Chaat,Raw Vegetables & Salad,Ambient Room Temp,Covered Degchi / Pot,33.3,46.2,10.8,2,1.1,0.0,0.0,0
CK-ML-10425,Boiled Corn Salad,Raw Vegetables & Salad,Ambient Room Temp,Aluminium Foil Wrap,33.3,34.7,9.1,2,1.1,0.0,0.0,0
CK-ML-10426,Dinner Rolls,Bakery / Packaged Breads,Ambient Room Temp,Airtight Food Box,34.7,70.3,10.4,1,0.5,6.07,36.9,0
CK-ML-10427,Dinner Rolls,Bakery / Packaged Breads,Ambient Room Temp,Covered Degchi / Pot,27.4,78.1,10.8,1,0.5,10.01,48.2,1
CK-ML-10428,Dum Aloo,Cooked Curry / Gravy,Ambient Room Temp,Aluminium Foil Wrap,22.2,68.2,7.7,3,1.4,2.52,24.7,0
CK-ML-10429,Pakoda,Fried Items (Samosa/Puri),Insulated Hot Pot (>55C),Open Container,56.2,50.1,5.0,1,0.7,8.8,63.8,1
CK-ML-10430,Veg Cutlet,Fried Items (Samosa/Puri),Ambient Room Temp,Aluminium Foil Wrap,25.9,59.8,11.2,1,0.7,8.08,42.0,1
CK-ML-10431,Dinner Rolls,Bakery / Packaged Breads,Refrigerated (4-7C),Aluminium Foil Wrap,5.1,52.2,6.2,1,0.5,24.0,40.8,1
CK-ML-10432,Pav Buns,Bakery / Packaged Breads,Ambient Room Temp,Open Container,33.5,63.9,4.8,1,0.5,3.77,44.1,1
CK-ML-10433,White Bread Loaf,Bakery / Packaged Breads,Ambient Room Temp,Aluminium Foil Wrap,33.0,78.7,1.3,1,0.5,14.09,91.5,1
CK-ML-10434,Gulab Jamun in Chashni,Dairy & Desserts,Refrigerated (4-7C),Open Container,5.0,63.4,10.1,3,1.6,0.51,4.8,0
CK-ML-10435,Dum Aloo,Cooked Curry / Gravy,Ambient Room Temp,Aluminium Foil Wrap,24.9,52.7,5.7,3,1.4,4.25,42.6,1
CK-ML-10436,Phulka Chapati,Indian Breads (Roti/Naan),Ambient Room Temp,Covered Degchi / Pot,31.7,43.9,11.1,1,0.8,0.0,0.0,0
CK-ML-10437,Paratha,Indian Breads (Roti/Naan),Ambient Room Temp,Covered Degchi / Pot,22.5,51.2,1.5,1,0.8,12.71,89.6,1
CK-ML-10438,Sprouts Salad,Raw Vegetables & Salad,Ambient Room Temp,Covered Degchi / Pot,38.6,64.2,4.8,2,1.1,0.0,0.0,0
CK-ML-10439,Gulab Jamun in Chashni,Dairy & Desserts,Ambient Room Temp,Airtight Food Box,37.3,61.1,11.7,3,1.6,0.0,0.0,0
CK-ML-10440,Dum Aloo,Cooked Curry / Gravy,Ambient Room Temp,Covered Degchi / Pot,28.7,63.5,10.8,3,1.4,0.0,0.0,0
CK-ML-10441,Pulao,Cooked Rice / Biryani,Ambient Room Temp,Aluminium Foil Wrap,24.9,53.7,1.1,2,1.2,10.73,90.4,1
CK-ML-10442,White Bread Loaf,Bakery / Packaged Breads,Ambient Room Temp,Airtight Food Box,26.7,69.9,4.3,1,0.5,24.0,73.2,1
CK-ML-10443,Khichdi,Cooked Rice / Biryani,Ambient Room Temp,Aluminium Foil Wrap,28.0,45.1,11.7,2,1.2,0.0,0.0,0
CK-ML-10444,Mixed Veg Curry,Cooked Curry / Gravy,Ambient Room Temp,Covered Degchi / Pot,32.6,43.7,6.1,3,1.4,0.0,0.0,0
CK-ML-10445,Mixed Veg Curry,Cooked Curry / Gravy,Ambient Room Temp,Aluminium Foil Wrap,29.1,52.9,8.8,3,1.4,0.0,0.0,0
CK-ML-10446,Veg Cutlet,Fried Items (Samosa/Puri),Ambient Room Temp,Covered Degchi / Pot,36.3,79.5,10.7,1,0.7,0.0,0.0,0
CK-ML-10447,Pulao,Cooked Rice / Biryani,Ambient Room Temp,Covered Degchi / Pot,33.2,58.0,8.4,2,1.2,0.0,0.0,0
CK-ML-10448,Paneer Tikka,Dairy & Desserts,Ambient Room Temp,Covered Degchi / Pot,37.4,74.5,9.9,3,1.6,0.0,0.0,0
CK-ML-10449,Chana Dal,Dal & Lentils,Ambient Room Temp,Covered Degchi / Pot,33.0,41.5,6.9,3,1.3,0.0,0.0,0
CK-ML-10450,Dum Aloo,Cooked Curry / Gravy,Insulated Hot Pot (>55C),Open Container,57.4,50.3,10.9,3,1.4,0.0,0.0,0
CK-ML-10451,Tandoori Roti,Indian Breads (Roti/Naan),Ambient Room Temp,Aluminium Foil Wrap,38.0,74.7,4.4,1,0.8,2.48,36.2,0
CK-ML-10452,Khichdi,Cooked Rice / Biryani,Ambient Room Temp,Aluminium Foil Wrap,25.7,73.7,3.4,2,1.2,8.66,72.0,1
CK-ML-10453,Steamed Rice,Cooked Rice / Biryani,Refrigerated (4-7C),Aluminium Foil Wrap,3.2,48.8,3.2,2,1.2,21.49,87.2,1
CK-ML-10454,Mixed Veg Curry,Cooked Curry / Gravy,Insulated Hot Pot (>55C),Open Container,64.2,60.5,11.1,3,1.4,0.0,0.0,0
CK-ML-10455,Sweet Lassi,Dairy & Desserts,Ambient Room Temp,Covered Degchi / Pot,34.9,37.7,6.1,3,1.6,0.0,0.0,0
CK-ML-10456,Fruit Buns,Bakery / Packaged Breads,Refrigerated (4-7C),Covered Degchi / Pot,5.1,63.7,9.3,1,0.5,24.0,51.0,1
CK-ML-10457,Paneer Butter Masala,Cooked Curry / Gravy,Refrigerated (4-7C),Covered Degchi / Pot,7.1,55.5,6.3,3,1.4,9.9,61.2,1
CK-ML-10458,Gulab Jamun in Chashni,Dairy & Desserts,Refrigerated (4-7C),Aluminium Foil Wrap,4.0,46.8,5.9,3,1.6,13.21,69.3,1
CK-ML-10459,Aloo Samosa,Fried Items (Samosa/Puri),Ambient Room Temp,Aluminium Foil Wrap,24.9,49.0,9.7,1,0.7,10.36,51.6,1
CK-ML-10460,Paneer Butter Masala,Cooked Curry / Gravy,Ambient Room Temp,Open Container,36.6,71.8,11.2,3,1.4,0.0,0.0,0
CK-ML-10461,Steamed Rice,Cooked Rice / Biryani,Ambient Room Temp,Aluminium Foil Wrap,23.5,44.1,5.3,2,1.2,5.66,51.6,1
CK-ML-10462,Pulao,Cooked Rice / Biryani,Ambient Room Temp,Aluminium Foil Wrap,33.1,39.6,3.9,2,1.2,1.68,30.1,0
CK-ML-10463,Puri,Indian Breads (Roti/Naan),Refrigerated (4-7C),Airtight Food Box,4.2,44.1,11.6,1,0.8,24.0,52.3,1
CK-ML-10464,Pav Buns,Bakery / Packaged Breads,Ambient Room Temp,Covered Degchi / Pot,27.3,72.5,1.5,1,0.5,20.19,93.0,1
CK-ML-10465,White Bread Loaf,Bakery / Packaged Breads,Ambient Room Temp,Airtight Food Box,28.3,76.4,1.2,1,0.5,24.0,85.8,1
CK-ML-10466,White Bread Loaf,Bakery / Packaged Breads,Ambient Room Temp,Airtight Food Box,22.1,33.0,10.9,1,0.5,23.01,67.8,1
CK-ML-10467,Phulka Chapati,Indian Breads (Roti/Naan),Ambient Room Temp,Open Container,24.0,77.1,9.5,1,0.8,0.67,6.6,0
CK-ML-10468,Veg Biryani,Cooked Rice / Biryani,Ambient Room Temp,Airtight Food Box,34.9,44.8,3.9,2,1.2,2.64,40.1,0
CK-ML-10469,Paneer Butter Masala,Cooked Curry / Gravy,Insulated Hot Pot (>55C),Aluminium Foil Wrap,59.1,73.2,10.0,3,1.4,2.02,16.9,0
CK-ML-10470,Kadhai Paneer,Cooked Curry / Gravy,Ambient Room Temp,Covered Degchi / Pot,32.1,51.7,2.4,3,1.4,1.64,40.7,0
CK-ML-10471,Kadhai Paneer,Cooked Curry / Gravy,Ambient Room Temp,Covered Degchi / Pot,25.7,30.8,7.2,3,1.4,1.47,17.0,0
CK-ML-10472,Dal Tadka,Dal & Lentils,Ambient Room Temp,Covered Degchi / Pot,36.1,70.0,1.7,3,1.3,2.09,55.1,0
CK-ML-10473,Puri,Indian Breads (Roti/Naan),Insulated Hot Pot (>55C),Open Container,53.2,33.4,7.3,1,0.8,4.83,39.7,0
CK-ML-10474,Mixed Veg Curry,Cooked Curry / Gravy,Refrigerated (4-7C),Aluminium Foil Wrap,5.5,42.3,5.4,3,1.4,16.46,75.4,1
CK-ML-10475,Rasgulla,Dairy & Desserts,Ambient Room Temp,Covered Degchi / Pot,22.9,32.6,8.5,3,1.6,0.0,0.0,0
CK-ML-10476,Tandoori Roti,Indian Breads (Roti/Naan),Refrigerated (4-7C),Open Container,7.0,67.3,1.4,1,0.8,19.53,93.4,1
CK-ML-10477,Boiled Corn Salad,Raw Vegetables & Salad,Refrigerated (4-7C),Covered Degchi / Pot,4.5,40.5,1.5,2,1.1,19.55,93.0,1
CK-ML-10478,Sweet Lassi,Dairy & Desserts,Refrigerated (4-7C),Covered Degchi / Pot,6.5,43.8,2.8,3,1.6,10.89,79.2,1
CK-ML-10479,Kadhai Paneer,Cooked Curry / Gravy,Refrigerated (4-7C),Airtight Food Box,5.4,31.6,6.0,3,1.4,19.57,76.6,1
CK-ML-10480,Phulka Chapati,Indian Breads (Roti/Naan),Insulated Hot Pot (>55C),Covered Degchi / Pot,62.7,41.2,3.3,1,0.8,13.62,80.7,1
CK-ML-10481,Sambhar,Dal & Lentils,Refrigerated (4-7C),Open Container,5.9,41.6,8.3,3,1.3,4.33,34.2,0
CK-ML-10482,Sprouts Salad,Raw Vegetables & Salad,Ambient Room Temp,Open Container,29.0,63.8,8.1,2,1.1,0.0,0.0,0
CK-ML-10483,Dum Aloo,Cooked Curry / Gravy,Ambient Room Temp,Covered Degchi / Pot,37.4,37.8,3.0,3,1.4,0.88,22.5,0
CK-ML-10484,Chole Gravy,Cooked Curry / Gravy,Ambient Room Temp,Covered Degchi / Pot,36.2,32.5,5.8,3,1.4,0.0,0.0,0
CK-ML-10485,Steamed Rice,Cooked Rice / Biryani,Ambient Room Temp,Aluminium Foil Wrap,34.8,56.6,8.3,2,1.2,0.0,0.0,0
CK-ML-10486,Sweet Lassi,Dairy & Desserts,Ambient Room Temp,Aluminium Foil Wrap,38.0,41.9,1.7,3,1.6,1.37,44.0,0
CK-ML-10487,Veg Cutlet,Fried Items (Samosa/Puri),Ambient Room Temp,Aluminium Foil Wrap,30.7,45.4,7.1,1,0.7,5.53,43.8,1
CK-ML-10488,Pulao,Cooked Rice / Biryani,Refrigerated (4-7C),Aluminium Foil Wrap,4.5,41.7,2.9,2,1.2,21.54,88.0,1
CK-ML-10489,Kheer / Payasam,Dairy & Desserts,Ambient Room Temp,Airtight Food Box,35.3,43.3,11.9,3,1.6,0.0,0.0,0
CK-ML-10490,Tandoori Roti,Indian Breads (Roti/Naan),Ambient Room Temp,Covered Degchi / Pot,25.4,33.3,10.7,1,0.8,2.98,21.8,0
CK-ML-10491,Yellow Dal,Dal & Lentils,Ambient Room Temp,Covered Degchi / Pot,24.7,38.5,5.3,3,1.3,3.35,38.7,0
CK-ML-10492,Mixed Veg Curry,Cooked Curry / Gravy,Refrigerated (4-7C),Covered Degchi / Pot,3.2,38.0,4.4,3,1.4,12.74,74.5,1
CK-ML-10493,Chole Gravy,Cooked Curry / Gravy,Refrigerated (4-7C),Open Container,7.4,36.8,3.2,3,1.4,8.6,73.1,1
CK-ML-10494,Paneer Butter Masala,Cooked Curry / Gravy,Insulated Hot Pot (>55C),Open Container,61.0,77.3,9.5,3,1.4,0.0,0.0,0
CK-ML-10495,Veg Biryani,Cooked Rice / Biryani,Ambient Room Temp,Covered Degchi / Pot,38.6,57.2,3.7,2,1.2,0.0,0.0,0
CK-ML-10496,Fruit Chaat,Raw Vegetables & Salad,Ambient Room Temp,Covered Degchi / Pot,23.6,50.5,2.4,2,1.1,8.04,77.2,1
CK-ML-10497,Jeera Rice,Cooked Rice / Biryani,Refrigerated (4-7C),Open Container,7.2,34.8,5.7,2,1.2,8.66,60.4,1
CK-ML-10498,Mixed Veg Curry,Cooked Curry / Gravy,Insulated Hot Pot (>55C),Aluminium Foil Wrap,61.4,66.4,6.1,3,1.4,5.78,48.8,1
CK-ML-10499,Kachori,Fried Items (Samosa/Puri),Ambient Room Temp,Open Container,35.7,68.0,2.3,1,0.7,2.52,52.6,0
CK-ML-10500,Veg Biryani,Cooked Rice / Biryani,Ambient Room Temp,Open Container,28.7,64.9,2.7,2,1.2,2.25,45.2,0
CK-ML-10501,Puri,Indian Breads (Roti/Naan),Ambient Room Temp,Covered Degchi / Pot,27.3,36.1,1.8,1,0.8,11.81,86.9,1
CK-ML-10502,Paneer Tikka,Dairy & Desserts,Refrigerated (4-7C),Aluminium Foil Wrap,4.8,37.8,9.0,3,1.6,9.52,51.4,1
CK-ML-10503,Veg Biryani,Cooked Rice / Biryani,Insulated Hot Pot (>55C),Open Container,50.5,52.2,6.3,2,1.2,2.19,25.8,0
CK-ML-10504,Sambhar,Dal & Lentils,Refrigerated (4-7C),Airtight Food Box,5.0,52.3,7.6,3,1.3,20.1,72.5,1
CK-ML-10505,Puri,Indian Breads (Roti/Naan),Ambient Room Temp,Covered Degchi / Pot,24.2,35.0,7.4,1,0.8,5.71,43.4,1
CK-ML-10506,Sambhar,Dal & Lentils,Ambient Room Temp,Airtight Food Box,25.6,68.3,3.4,3,1.3,9.65,73.9,1
CK-ML-10507,Boiled Corn Salad,Raw Vegetables & Salad,Ambient Room Temp,Open Container,23.6,78.2,2.1,2,1.1,4.63,69.2,1
CK-ML-10508,Mixed Veg Curry,Cooked Curry / Gravy,Ambient Room Temp,Aluminium Foil Wrap,32.6,67.4,3.0,3,1.4,2.25,42.7,0
CK-ML-10509,Kadhai Paneer,Cooked Curry / Gravy,Refrigerated (4-7C),Aluminium Foil Wrap,3.2,66.7,4.4,3,1.4,16.89,79.3,1
CK-ML-10510,Khichdi,Cooked Rice / Biryani,Refrigerated (4-7C),Open Container,6.6,72.1,6.1,2,1.2,7.93,56.7,1
CK-ML-10511,Pakoda,Fried Items (Samosa/Puri),Ambient Room Temp,Covered Degchi / Pot,27.0,63.2,11.6,1,0.7,4.76,29.1,0
CK-ML-10512,Dal Tadka,Dal & Lentils,Refrigerated (4-7C),Covered Degchi / Pot,3.6,70.0,10.4,3,1.3,8.66,45.4,1
CK-ML-10513,Dum Aloo,Cooked Curry / Gravy,Refrigerated (4-7C),Airtight Food Box,6.5,79.7,7.5,3,1.4,18.89,71.7,1
CK-ML-10514,Butter Naan,Indian Breads (Roti/Naan),Refrigerated (4-7C),Covered Degchi / Pot,3.4,76.2,4.2,1,0.8,24.0,81.2,1
CK-ML-10515,Dum Aloo,Cooked Curry / Gravy,Refrigerated (4-7C),Covered Degchi / Pot,5.5,47.1,2.0,3,1.4,15.04,88.0,1
CK-ML-10516,Dum Aloo,Cooked Curry / Gravy,Ambient Room Temp,Aluminium Foil Wrap,27.1,74.6,0.7,3,1.4,9.24,93.3,1
CK-ML-10517,Khichdi,Cooked Rice / Biryani,Ambient Room Temp,Covered Degchi / Pot,31.2,72.6,11.5,2,1.2,0.0,0.0,0
CK-ML-10518,Paneer Butter Masala,Cooked Curry / Gravy,Refrigerated (4-7C),Covered Degchi / Pot,7.4,41.3,5.0,3,1.4,13.12,72.5,1
CK-ML-10519,Yellow Dal,Dal & Lentils,Ambient Room Temp,Open Container,38.8,52.2,6.6,3,1.3,0.0,0.0,0
CK-ML-10520,Jeera Rice,Cooked Rice / Biryani,Refrigerated (4-7C),Covered Degchi / Pot,6.1,45.8,2.0,2,1.2,17.94,89.8,1
CK-ML-10521,Butter Naan,Indian Breads (Roti/Naan),Ambient Room Temp,Aluminium Foil Wrap,31.7,42.8,9.7,1,0.8,0.48,4.7,0
CK-ML-10522,Tandoori Roti,Indian Breads (Roti/Naan),Ambient Room Temp,Covered Degchi / Pot,32.5,72.5,2.8,1,0.8,4.92,64.1,1
CK-ML-10523,Mixed Veg Curry,Cooked Curry / Gravy,Ambient Room Temp,Covered Degchi / Pot,27.1,43.9,9.4,3,1.4,0.0,0.0,0
CK-ML-10524,Dinner Rolls,Bakery / Packaged Breads,Ambient Room Temp,Covered Degchi / Pot,32.8,71.0,1.0,1,0.5,11.25,92.0,1
CK-ML-10525,Yellow Dal,Dal & Lentils,Refrigerated (4-7C),Covered Degchi / Pot,7.0,70.5,7.2,3,1.3,10.78,59.9,1
CK-ML-10526,Puri,Indian Breads (Roti/Naan),Refrigerated (4-7C),Airtight Food Box,6.5,46.9,11.3,1,0.8,24.0,52.1,1
CK-ML-10527,Chana Dal,Dal & Lentils,Ambient Room Temp,Covered Degchi / Pot,35.0,65.1,4.3,3,1.3,0.0,0.0,0
CK-ML-10528,Veg Cutlet,Fried Items (Samosa/Puri),Insulated Hot Pot (>55C),Covered Degchi / Pot,53.8,36.0,7.2,1,0.7,12.86,64.0,1
CK-ML-10529,Pav Buns,Bakery / Packaged Breads,Ambient Room Temp,Aluminium Foil Wrap,23.3,38.3,1.2,1,0.5,24.0,89.2,1
CK-ML-10530,Dum Aloo,Cooked Curry / Gravy,Ambient Room Temp,Covered Degchi / Pot,37.0,50.7,5.0,3,1.4,0.0,0.0,0
CK-ML-10531,Paratha,Indian Breads (Roti/Naan),Ambient Room Temp,Covered Degchi / Pot,29.1,66.5,2.1,1,0.8,8.41,80.3,1
CK-ML-10532,Steamed Rice,Cooked Rice / Biryani,Insulated Hot Pot (>55C),Open Container,54.5,38.1,8.3,2,1.2,0.0,0.0,0
CK-ML-10533,Dum Aloo,Cooked Curry / Gravy,Ambient Room Temp,Open Container,31.4,59.8,10.5,3,1.4,0.0,0.0,0
CK-ML-10534,Rasgulla,Dairy & Desserts,Refrigerated (4-7C),Covered Degchi / Pot,5.7,37.4,2.5,3,1.6,12.76,83.7,1
CK-ML-10535,Fruit Chaat,Raw Vegetables & Salad,Ambient Room Temp,Open Container,32.1,34.0,11.3,2,1.1,0.0,0.0,0
CK-ML-10536,Kheer / Payasam,Dairy & Desserts,Insulated Hot Pot (>55C),Aluminium Foil Wrap,55.4,45.3,2.7,3,1.6,8.35,75.3,1
CK-ML-10537,Phulka Chapati,Indian Breads (Roti/Naan),Ambient Room Temp,Airtight Food Box,28.7,60.2,9.7,1,0.8,6.28,39.3,0
CK-ML-10538,Pav Buns,Bakery / Packaged Breads,Ambient Room Temp,Aluminium Foil Wrap,35.8,77.5,0.8,1,0.5,10.98,93.6,1
CK-ML-10539,White Bread Loaf,Bakery / Packaged Breads,Ambient Room Temp,Open Container,31.6,47.6,7.5,1,0.5,1.78,19.1,0
CK-ML-10540,Chana Dal,Dal & Lentils,Refrigerated (4-7C),Airtight Food Box,3.9,52.1,2.8,3,1.3,24.0,86.0,1
CK-ML-10541,Veg Biryani,Cooked Rice / Biryani,Ambient Room Temp,Aluminium Foil Wrap,36.0,61.6,9.5,2,1.2,0.0,0.0,0
CK-ML-10542,Pav Buns,Bakery / Packaged Breads,Ambient Room Temp,Open Container,22.2,53.9,0.7,1,0.5,15.56,95.5,1
CK-ML-10543,Sweet Lassi,Dairy & Desserts,Refrigerated (4-7C),Aluminium Foil Wrap,5.4,41.3,8.2,3,1.6,10.17,55.5,1
CK-ML-10544,Chole Gravy,Cooked Curry / Gravy,Ambient Room Temp,Aluminium Foil Wrap,32.2,49.3,10.3,3,1.4,0.0,0.0,0
CK-ML-10545,Dinner Rolls,Bakery / Packaged Breads,Refrigerated (4-7C),Covered Degchi / Pot,3.7,55.3,1.2,1,0.5,24.0,50.4,1
CK-ML-10546,Tandoori Roti,Indian Breads (Roti/Naan),Insulated Hot Pot (>55C),Covered Degchi / Pot,50.7,34.9,1.0,1,0.8,15.7,94.0,1
CK-ML-10547,Paneer Butter Masala,Cooked Curry / Gravy,Ambient Room Temp,Aluminium Foil Wrap,38.1,72.1,3.9,3,1.4,0.0,0.0,0
CK-ML-10548,Pulao,Cooked Rice / Biryani,Refrigerated (4-7C),Aluminium Foil Wrap,3.2,76.4,1.5,2,1.2,23.0,93.7,1
CK-ML-10549,Pulao,Cooked Rice / Biryani,Refrigerated (4-7C),Open Container,5.9,50.5,6.1,2,1.2,7.72,55.7,1
CK-ML-10550,Jeera Rice,Cooked Rice / Biryani,Insulated Hot Pot (>55C),Open Container,59.0,66.4,4.1,2,1.2,3.85,48.3,1
CK-ML-10551,Chana Dal,Dal & Lentils,Ambient Room Temp,Open Container,32.5,40.4,7.3,3,1.3,0.0,0.0,0
CK-ML-10552,Sweet Lassi,Dairy & Desserts,Ambient Room Temp,Covered Degchi / Pot,35.3,79.6,3.3,3,1.6,0.0,0.0,0
CK-ML-10553,Sprouts Salad,Raw Vegetables & Salad,Ambient Room Temp,Aluminium Foil Wrap,32.7,67.0,7.5,2,1.1,0.0,0.0,0
CK-ML-10554,Aloo Samosa,Fried Items (Samosa/Puri),Refrigerated (4-7C),Aluminium Foil Wrap,6.9,33.0,8.5,1,0.7,24.0,56.7,1
CK-ML-10555,Chole Gravy,Cooked Curry / Gravy,Refrigerated (4-7C),Covered Degchi / Pot,5.8,58.4,1.2,3,1.4,16.33,93.2,1
CK-ML-10556,Fruit Buns,Bakery / Packaged Breads,Insulated Hot Pot (>55C),Open Container,63.2,75.4,11.9,1,0.5,7.55,38.8,0
CK-ML-10557,Pulao,Cooked Rice / Biryani,Ambient Room Temp,Aluminium Foil Wrap,29.1,47.9,7.3,2,1.2,0.94,11.4,0
CK-ML-10558,Sambhar,Dal & Lentils,Ambient Room Temp,Covered Degchi / Pot,34.6,31.3,4.6,3,1.3,0.0,0.0,0
CK-ML-10559,Paneer Tikka,Dairy & Desserts,Ambient Room Temp,Aluminium Foil Wrap,34.7,50.6,2.8,3,1.6,0.88,24.2,0
CK-ML-10560,Yellow Dal,Dal & Lentils,Ambient Room Temp,Covered Degchi / Pot,32.2,55.7,3.8,3,1.3,1.08,22.1,0
CK-ML-10561,Chole Gravy,Cooked Curry / Gravy,Refrigerated (4-7C),Covered Degchi / Pot,3.1,59.2,11.3,3,1.4,5.63,33.2,0
CK-ML-10562,Mixed Veg Curry,Cooked Curry / Gravy,Ambient Room Temp,Aluminium Foil Wrap,24.1,42.7,7.9,3,1.4,1.35,14.6,0
CK-ML-10563,Jeera Rice,Cooked Rice / Biryani,Ambient Room Temp,Airtight Food Box,37.1,59.8,9.8,2,1.2,0.0,0.0,0
CK-ML-10564,Cucumber Tomato Salad,Raw Vegetables & Salad,Ambient Room Temp,Covered Degchi / Pot,25.1,69.5,4.9,2,1.1,4.95,50.2,1
CK-ML-10565,Chana Dal,Dal & Lentils,Ambient Room Temp,Covered Degchi / Pot,32.5,34.1,1.5,3,1.3,3.29,68.5,1
CK-ML-10566,Khichdi,Cooked Rice / Biryani,Ambient Room Temp,Open Container,32.3,49.4,10.4,2,1.2,0.0,0.0,0
CK-ML-10567,Veg Biryani,Cooked Rice / Biryani,Ambient Room Temp,Airtight Food Box,24.6,74.3,5.8,2,1.2,9.07,61.1,1
CK-ML-10568,Puri,Indian Breads (Roti/Naan),Refrigerated (4-7C),Open Container,3.9,36.6,7.8,1,0.8,13.46,63.2,1
CK-ML-10569,Jeera Rice,Cooked Rice / Biryani,Ambient Room Temp,Open Container,37.4,31.2,2.9,2,1.2,0.0,0.0,0
CK-ML-10570,Cucumber Tomato Salad,Raw Vegetables & Salad,Ambient Room Temp,Aluminium Foil Wrap,29.0,40.5,11.7,2,1.1,0.0,0.0,0
CK-ML-10571,Puri,Indian Breads (Roti/Naan),Refrigerated (4-7C),Covered Degchi / Pot,6.4,64.6,11.6,1,0.8,17.75,60.5,1
CK-ML-10572,Puri,Indian Breads (Roti/Naan),Refrigerated (4-7C),Covered Degchi / Pot,6.3,48.3,2.2,1,0.8,24.0,81.0,1
CK-ML-10573,Khichdi,Cooked Rice / Biryani,Ambient Room Temp,Aluminium Foil Wrap,28.9,43.5,2.8,2,1.2,6.22,69.1,1
CK-ML-10574,Jeera Rice,Cooked Rice / Biryani,Refrigerated (4-7C),Covered Degchi / Pot,3.6,62.9,7.9,2,1.2,11.99,60.4,1
CK-ML-10575,Paneer Butter Masala,Cooked Curry / Gravy,Ambient Room Temp,Open Container,23.9,42.4,4.1,3,1.4,1.53,27.0,0
CK-ML-10576,Steamed Rice,Cooked Rice / Biryani,Refrigerated (4-7C),Airtight Food Box,4.2,75.6,1.6,2,1.2,24.0,78.9,1
CK-ML-10577,Gulab Jamun in Chashni,Dairy & Desserts,Refrigerated (4-7C),Open Container,4.0,42.2,4.0,3,1.6,6.47,61.7,1
CK-ML-10578,Chole Gravy,Cooked Curry / Gravy,Insulated Hot Pot (>55C),Aluminium Foil Wrap,54.7,72.9,2.0,3,1.4,9.93,83.1,1
CK-ML-10579,Kachori,Fried Items (Samosa/Puri),Refrigerated (4-7C),Aluminium Foil Wrap,4.4,73.0,11.5,1,0.7,24.0,57.2,1
CK-ML-10580,Chole Gravy,Cooked Curry / Gravy,Ambient Room Temp,Aluminium Foil Wrap,25.2,66.0,6.4,3,1.4,3.36,34.5,0
CK-ML-10581,Butter Naan,Indian Breads (Roti/Naan),Insulated Hot Pot (>55C),Aluminium Foil Wrap,64.0,76.7,5.1,1,0.8,16.62,76.4,1
CK-ML-10582,Dinner Rolls,Bakery / Packaged Breads,Refrigerated (4-7C),Airtight Food Box,3.5,50.4,10.7,1,0.5,24.0,33.0,0
CK-ML-10583,Chole Gravy,Cooked Curry / Gravy,Refrigerated (4-7C),Aluminium Foil Wrap,4.2,42.4,11.3,3,1.4,10.06,47.0,1
CK-ML-10584,Yellow Dal,Dal & Lentils,Insulated Hot Pot (>55C),Covered Degchi / Pot,55.5,47.9,4.5,3,1.3,5.71,56.1,1
CK-ML-10585,Chana Dal,Dal & Lentils,Ambient Room Temp,Open Container,29.1,33.2,5.1,3,1.3,0.0,0.0,0
CK-ML-10586,Sprouts Salad,Raw Vegetables & Salad,Ambient Room Temp,Covered Degchi / Pot,35.3,39.8,9.9,2,1.1,0.0,0.0,0
CK-ML-10587,Tandoori Roti,Indian Breads (Roti/Naan),Ambient Room Temp,Open Container,22.8,76.5,8.1,1,0.8,1.31,13.9,0
CK-ML-10588,Sweet Lassi,Dairy & Desserts,Ambient Room Temp,Airtight Food Box,22.9,40.2,5.3,3,1.6,5.69,51.7,1
CK-ML-10589,Jeera Rice,Cooked Rice / Biryani,Ambient Room Temp,Covered Degchi / Pot,26.8,71.1,9.2,2,1.2,0.29,3.1,0
CK-ML-10590,Aloo Samosa,Fried Items (Samosa/Puri),Ambient Room Temp,Aluminium Foil Wrap,26.1,33.7,9.1,1,0.7,10.59,53.9,1
CK-ML-10591,Veg Cutlet,Fried Items (Samosa/Puri),Ambient Room Temp,Open Container,38.9,41.6,1.1,1,0.7,3.51,75.9,1
CK-ML-10592,Steamed Rice,Cooked Rice / Biryani,Refrigerated (4-7C),Aluminium Foil Wrap,6.9,68.7,8.2,2,1.2,16.1,66.2,1
CK-ML-10593,Mixed Veg Curry,Cooked Curry / Gravy,Insulated Hot Pot (>55C),Covered Degchi / Pot,57.2,79.3,9.2,3,1.4,0.64,6.5,0
CK-ML-10594,Fruit Buns,Bakery / Packaged Breads,Ambient Room Temp,Airtight Food Box,31.1,72.9,4.2,1,0.5,16.44,79.5,1
CK-ML-10595,Fruit Buns,Bakery / Packaged Breads,Ambient Room Temp,Aluminium Foil Wrap,36.1,30.0,4.0,1,0.5,7.54,65.1,1
CK-ML-10596,Chole Gravy,Cooked Curry / Gravy,Ambient Room Temp,Covered Degchi / Pot,25.8,48.2,5.5,3,1.4,2.04,26.9,0
CK-ML-10597,Pav Buns,Bakery / Packaged Breads,Ambient Room Temp,Covered Degchi / Pot,23.8,77.7,1.2,1,0.5,20.48,94.5,1
CK-ML-10598,Jeera Rice,Cooked Rice / Biryani,Insulated Hot Pot (>55C),Aluminium Foil Wrap,60.8,44.2,4.3,2,1.2,9.32,68.6,1
CK-ML-10599,Mixed Veg Curry,Cooked Curry / Gravy,Refrigerated (4-7C),Open Container,5.5,33.9,11.5,3,1.4,0.75,6.1,0
CK-ML-10600,Kadhai Paneer,Cooked Curry / Gravy,Ambient Room Temp,Covered Degchi / Pot,24.0,71.8,6.3,3,1.4,1.45,18.8,0
CK-ML-10601,Chole Gravy,Cooked Curry / Gravy,Ambient Room Temp,Airtight Food Box,26.8,44.4,4.8,3,1.4,7.61,61.2,1
CK-ML-10602,Chole Gravy,Cooked Curry / Gravy,Ambient Room Temp,Aluminium Foil Wrap,29.6,71.5,8.0,3,1.4,0.0,0.0,0
CK-ML-10603,Dal Makhani,Dal & Lentils,Ambient Room Temp,Open Container,23.5,48.9,5.3,3,1.3,0.59,10.1,0
CK-ML-10604,Chole Gravy,Cooked Curry / Gravy,Ambient Room Temp,Airtight Food Box,35.0,35.4,11.8,3,1.4,0.0,0.0,0
CK-ML-10605,Chana Dal,Dal & Lentils,Refrigerated (4-7C),Covered Degchi / Pot,3.9,37.3,11.3,3,1.3,7.49,39.9,0
CK-ML-10606,Paneer Butter Masala,Cooked Curry / Gravy,Refrigerated (4-7C),Covered Degchi / Pot,7.2,61.0,10.0,3,1.4,7.21,41.9,1
CK-ML-10607,Spring Roll,Fried Items (Samosa/Puri),Ambient Room Temp,Covered Degchi / Pot,25.3,41.9,3.9,1,0.7,12.31,75.7,1
CK-ML-10608,Pakoda,Fried Items (Samosa/Puri),Ambient Room Temp,Aluminium Foil Wrap,30.0,53.6,4.8,1,0.7,9.45,66.1,1
CK-ML-10609,Chana Dal,Dal & Lentils,Refrigerated (4-7C),Covered Degchi / Pot,3.1,64.5,4.1,3,1.3,14.23,77.5,1
CK-ML-10610,Jeera Rice,Cooked Rice / Biryani,Ambient Room Temp,Open Container,27.1,34.5,11.0,2,1.2,0.0,0.0,0
CK-ML-10611,Paneer Butter Masala,Cooked Curry / Gravy,Refrigerated (4-7C),Open Container,4.5,35.6,7.1,3,1.4,5.6,44.2,1
CK-ML-10612,Veg Biryani,Cooked Rice / Biryani,Ambient Room Temp,Airtight Food Box,31.1,39.8,2.4,2,1.2,6.73,73.6,1
CK-ML-10613,Sprouts Salad,Raw Vegetables & Salad,Insulated Hot Pot (>55C),Open Container,51.7,30.2,6.3,2,1.1,3.12,33.2,0
CK-ML-10614,Kadhai Paneer,Cooked Curry / Gravy,Ambient Room Temp,Covered Degchi / Pot,25.9,67.2,11.1,3,1.4,0.0,0.0,0
CK-ML-10615,Dal Tadka,Dal & Lentils,Refrigerated (4-7C),Covered Degchi / Pot,6.7,39.5,11.0,3,1.3,6.54,37.2,0
CK-ML-10616,Sambhar,Dal & Lentils,Refrigerated (4-7C),Covered Degchi / Pot,4.6,69.7,11.3,3,1.3,7.18,38.8,0
CK-ML-10617,Paratha,Indian Breads (Roti/Naan),Refrigerated (4-7C),Aluminium Foil Wrap,4.8,32.6,5.1,1,0.8,24.0,65.7,1
CK-ML-10618,Kachori,Fried Items (Samosa/Puri),Ambient Room Temp,Aluminium Foil Wrap,33.2,41.0,1.8,1,0.7,9.28,83.8,1
CK-ML-10619,Tandoori Roti,Indian Breads (Roti/Naan),Ambient Room Temp,Aluminium Foil Wrap,25.7,78.4,8.7,1,0.8,8.3,48.7,1
CK-ML-10620,Yellow Dal,Dal & Lentils,Ambient Room Temp,Airtight Food Box,32.5,64.0,8.2,3,1.3,0.0,0.0,0
CK-ML-10621,Yellow Dal,Dal & Lentils,Ambient Room Temp,Open Container,28.1,46.7,5.0,3,1.3,0.4,7.5,0
CK-ML-10622,Kheer / Payasam,Dairy & Desserts,Refrigerated (4-7C),Covered Degchi / Pot,6.8,50.9,4.1,3,1.6,10.56,72.2,1
CK-ML-10623,Pav Buns,Bakery / Packaged Breads,Insulated Hot Pot (>55C),Open Container,51.8,46.4,9.9,1,0.5,8.66,46.7,1
CK-ML-10624,Sambhar,Dal & Lentils,Insulated Hot Pot (>55C),Covered Degchi / Pot,51.3,68.8,10.2,3,1.3,0.82,7.4,0
CK-ML-10625,Chole Gravy,Cooked Curry / Gravy,Refrigerated (4-7C),Open Container,5.4,61.8,2.8,3,1.4,9.49,77.5,1
CK-ML-10626,Sweet Lassi,Dairy & Desserts,Insulated Hot Pot (>55C),Covered Degchi / Pot,60.8,76.5,6.6,3,1.6,1.18,15.2,0
CK-ML-10627,Jeera Rice,Cooked Rice / Biryani,Ambient Room Temp,Aluminium Foil Wrap,35.5,70.6,6.0,2,1.2,0.0,0.0,0
CK-ML-10628,Sprouts Salad,Raw Vegetables & Salad,Insulated Hot Pot (>55C),Aluminium Foil Wrap,61.4,59.6,2.7,2,1.1,12.97,82.7,1
CK-ML-10629,Tandoori Roti,Indian Breads (Roti/Naan),Ambient Room Temp,Aluminium Foil Wrap,31.0,46.7,6.5,1,0.8,4.62,41.7,1
CK-ML-10630,Kadhai Paneer,Cooked Curry / Gravy,Ambient Room Temp,Covered Degchi / Pot,36.6,67.5,9.8,3,1.4,0.0,0.0,0
CK-ML-10631,Dum Aloo,Cooked Curry / Gravy,Ambient Room Temp,Airtight Food Box,27.6,66.9,0.9,3,1.4,9.4,91.0,1
CK-ML-10632,Pav Buns,Bakery / Packaged Breads,Refrigerated (4-7C),Open Container,3.3,46.2,8.2,1,0.5,24.0,71.7,1
CK-ML-10633,Steamed Rice,Cooked Rice / Biryani,Ambient Room Temp,Covered Degchi / Pot,30.1,69.2,9.1,2,1.2,0.0,0.0,0
CK-ML-10634,Mixed Veg Curry,Cooked Curry / Gravy,Refrigerated (4-7C),Covered Degchi / Pot,3.3,58.8,1.9,3,1.4,15.07,89.0,1
CK-ML-10635,Dum Aloo,Cooked Curry / Gravy,Ambient Room Temp,Covered Degchi / Pot,34.2,57.4,11.4,3,1.4,0.0,0.0,0
CK-ML-10636,Yellow Dal,Dal & Lentils,Ambient Room Temp,Covered Degchi / Pot,31.7,46.6,4.1,3,1.3,0.85,17.1,0
CK-ML-10637,Dum Aloo,Cooked Curry / Gravy,Ambient Room Temp,Open Container,38.9,73.4,7.0,3,1.4,0.0,0.0,0
CK-ML-10638,Dal Tadka,Dal & Lentils,Ambient Room Temp,Aluminium Foil Wrap,30.2,67.9,3.7,3,1.3,3.52,48.4,1
CK-ML-10639,Veg Biryani,Cooked Rice / Biryani,Ambient Room Temp,Open Container,37.5,60.5,6.8,2,1.2,0.0,0.0,0
CK-ML-10640,Kheer / Payasam,Dairy & Desserts,Refrigerated (4-7C),Open Container,7.1,67.2,6.6,3,1.6,3.38,33.8,0
CK-ML-10641,Boiled Corn Salad,Raw Vegetables & Salad,Refrigerated (4-7C),Open Container,7.2,58.8,2.0,2,1.1,13.91,87.7,1
CK-ML-10642,Chana Dal,Dal & Lentils,Ambient Room Temp,Covered Degchi / Pot,34.2,43.6,4.1,3,1.3,0.23,5.3,0
CK-ML-10643,Paneer Tikka,Dairy & Desserts,Ambient Room Temp,Aluminium Foil Wrap,25.1,67.8,6.0,3,1.6,2.8,32.0,0
CK-ML-10644,Kadhai Paneer,Cooked Curry / Gravy,Ambient Room Temp,Covered Degchi / Pot,29.5,72.4,2.9,3,1.4,2.4,45.5,0
CK-ML-10645,Pav Buns,Bakery / Packaged Breads,Ambient Room Temp,Aluminium Foil Wrap,31.6,31.1,0.9,1,0.5,16.09,94.8,1
CK-ML-10646,Boiled Corn Salad,Raw Vegetables & Salad,Ambient Room Temp,Covered Degchi / Pot,32.8,61.1,1.9,2,1.1,3.52,65.1,1
CK-ML-10647,Pav Buns,Bakery / Packaged Breads,Insulated Hot Pot (>55C),Aluminium Foil Wrap,60.1,48.2,11.3,1,0.5,21.95,66.0,1
CK-ML-10648,Spring Roll,Fried Items (Samosa/Puri),Ambient Room Temp,Airtight Food Box,35.6,66.9,1.2,1,0.7,9.14,88.1,1
CK-ML-10649,Sambhar,Dal & Lentils,Insulated Hot Pot (>55C),Open Container,63.8,32.3,4.4,3,1.3,2.41,35.4,0
CK-ML-10650,Tandoori Roti,Indian Breads (Roti/Naan),Ambient Room Temp,Airtight Food Box,38.1,40.9,4.3,1,0.8,3.7,46.5,1
CK-ML-10651,Kachori,Fried Items (Samosa/Puri),Ambient Room Temp,Covered Degchi / Pot,26.1,44.6,11.1,1,0.7,4.35,28.1,0
CK-ML-10652,Veg Biryani,Cooked Rice / Biryani,Insulated Hot Pot (>55C),Open Container,63.0,58.9,8.3,2,1.2,0.0,0.0,0
CK-ML-10653,Dum Aloo,Cooked Curry / Gravy,Ambient Room Temp,Aluminium Foil Wrap,30.6,30.4,8.5,3,1.4,0.0,0.0,0
CK-ML-10654,Pulao,Cooked Rice / Biryani,Insulated Hot Pot (>55C),Covered Degchi / Pot,57.0,48.0,6.7,2,1.2,4.71,41.4,1
CK-ML-10655,Pakoda,Fried Items (Samosa/Puri),Ambient Room Temp,Covered Degchi / Pot,28.6,78.3,8.5,1,0.7,4.08,32.4,0
CK-ML-10656,Paratha,Indian Breads (Roti/Naan),Ambient Room Temp,Airtight Food Box,36.0,57.9,1.1,1,0.8,8.07,87.7,1
CK-ML-10657,White Bread Loaf,Bakery / Packaged Breads,Ambient Room Temp,Covered Degchi / Pot,36.3,62.5,7.6,1,0.5,1.96,20.6,0
CK-ML-10658,Pakoda,Fried Items (Samosa/Puri),Ambient Room Temp,Covered Degchi / Pot,24.8,46.6,11.3,1,0.7,3.95,25.9,0
CK-ML-10659,Veg Biryani,Cooked Rice / Biryani,Ambient Room Temp,Covered Degchi / Pot,22.9,52.5,3.4,2,1.2,6.31,64.8,1
CK-ML-10660,Dal Makhani,Dal & Lentils,Ambient Room Temp,Aluminium Foil Wrap,25.1,32.0,0.8,3,1.3,9.36,92.5,1
CK-ML-10661,Aloo Samosa,Fried Items (Samosa/Puri),Ambient Room Temp,Open Container,37.9,52.9,3.8,1,0.7,0.13,3.3,0
CK-ML-10662,Puri,Indian Breads (Roti/Naan),Insulated Hot Pot (>55C),Aluminium Foil Wrap,53.8,55.5,11.0,1,0.8,10.11,48.0,1
CK-ML-10663,Kheer / Payasam,Dairy & Desserts,Insulated Hot Pot (>55C),Aluminium Foil Wrap,64.4,55.4,5.7,3,1.6,4.89,46.1,1
CK-ML-10664,Steamed Rice,Cooked Rice / Biryani,Refrigerated (4-7C),Aluminium Foil Wrap,5.6,71.0,5.0,2,1.2,19.05,79.2,1
CK-ML-10665,Dal Makhani,Dal & Lentils,Ambient Room Temp,Covered Degchi / Pot,26.4,45.8,1.5,3,1.3,6.94,82.3,1
CK-ML-10666,Tandoori Roti,Indian Breads (Roti/Naan),Refrigerated (4-7C),Open Container,7.3,34.6,2.4,1,0.8,18.82,88.9,1
CK-ML-10667,Fruit Buns,Bakery / Packaged Breads,Ambient Room Temp,Aluminium Foil Wrap,31.1,64.4,9.1,1,0.5,8.3,47.7,1
CK-ML-10668,Dinner Rolls,Bakery / Packaged Breads,Ambient Room Temp,Covered Degchi / Pot,24.9,78.9,10.3,1,0.5,11.66,53.1,1
CK-ML-10669,Chana Dal,Dal & Lentils,Ambient Room Temp,Open Container,33.8,55.8,11.9,3,1.3,0.0,0.0,0
CK-ML-10670,Pakoda,Fried Items (Samosa/Puri),Insulated Hot Pot (>55C),Open Container,50.4,42.0,0.9,1,0.7,13.38,93.9,1
CK-ML-10671,Pulao,Cooked Rice / Biryani,Ambient Room Temp,Covered Degchi / Pot,35.8,41.9,3.1,2,1.2,0.32,9.4,0
CK-ML-10672,Dum Aloo,Cooked Curry / Gravy,Refrigerated (4-7C),Covered Degchi / Pot,3.4,65.3,8.0,3,1.4,8.99,52.8,1
CK-ML-10673,Sprouts Salad,Raw Vegetables & Salad,Ambient Room Temp,Airtight Food Box,34.2,48.6,1.6,2,1.1,5.1,76.5,1
CK-ML-10674,Sprouts Salad,Raw Vegetables & Salad,Ambient Room Temp,Open Container,31.4,55.7,8.4,2,1.1,0.0,0.0,0
CK-ML-10675,Gulab Jamun in Chashni,Dairy & Desserts,Ambient Room Temp,Airtight Food Box,24.9,43.3,1.9,3,1.6,8.55,82.1,1
CK-ML-10676,Gulab Jamun in Chashni,Dairy & Desserts,Ambient Room Temp,Covered Degchi / Pot,30.3,46.0,2.7,3,1.6,1.86,40.7,0
CK-ML-10677,Khichdi,Cooked Rice / Biryani,Refrigerated (4-7C),Covered Degchi / Pot,5.4,62.1,9.5,2,1.2,10.15,51.5,1
CK-ML-10678,Dal Tadka,Dal & Lentils,Ambient Room Temp,Open Container,34.6,40.5,10.2,3,1.3,0.0,0.0,0
CK-ML-10679,Mixed Veg Curry,Cooked Curry / Gravy,Ambient Room Temp,Covered Degchi / Pot,37.9,63.9,1.9,3,1.4,1.2,39.1,0
CK-ML-10680,Steamed Rice,Cooked Rice / Biryani,Ambient Room Temp,Covered Degchi / Pot,26.9,41.9,3.0,2,1.2,5.95,66.8,1
CK-ML-10681,Dal Tadka,Dal & Lentils,Ambient Room Temp,Open Container,24.4,73.3,10.5,3,1.3,0.0,0.0,0
CK-ML-10682,Pulao,Cooked Rice / Biryani,Ambient Room Temp,Covered Degchi / Pot,35.2,72.9,10.2,2,1.2,0.0,0.0,0
CK-ML-10683,Jeera Rice,Cooked Rice / Biryani,Ambient Room Temp,Open Container,32.8,79.6,9.4,2,1.2,0.0,0.0,0
CK-ML-10684,Sprouts Salad,Raw Vegetables & Salad,Refrigerated (4-7C),Covered Degchi / Pot,4.3,52.3,8.9,2,1.1,12.57,58.7,1
CK-ML-10685,Spring Roll,Fried Items (Samosa/Puri),Refrigerated (4-7C),Open Container,5.7,75.8,2.3,1,0.7,21.87,90.5,1
CK-ML-10686,Pulao,Cooked Rice / Biryani,Ambient Room Temp,Covered Degchi / Pot,34.3,38.7,6.8,2,1.2,0.0,0.0,0
CK-ML-10687,Pakoda,Fried Items (Samosa/Puri),Ambient Room Temp,Open Container,30.4,45.5,2.6,1,0.7,4.12,61.4,1
CK-ML-10688,Jeera Rice,Cooked Rice / Biryani,Ambient Room Temp,Covered Degchi / Pot,29.7,38.2,4.0,2,1.2,2.64,39.8,0
CK-ML-10689,Phulka Chapati,Indian Breads (Roti/Naan),Refrigerated (4-7C),Airtight Food Box,5.0,31.9,6.2,1,0.8,24.0,53.1,1
CK-ML-10690,Sweet Lassi,Dairy & Desserts,Refrigerated (4-7C),Open Container,3.4,51.8,3.9,3,1.6,6.99,64.4,1
CK-ML-10691,Phulka Chapati,Indian Breads (Roti/Naan),Insulated Hot Pot (>55C),Covered Degchi / Pot,53.3,35.2,7.2,1,0.8,11.01,60.4,1
CK-ML-10692,Butter Naan,Indian Breads (Roti/Naan),Ambient Room Temp,Airtight Food Box,24.2,67.1,7.9,1,0.8,12.64,61.5,1
CK-ML-10693,Steamed Rice,Cooked Rice / Biryani,Ambient Room Temp,Open Container,24.3,43.0,4.9,2,1.2,1.63,24.9,0
CK-ML-10694,Rasgulla,Dairy & Desserts,Ambient Room Temp,Covered Degchi / Pot,37.8,72.9,2.5,3,1.6,0.48,16.3,0
CK-ML-10695,Sambhar,Dal & Lentils,Refrigerated (4-7C),Aluminium Foil Wrap,5.9,79.9,1.4,3,1.3,21.07,93.9,1
CK-ML-10696,Veg Biryani,Cooked Rice / Biryani,Refrigerated (4-7C),Open Container,5.9,62.4,2.0,2,1.2,11.47,85.3,1
CK-ML-10697,Tandoori Roti,Indian Breads (Roti/Naan),Ambient Room Temp,Airtight Food Box,22.7,48.1,10.0,1,0.8,10.97,52.3,1
CK-ML-10698,Mixed Veg Curry,Cooked Curry / Gravy,Refrigerated (4-7C),Covered Degchi / Pot,7.3,43.8,5.1,3,1.4,12.66,71.4,1
CK-ML-10699,Dinner Rolls,Bakery / Packaged Breads,Ambient Room Temp,Airtight Food Box,30.1,47.8,8.3,1,0.5,15.52,65.0,1
CK-ML-10700,Steamed Rice,Cooked Rice / Biryani,Refrigerated (4-7C),Open Container,3.2,59.9,10.5,2,1.2,3.88,27.0,0
CK-ML-10701,Boiled Corn Salad,Raw Vegetables & Salad,Ambient Room Temp,Airtight Food Box,36.8,66.8,6.3,2,1.1,0.0,0.0,0
CK-ML-10702,Fruit Buns,Bakery / Packaged Breads,Ambient Room Temp,Open Container,25.3,35.1,11.0,1,0.5,4.71,30.0,0
CK-ML-10703,Paneer Tikka,Dairy & Desserts,Refrigerated (4-7C),Covered Degchi / Pot,5.8,56.4,7.2,3,1.6,8.12,53.0,1
CK-ML-10704,Kachori,Fried Items (Samosa/Puri),Ambient Room Temp,Open Container,23.0,59.4,10.2,1,0.7,1.3,11.3,0
CK-ML-10705,Dum Aloo,Cooked Curry / Gravy,Ambient Room Temp,Open Container,39.0,57.1,3.8,3,1.4,0.0,0.0,0
CK-ML-10706,Sweet Lassi,Dairy & Desserts,Ambient Room Temp,Aluminium Foil Wrap,28.0,36.3,2.0,3,1.6,5.32,72.8,1
CK-ML-10707,Puri,Indian Breads (Roti/Naan),Ambient Room Temp,Aluminium Foil Wrap,30.7,47.2,4.3,1,0.8,6.21,59.2,1
CK-ML-10708,Veg Cutlet,Fried Items (Samosa/Puri),Refrigerated (4-7C),Aluminium Foil Wrap,3.3,67.4,10.3,1,0.7,24.0,56.6,1
CK-ML-10709,Jeera Rice,Cooked Rice / Biryani,Ambient Room Temp,Open Container,22.6,77.7,2.9,2,1.2,3.85,56.9,1
CK-ML-10710,Khichdi,Cooked Rice / Biryani,Ambient Room Temp,Open Container,22.2,76.1,11.7,2,1.2,0.0,0.0,0
CK-ML-10711,Pulao,Cooked Rice / Biryani,Ambient Room Temp,Aluminium Foil Wrap,24.7,64.2,7.3,2,1.2,3.73,33.7,0
CK-ML-10712,Sambhar,Dal & Lentils,Ambient Room Temp,Open Container,38.7,75.3,1.1,3,1.3,1.54,57.6,0
CK-ML-10713,Kheer / Payasam,Dairy & Desserts,Insulated Hot Pot (>55C),Covered Degchi / Pot,53.0,77.4,2.9,3,1.6,5.11,64.1,1
CK-ML-10714,Puri,Indian Breads (Roti/Naan),Refrigerated (4-7C),Airtight Food Box,4.4,39.4,4.0,1,0.8,24.0,52.5,1
CK-ML-10715,Paneer Butter Masala,Cooked Curry / Gravy,Ambient Room Temp,Covered Degchi / Pot,30.7,35.4,5.4,3,1.4,0.46,7.9,0
CK-ML-10716,Paneer Tikka,Dairy & Desserts,Insulated Hot Pot (>55C),Open Container,62.3,47.7,8.0,3,1.6,0.0,0.0,0
CK-ML-10717,Chana Dal,Dal & Lentils,Ambient Room Temp,Open Container,22.3,35.1,2.5,3,1.3,3.69,59.8,1
CK-ML-10718,Paneer Butter Masala,Cooked Curry / Gravy,Refrigerated (4-7C),Open Container,6.0,79.0,11.8,3,1.4,0.0,0.0,0
CK-ML-10719,Pakoda,Fried Items (Samosa/Puri),Ambient Room Temp,Aluminium Foil Wrap,35.3,75.5,4.9,1,0.7,3.62,42.5,1
CK-ML-10720,Sambhar,Dal & Lentils,Ambient Room Temp,Covered Degchi / Pot,29.6,77.0,11.5,3,1.3,0.0,0.0,0
CK-ML-10721,Jeera Rice,Cooked Rice / Biryani,Ambient Room Temp,Covered Degchi / Pot,26.6,75.6,7.8,2,1.2,1.04,11.8,0
CK-ML-10722,Spring Roll,Fried Items (Samosa/Puri),Ambient Room Temp,Aluminium Foil Wrap,29.8,34.8,10.8,1,0.7,3.48,24.3,0
CK-ML-10723,Dinner Rolls,Bakery / Packaged Breads,Ambient Room Temp,Covered Degchi / Pot,23.8,30.8,11.0,1,0.5,11.46,51.1,1
CK-ML-10724,Pav Buns,Bakery / Packaged Breads,Ambient Room Temp,Open Container,33.5,41.8,1.5,1,0.5,6.37,81.3,1
CK-ML-10725,Spring Roll,Fried Items (Samosa/Puri),Insulated Hot Pot (>55C),Open Container,64.5,38.2,3.9,1,0.7,9.66,71.0,1
CK-ML-10726,Gulab Jamun in Chashni,Dairy & Desserts,Ambient Room Temp,Covered Degchi / Pot,28.8,50.9,6.4,3,1.6,0.0,0.0,0
CK-ML-10727,Kachori,Fried Items (Samosa/Puri),Ambient Room Temp,Open Container,22.3,37.2,8.1,1,0.7,3.43,29.8,0
CK-ML-10728,Steamed Rice,Cooked Rice / Biryani,Ambient Room Temp,Aluminium Foil Wrap,34.0,66.6,2.5,2,1.2,3.45,58.0,1
CK-ML-10729,Steamed Rice,Cooked Rice / Biryani,Ambient Room Temp,Covered Degchi / Pot,31.9,45.0,0.9,2,1.2,4.91,84.6,1
CK-ML-10730,Khichdi,Cooked Rice / Biryani,Insulated Hot Pot (>55C),Covered Degchi / Pot,56.2,60.2,7.7,2,1.2,3.73,32.5,0
CK-ML-10731,Chana Dal,Dal & Lentils,Ambient Room Temp,Aluminium Foil Wrap,32.9,43.9,5.7,3,1.3,0.0,0.0,0
CK-ML-10732,Phulka Chapati,Indian Breads (Roti/Naan),Insulated Hot Pot (>55C),Open Container,62.8,73.2,5.2,1,0.8,6.63,56.2,1
CK-ML-10733,Pakoda,Fried Items (Samosa/Puri),Ambient Room Temp,Open Container,32.0,52.8,6.5,1,0.7,0.05,0.8,0
CK-ML-10734,Pakoda,Fried Items (Samosa/Puri),Ambient Room Temp,Airtight Food Box,38.7,49.1,2.5,1,0.7,6.45,71.7,1
CK-ML-10735,Veg Biryani,Cooked Rice / Biryani,Refrigerated (4-7C),Aluminium Foil Wrap,4.9,42.9,10.5,2,1.2,13.79,56.8,1
CK-ML-10736,Dal Tadka,Dal & Lentils,Insulated Hot Pot (>55C),Open Container,60.5,55.4,5.6,3,1.3,2.59,31.7,0
CK-ML-10737,Mixed Veg Curry,Cooked Curry / Gravy,Refrigerated (4-7C),Airtight Food Box,5.0,65.9,7.2,3,1.4,18.2,71.5,1
CK-ML-10738,Chana Dal,Dal & Lentils,Refrigerated (4-7C),Covered Degchi / Pot,5.1,54.3,11.3,3,1.3,7.04,38.5,0
CK-ML-10739,Butter Naan,Indian Breads (Roti/Naan),Ambient Room Temp,Open Container,23.7,61.1,5.6,1,0.8,3.83,40.4,1
CK-ML-10740,Mixed Veg Curry,Cooked Curry / Gravy,Insulated Hot Pot (>55C),Airtight Food Box,64.0,36.3,4.9,3,1.4,10.24,67.7,1
CK-ML-10741,Chole Gravy,Cooked Curry / Gravy,Ambient Room Temp,Aluminium Foil Wrap,32.0,35.5,11.6,3,1.4,0.0,0.0,0
CK-ML-10742,Khichdi,Cooked Rice / Biryani,Refrigerated (4-7C),Aluminium Foil Wrap,5.8,74.6,1.4,2,1.2,22.67,94.2,1
CK-ML-10743,Steamed Rice,Cooked Rice / Biryani,Ambient Room Temp,Covered Degchi / Pot,31.1,79.8,9.7,2,1.2,0.0,0.0,0
CK-ML-10744,Mixed Veg Curry,Cooked Curry / Gravy,Ambient Room Temp,Airtight Food Box,23.8,65.1,3.9,3,1.4,8.53,68.4,1
CK-ML-10745,Veg Biryani,Cooked Rice / Biryani,Refrigerated (4-7C),Aluminium Foil Wrap,3.7,38.0,9.6,2,1.2,14.72,60.6,1
CK-ML-10746,Phulka Chapati,Indian Breads (Roti/Naan),Refrigerated (4-7C),Airtight Food Box,3.6,35.8,10.2,1,0.8,24.0,52.7,1
CK-ML-10747,Dum Aloo,Cooked Curry / Gravy,Insulated Hot Pot (>55C),Covered Degchi / Pot,63.6,34.4,11.3,3,1.4,0.0,0.0,0
CK-ML-10748,Steamed Rice,Cooked Rice / Biryani,Insulated Hot Pot (>55C),Covered Degchi / Pot,50.7,37.5,6.7,2,1.2,4.87,42.2,1
CK-ML-10749,Puri,Indian Breads (Roti/Naan),Ambient Room Temp,Airtight Food Box,30.5,42.9,8.6,1,0.8,4.79,35.9,0
CK-ML-10750,White Bread Loaf,Bakery / Packaged Breads,Ambient Room Temp,Covered Degchi / Pot,23.2,64.2,6.3,1,0.5,16.23,72.1,1
CK-ML-10751,Aloo Samosa,Fried Items (Samosa/Puri),Refrigerated (4-7C),Open Container,3.8,73.6,7.6,1,0.7,16.13,68.1,1
CK-ML-10752,Puri,Indian Breads (Roti/Naan),Ambient Room Temp,Open Container,32.6,76.7,2.9,1,0.8,2.56,47.1,0
CK-ML-10753,Aloo Samosa,Fried Items (Samosa/Puri),Ambient Room Temp,Open Container,31.3,34.5,5.3,1,0.7,1.84,25.8,0
CK-ML-10754,Mixed Veg Curry,Cooked Curry / Gravy,Refrigerated (4-7C),Open Container,7.3,75.1,8.5,3,1.4,3.34,28.2,0
CK-ML-10755,Kadhai Paneer,Cooked Curry / Gravy,Refrigerated (4-7C),Open Container,6.9,36.3,10.5,3,1.4,1.14,9.8,0
CK-ML-10756,Dal Tadka,Dal & Lentils,Refrigerated (4-7C),Aluminium Foil Wrap,3.5,55.3,9.9,3,1.3,12.85,56.6,1
CK-ML-10757,White Bread Loaf,Bakery / Packaged Breads,Ambient Room Temp,Covered Degchi / Pot,31.0,59.2,9.7,1,0.5,4.84,33.4,0
CK-ML-10758,Jeera Rice,Cooked Rice / Biryani,Ambient Room Temp,Aluminium Foil Wrap,27.7,54.6,7.1,2,1.2,3.07,30.2,0
CK-ML-10759,Pulao,Cooked Rice / Biryani,Ambient Room Temp,Aluminium Foil Wrap,31.5,78.9,9.4,2,1.2,0.0,0.0,0
CK-ML-10760,Paneer Butter Masala,Cooked Curry / Gravy,Ambient Room Temp,Open Container,31.2,57.6,4.6,3,1.4,0.0,0.0,0
CK-ML-10761,Dal Tadka,Dal & Lentils,Ambient Room Temp,Covered Degchi / Pot,25.1,54.9,3.7,3,1.3,4.69,56.1,1
CK-ML-10762,Butter Naan,Indian Breads (Roti/Naan),Ambient Room Temp,Covered Degchi / Pot,34.3,77.3,11.0,1,0.8,0.0,0.0,0
CK-ML-10763,Puri,Indian Breads (Roti/Naan),Ambient Room Temp,Airtight Food Box,36.9,47.6,8.8,1,0.8,0.21,2.3,0
CK-ML-10764,Paneer Butter Masala,Cooked Curry / Gravy,Ambient Room Temp,Covered Degchi / Pot,24.1,36.2,7.2,3,1.4,0.57,7.3,0
CK-ML-10765,Pakoda,Fried Items (Samosa/Puri),Ambient Room Temp,Airtight Food Box,26.6,65.1,8.1,1,0.7,15.91,66.3,1
CK-ML-10766,Chole Gravy,Cooked Curry / Gravy,Refrigerated (4-7C),Covered Degchi / Pot,6.9,60.1,8.9,3,1.4,8.19,48.0,1
CK-ML-10767,Chole Gravy,Cooked Curry / Gravy,Refrigerated (4-7C),Covered Degchi / Pot,5.4,33.9,0.7,3,1.4,16.21,95.8,1
CK-ML-10768,Dinner Rolls,Bakery / Packaged Breads,Ambient Room Temp,Aluminium Foil Wrap,30.0,79.1,9.0,1,0.5,9.72,51.9,1
CK-ML-10769,Mixed Veg Curry,Cooked Curry / Gravy,Ambient Room Temp,Open Container,30.3,61.3,11.4,3,1.4,0.0,0.0,0
CK-ML-10770,Dum Aloo,Cooked Curry / Gravy,Ambient Room Temp,Aluminium Foil Wrap,34.7,79.8,8.2,3,1.4,0.0,0.0,0
CK-ML-10771,Yellow Dal,Dal & Lentils,Ambient Room Temp,Covered Degchi / Pot,28.3,42.7,6.1,3,1.3,1.1,15.2,0
CK-ML-10772,Mixed Veg Curry,Cooked Curry / Gravy,Ambient Room Temp,Covered Degchi / Pot,26.7,48.5,2.3,3,1.4,5.54,70.3,1
CK-ML-10773,Sprouts Salad,Raw Vegetables & Salad,Ambient Room Temp,Covered Degchi / Pot,25.4,45.9,7.3,2,1.1,2.59,26.1,0
CK-ML-10774,Fruit Buns,Bakery / Packaged Breads,Ambient Room Temp,Open Container,28.1,34.5,3.5,1,0.5,9.9,74.2,1
CK-ML-10775,Mixed Veg Curry,Cooked Curry / Gravy,Ambient Room Temp,Airtight Food Box,32.9,37.1,11.1,3,1.4,0.0,0.0,0
CK-ML-10776,Khichdi,Cooked Rice / Biryani,Ambient Room Temp,Airtight Food Box,27.7,50.1,1.1,2,1.2,12.05,91.7,1
CK-ML-10777,Chana Dal,Dal & Lentils,Ambient Room Temp,Aluminium Foil Wrap,37.8,35.2,3.6,3,1.3,1.62,31.2,0
CK-ML-10778,Kadhai Paneer,Cooked Curry / Gravy,Refrigerated (4-7C),Aluminium Foil Wrap,3.9,48.3,1.7,3,1.4,19.61,91.9,1
CK-ML-10779,Phulka Chapati,Indian Breads (Roti/Naan),Ambient Room Temp,Airtight Food Box,28.0,55.2,6.2,1,0.8,12.23,66.4,1
CK-ML-10780,Dal Tadka,Dal & Lentils,Refrigerated (4-7C),Aluminium Foil Wrap,5.9,73.3,10.8,3,1.3,11.76,52.2,1
CK-ML-10781,Sprouts Salad,Raw Vegetables & Salad,Refrigerated (4-7C),Open Container,5.3,50.8,2.4,2,1.1,12.88,84.1,1
CK-ML-10782,Fruit Chaat,Raw Vegetables & Salad,Ambient Room Temp,Covered Degchi / Pot,28.8,57.5,7.6,2,1.1,0.01,0.1,0
CK-ML-10783,Tandoori Roti,Indian Breads (Roti/Naan),Ambient Room Temp,Airtight Food Box,30.8,39.5,5.8,1,0.8,7.68,56.9,1
CK-ML-10784,Fruit Chaat,Raw Vegetables & Salad,Insulated Hot Pot (>55C),Covered Degchi / Pot,51.0,57.5,7.3,2,1.1,5.42,42.6,1
CK-ML-10785,Puri,Indian Breads (Roti/Naan),Refrigerated (4-7C),Aluminium Foil Wrap,6.8,57.1,9.7,1,0.8,24.0,65.8,1
CK-ML-10786,Chana Dal,Dal & Lentils,Ambient Room Temp,Open Container,23.4,45.1,9.1,3,1.3,0.0,0.0,0
CK-ML-10787,Dinner Rolls,Bakery / Packaged Breads,Insulated Hot Pot (>55C),Covered Degchi / Pot,63.2,47.5,1.5,1,0.5,24.0,89.5,1
CK-ML-10788,Kheer / Payasam,Dairy & Desserts,Ambient Room Temp,Aluminium Foil Wrap,31.6,55.2,0.7,3,1.6,4.93,88.2,1
CK-ML-10789,Khichdi,Cooked Rice / Biryani,Insulated Hot Pot (>55C),Aluminium Foil Wrap,57.3,66.4,4.1,2,1.2,9.43,69.5,1
CK-ML-10790,Phulka Chapati,Indian Breads (Roti/Naan),Ambient Room Temp,Aluminium Foil Wrap,32.5,55.5,6.8,1,0.8,2.55,27.3,0
CK-ML-10791,Veg Biryani,Cooked Rice / Biryani,Ambient Room Temp,Aluminium Foil Wrap,33.6,73.6,3.2,2,1.2,2.6,44.6,0
CK-ML-10792,Steamed Rice,Cooked Rice / Biryani,Refrigerated (4-7C),Open Container,3.8,39.5,5.8,2,1.2,8.3,58.9,1
CK-ML-10793,Pulao,Cooked Rice / Biryani,Refrigerated (4-7C),Aluminium Foil Wrap,6.7,50.9,1.3,2,1.2,23.8,94.7,1
CK-ML-10794,Dum Aloo,Cooked Curry / Gravy,Ambient Room Temp,Open Container,35.2,52.3,5.6,3,1.4,0.0,0.0,0
CK-ML-10795,Pav Buns,Bakery / Packaged Breads,Refrigerated (4-7C),Airtight Food Box,3.3,53.3,3.3,1,0.5,24.0,33.4,0
CK-ML-10796,Butter Naan,Indian Breads (Roti/Naan),Ambient Room Temp,Aluminium Foil Wrap,23.0,75.8,7.6,1,0.8,8.81,53.7,1
CK-ML-10797,Chole Gravy,Cooked Curry / Gravy,Refrigerated (4-7C),Covered Degchi / Pot,5.6,77.4,1.1,3,1.4,16.3,93.6,1
CK-ML-10798,Fruit Chaat,Raw Vegetables & Salad,Ambient Room Temp,Aluminium Foil Wrap,34.6,44.0,7.0,2,1.1,0.0,0.0,0
CK-ML-10799,Paneer Butter Masala,Cooked Curry / Gravy,Refrigerated (4-7C),Aluminium Foil Wrap,3.6,52.1,7.0,3,1.4,13.97,66.8,1
CK-ML-10800,Cucumber Tomato Salad,Raw Vegetables & Salad,Insulated Hot Pot (>55C),Aluminium Foil Wrap,53.1,73.7,1.2,2,1.1,14.55,92.5,1
CK-ML-10801,Boiled Corn Salad,Raw Vegetables & Salad,Ambient Room Temp,Open Container,27.1,67.4,2.9,2,1.1,3.88,57.3,1
CK-ML-10802,Mixed Veg Curry,Cooked Curry / Gravy,Refrigerated (4-7C),Airtight Food Box,6.3,69.9,3.6,3,1.4,22.18,86.0,1
CK-ML-10803,Boiled Corn Salad,Raw Vegetables & Salad,Ambient Room Temp,Open Container,29.4,37.8,11.4,2,1.1,0.0,0.0,0
CK-ML-10804,Butter Naan,Indian Breads (Roti/Naan),Ambient Room Temp,Covered Degchi / Pot,23.3,60.9,8.2,1,0.8,6.01,42.4,1
CK-ML-10805,Veg Biryani,Cooked Rice / Biryani,Ambient Room Temp,Open Container,26.6,31.1,8.8,2,1.2,0.0,0.0,0
CK-ML-10806,Sambhar,Dal & Lentils,Ambient Room Temp,Aluminium Foil Wrap,26.9,60.2,1.1,3,1.3,9.26,89.6,1
CK-ML-10807,Paneer Butter Masala,Cooked Curry / Gravy,Ambient Room Temp,Aluminium Foil Wrap,33.6,79.1,8.4,3,1.4,0.0,0.0,0
CK-ML-10808,Kheer / Payasam,Dairy & Desserts,Insulated Hot Pot (>55C),Open Container,61.5,62.9,10.0,3,1.6,0.0,0.0,0
CK-ML-10809,Butter Naan,Indian Breads (Roti/Naan),Refrigerated (4-7C),Covered Degchi / Pot,6.4,61.1,6.7,1,0.8,23.38,77.7,1
CK-ML-10810,Puri,Indian Breads (Roti/Naan),Ambient Room Temp,Aluminium Foil Wrap,25.3,54.6,11.4,1,0.8,6.0,34.4,0
CK-ML-10811,Dal Makhani,Dal & Lentils,Ambient Room Temp,Covered Degchi / Pot,34.0,41.9,5.0,3,1.3,0.0,0.0,0
CK-ML-10812,Dal Tadka,Dal & Lentils,Ambient Room Temp,Aluminium Foil Wrap,23.4,53.7,0.6,3,1.3,9.83,94.1,1
CK-ML-10813,Dum Aloo,Cooked Curry / Gravy,Insulated Hot Pot (>55C),Aluminium Foil Wrap,62.8,64.2,1.1,3,1.4,11.11,91.0,1
CK-ML-10814,Sweet Lassi,Dairy & Desserts,Refrigerated (4-7C),Open Container,6.3,79.0,2.3,3,1.6,8.38,78.5,1
CK-ML-10815,Pulao,Cooked Rice / Biryani,Insulated Hot Pot (>55C),Covered Degchi / Pot,60.1,75.4,8.9,2,1.2,2.31,20.6,0
CK-ML-10816,Steamed Rice,Cooked Rice / Biryani,Insulated Hot Pot (>55C),Covered Degchi / Pot,63.9,30.5,1.4,2,1.2,10.04,88.0,1
CK-ML-10817,Pulao,Cooked Rice / Biryani,Ambient Room Temp,Airtight Food Box,32.3,39.4,9.8,2,1.2,0.0,0.0,0
CK-ML-10818,Butter Naan,Indian Breads (Roti/Naan),Refrigerated (4-7C),Open Container,6.4,45.9,6.1,1,0.8,14.93,71.1,1
CK-ML-10819,Pulao,Cooked Rice / Biryani,Refrigerated (4-7C),Aluminium Foil Wrap,4.6,32.6,9.2,2,1.2,14.92,61.9,1
CK-ML-10820,Puri,Indian Breads (Roti/Naan),Refrigerated (4-7C),Open Container,3.5,62.8,4.4,1,0.8,16.36,78.7,1
CK-ML-10821,Kachori,Fried Items (Samosa/Puri),Ambient Room Temp,Covered Degchi / Pot,32.8,78.7,10.0,1,0.7,0.0,0.0,0
CK-ML-10822,Dinner Rolls,Bakery / Packaged Breads,Insulated Hot Pot (>55C),Airtight Food Box,61.1,34.3,8.2,1,0.5,24.0,58.0,1
CK-ML-10823,Sambhar,Dal & Lentils,Ambient Room Temp,Aluminium Foil Wrap,26.2,47.8,2.5,3,1.3,8.33,76.7,1
CK-ML-10824,Sambhar,Dal & Lentils,Ambient Room Temp,Covered Degchi / Pot,26.3,76.0,7.2,3,1.3,1.92,21.1,0
CK-ML-10825,Dal Makhani,Dal & Lentils,Ambient Room Temp,Airtight Food Box,30.8,53.7,3.5,3,1.3,4.67,57.4,1
CK-ML-10826,Paneer Butter Masala,Cooked Curry / Gravy,Ambient Room Temp,Open Container,23.7,66.4,2.8,3,1.4,3.01,51.8,1
CK-ML-10827,Veg Biryani,Cooked Rice / Biryani,Ambient Room Temp,Open Container,30.9,62.6,9.5,2,1.2,0.0,0.0,0
CK-ML-10828,Veg Biryani,Cooked Rice / Biryani,Ambient Room Temp,Aluminium Foil Wrap,24.4,63.3,6.5,2,1.2,4.77,42.2,1
CK-ML-10829,Tandoori Roti,Indian Breads (Roti/Naan),Ambient Room Temp,Airtight Food Box,23.5,52.5,9.2,1,0.8,11.92,56.5,1
CK-ML-10830,Fruit Chaat,Raw Vegetables & Salad,Ambient Room Temp,Covered Degchi / Pot,34.3,39.5,10.8,2,1.1,0.0,0.0,0
CK-ML-10831,Dal Tadka,Dal & Lentils,Ambient Room Temp,Covered Degchi / Pot,29.3,59.3,6.5,3,1.3,0.08,1.2,0
CK-ML-10832,Pulao,Cooked Rice / Biryani,Refrigerated (4-7C),Covered Degchi / Pot,7.0,67.8,4.3,2,1.2,16.18,78.9,1
CK-ML-10833,Veg Cutlet,Fried Items (Samosa/Puri),Ambient Room Temp,Aluminium Foil Wrap,33.0,73.7,1.0,1,0.7,9.64,90.8,1
CK-ML-10834,Puri,Indian Breads (Roti/Naan),Ambient Room Temp,Covered Degchi / Pot,31.0,62.8,3.2,1,0.8,6.12,65.8,1
CK-ML-10835,Fruit Chaat,Raw Vegetables & Salad,Ambient Room Temp,Covered Degchi / Pot,28.8,44.9,8.3,2,1.1,0.0,0.0,0
CK-ML-10836,Paneer Tikka,Dairy & Desserts,Refrigerated (4-7C),Aluminium Foil Wrap,5.5,67.0,8.1,3,1.6,10.03,55.3,1
CK-ML-10837,Veg Biryani,Cooked Rice / Biryani,Ambient Room Temp,Covered Degchi / Pot,22.4,30.2,3.1,2,1.2,6.53,67.7,1
CK-ML-10838,Paneer Tikka,Dairy & Desserts,Refrigerated (4-7C),Covered Degchi / Pot,7.1,34.9,3.2,3,1.6,11.59,78.5,1
CK-ML-10839,Kachori,Fried Items (Samosa/Puri),Ambient Room Temp,Open Container,24.6,65.3,3.3,1,0.7,8.81,72.7,1
CK-ML-10840,Fruit Chaat,Raw Vegetables & Salad,Ambient Room Temp,Aluminium Foil Wrap,32.1,34.5,4.4,2,1.1,2.45,35.9,0
CK-ML-10841,Paneer Butter Masala,Cooked Curry / Gravy,Ambient Room Temp,Airtight Food Box,22.1,30.6,5.3,3,1.4,6.96,56.8,1
CK-ML-10842,Spring Roll,Fried Items (Samosa/Puri),Ambient Room Temp,Open Container,38.0,38.6,1.8,1,0.7,2.17,54.7,0
CK-ML-10843,Tandoori Roti,Indian Breads (Roti/Naan),Refrigerated (4-7C),Airtight Food Box,7.0,51.7,9.1,1,0.8,24.0,52.7,1
CK-ML-10844,Paratha,Indian Breads (Roti/Naan),Refrigerated (4-7C),Covered Degchi / Pot,5.6,80.0,3.8,1,0.8,24.0,81.8,1
CK-ML-10845,Pulao,Cooked Rice / Biryani,Ambient Room Temp,Aluminium Foil Wrap,38.5,57.2,6.9,2,1.2,0.0,0.0,0
CK-ML-10846,Khichdi,Cooked Rice / Biryani,Insulated Hot Pot (>55C),Open Container,59.5,38.2,5.4,2,1.2,2.73,33.4,0
CK-ML-10847,Veg Biryani,Cooked Rice / Biryani,Ambient Room Temp,Open Container,32.0,36.9,5.4,2,1.2,0.0,0.0,0
CK-ML-10848,Khichdi,Cooked Rice / Biryani,Insulated Hot Pot (>55C),Airtight Food Box,62.1,72.5,6.8,2,1.2,10.96,61.6,1
CK-ML-10849,Paneer Tikka,Dairy & Desserts,Ambient Room Temp,Covered Degchi / Pot,29.9,44.3,11.6,3,1.6,0.0,0.0,0
CK-ML-10850,Chana Dal,Dal & Lentils,Refrigerated (4-7C),Covered Degchi / Pot,4.6,56.8,9.6,3,1.3,8.62,47.4,1
CK-ML-10851,Gulab Jamun in Chashni,Dairy & Desserts,Ambient Room Temp,Covered Degchi / Pot,27.4,68.7,1.1,3,1.6,5.01,82.0,1
CK-ML-10852,Veg Biryani,Cooked Rice / Biryani,Refrigerated (4-7C),Airtight Food Box,5.2,56.0,11.7,2,1.2,18.59,61.3,1
CK-ML-10853,Pav Buns,Bakery / Packaged Breads,Ambient Room Temp,Open Container,30.8,36.2,11.6,1,0.5,0.0,0.0,0
CK-ML-10854,Yellow Dal,Dal & Lentils,Insulated Hot Pot (>55C),Airtight Food Box,52.3,48.3,7.6,3,1.3,8.2,51.8,1
CK-ML-10855,Dum Aloo,Cooked Curry / Gravy,Ambient Room Temp,Covered Degchi / Pot,34.2,67.3,6.4,3,1.4,0.0,0.0,0
CK-ML-10856,Steamed Rice,Cooked Rice / Biryani,Ambient Room Temp,Covered Degchi / Pot,25.9,76.6,10.9,2,1.2,0.0,0.0,0
CK-ML-10857,Gulab Jamun in Chashni,Dairy & Desserts,Ambient Room Temp,Open Container,34.5,79.6,7.7,3,1.6,0.0,0.0,0
CK-ML-10858,Fruit Chaat,Raw Vegetables & Salad,Ambient Room Temp,Open Container,27.2,49.6,2.6,2,1.1,4.13,61.7,1
CK-ML-10859,Paratha,Indian Breads (Roti/Naan),Ambient Room Temp,Covered Degchi / Pot,34.5,46.8,4.3,1,0.8,2.33,35.2,0
CK-ML-10860,Mixed Veg Curry,Cooked Curry / Gravy,Refrigerated (4-7C),Covered Degchi / Pot,3.9,46.1,5.9,3,1.4,10.42,64.0,1
CK-ML-10861,Dinner Rolls,Bakery / Packaged Breads,Ambient Room Temp,Airtight Food Box,36.3,54.1,8.1,1,0.5,5.17,39.0,0
CK-ML-10862,Rasgulla,Dairy & Desserts,Ambient Room Temp,Covered Degchi / Pot,24.0,70.1,6.6,3,1.6,0.9,12.0,0
CK-ML-10863,Chana Dal,Dal & Lentils,Ambient Room Temp,Open Container,32.9,43.1,1.1,3,1.3,2.42,68.7,0
CK-ML-10864,Sweet Lassi,Dairy & Desserts,Ambient Room Temp,Open Container,37.8,62.4,4.9,3,1.6,0.0,0.0,0
CK-ML-10865,Kachori,Fried Items (Samosa/Puri),Refrigerated (4-7C),Airtight Food Box,4.9,76.7,1.1,1,0.7,24.0,46.0,1
CK-ML-10866,Puri,Indian Breads (Roti/Naan),Ambient Room Temp,Aluminium Foil Wrap,26.8,66.1,10.4,1,0.8,6.09,36.9,0
CK-ML-10867,Paratha,Indian Breads (Roti/Naan),Ambient Room Temp,Open Container,29.6,32.5,7.0,1,0.8,0.63,8.2,0
CK-ML-10868,Jeera Rice,Cooked Rice / Biryani,Refrigerated (4-7C),Airtight Food Box,3.2,58.3,9.3,2,1.2,20.8,69.1,1
CK-ML-10869,Kadhai Paneer,Cooked Curry / Gravy,Insulated Hot Pot (>55C),Aluminium Foil Wrap,61.9,42.1,10.9,3,1.4,1.03,8.6,0
CK-ML-10870,Sprouts Salad,Raw Vegetables & Salad,Refrigerated (4-7C),Covered Degchi / Pot,6.2,77.8,6.6,2,1.1,14.67,68.9,1
CK-ML-10871,Sambhar,Dal & Lentils,Insulated Hot Pot (>55C),Airtight Food Box,56.3,64.6,10.9,3,1.3,5.01,31.5,0
CK-ML-10872,Mixed Veg Curry,Cooked Curry / Gravy,Ambient Room Temp,Aluminium Foil Wrap,29.0,57.3,5.5,3,1.4,2.49,31.1,0
CK-ML-10873,Aloo Samosa,Fried Items (Samosa/Puri),Ambient Room Temp,Covered Degchi / Pot,33.4,55.4,8.8,1,0.7,0.0,0.0,0
CK-ML-10874,Chana Dal,Dal & Lentils,Ambient Room Temp,Covered Degchi / Pot,24.7,31.6,11.4,3,1.3,0.0,0.0,0
CK-ML-10875,Pulao,Cooked Rice / Biryani,Insulated Hot Pot (>55C),Open Container,58.7,63.4,11.0,2,1.2,0.0,0.0,0
CK-ML-10876,Chole Gravy,Cooked Curry / Gravy,Ambient Room Temp,Covered Degchi / Pot,33.7,49.4,4.5,3,1.4,0.0,0.0,0
CK-ML-10877,Paneer Tikka,Dairy & Desserts,Ambient Room Temp,Aluminium Foil Wrap,22.3,38.3,7.5,3,1.6,1.35,15.3,0
CK-ML-10878,Pulao,Cooked Rice / Biryani,Refrigerated (4-7C),Aluminium Foil Wrap,5.2,32.0,11.8,2,1.2,12.34,51.1,1
CK-ML-10879,Yellow Dal,Dal & Lentils,Refrigerated (4-7C),Open Container,4.2,61.8,5.7,3,1.3,7.03,55.1,1
CK-ML-10880,Butter Naan,Indian Breads (Roti/Naan),Ambient Room Temp,Aluminium Foil Wrap,37.9,49.2,8.9,1,0.8,0.0,0.0,0
CK-ML-10881,Paneer Butter Masala,Cooked Curry / Gravy,Ambient Room Temp,Open Container,36.1,45.1,5.9,3,1.4,0.0,0.0,0
CK-ML-10882,Sprouts Salad,Raw Vegetables & Salad,Insulated Hot Pot (>55C),Open Container,63.7,77.2,6.5,2,1.1,1.55,19.3,0
CK-ML-10883,Puri,Indian Breads (Roti/Naan),Refrigerated (4-7C),Open Container,3.2,54.9,2.3,1,0.8,18.53,89.0,1
CK-ML-10884,Yellow Dal,Dal & Lentils,Ambient Room Temp,Airtight Food Box,35.7,32.9,11.1,3,1.3,0.0,0.0,0
CK-ML-10885,Sprouts Salad,Raw Vegetables & Salad,Ambient Room Temp,Aluminium Foil Wrap,35.0,51.6,6.1,2,1.1,0.19,3.0,0
CK-ML-10886,Jeera Rice,Cooked Rice / Biryani,Ambient Room Temp,Airtight Food Box,34.9,52.6,1.0,2,1.2,6.26,86.3,1
CK-ML-10887,Steamed Rice,Cooked Rice / Biryani,Ambient Room Temp,Aluminium Foil Wrap,26.0,74.5,0.6,2,1.2,10.19,94.4,1
CK-ML-10888,Mixed Veg Curry,Cooked Curry / Gravy,Ambient Room Temp,Aluminium Foil Wrap,38.5,66.2,2.9,3,1.4,1.03,26.0,0
CK-ML-10889,Chole Gravy,Cooked Curry / Gravy,Ambient Room Temp,Open Container,37.4,70.2,1.3,3,1.4,1.24,49.6,0
CK-ML-10890,Cucumber Tomato Salad,Raw Vegetables & Salad,Refrigerated (4-7C),Covered Degchi / Pot,5.6,34.1,9.3,2,1.1,13.04,58.4,1
CK-ML-10891,Paneer Butter Masala,Cooked Curry / Gravy,Insulated Hot Pot (>55C),Covered Degchi / Pot,54.2,53.0,8.2,3,1.4,1.47,15.2,0
CK-ML-10892,Aloo Samosa,Fried Items (Samosa/Puri),Insulated Hot Pot (>55C),Open Container,61.0,68.7,8.0,1,0.7,5.17,39.1,0
CK-ML-10893,Yellow Dal,Dal & Lentils,Refrigerated (4-7C),Open Container,5.8,74.6,6.3,3,1.3,6.52,50.8,1
CK-ML-10894,Paratha,Indian Breads (Roti/Naan),Insulated Hot Pot (>55C),Airtight Food Box,54.1,71.1,6.5,1,0.8,19.34,74.9,1
CK-ML-10895,Yellow Dal,Dal & Lentils,Refrigerated (4-7C),Covered Degchi / Pot,3.3,73.2,6.2,3,1.3,12.88,67.3,1
CK-ML-10896,Butter Naan,Indian Breads (Roti/Naan),Ambient Room Temp,Covered Degchi / Pot,26.1,54.2,10.7,1,0.8,2.66,19.9,0
CK-ML-10897,Pulao,Cooked Rice / Biryani,Ambient Room Temp,Covered Degchi / Pot,38.4,62.6,5.7,2,1.2,0.0,0.0,0
CK-ML-10898,White Bread Loaf,Bakery / Packaged Breads,Refrigerated (4-7C),Aluminium Foil Wrap,4.0,76.1,7.3,1,0.5,24.0,41.1,1
CK-ML-10899,Jeera Rice,Cooked Rice / Biryani,Insulated Hot Pot (>55C),Covered Degchi / Pot,51.7,67.9,9.2,2,1.2,2.18,19.1,0
CK-ML-10900,Steamed Rice,Cooked Rice / Biryani,Insulated Hot Pot (>55C),Aluminium Foil Wrap,64.2,48.5,2.1,2,1.2,11.99,85.3,1
CK-ML-10901,Dal Makhani,Dal & Lentils,Ambient Room Temp,Airtight Food Box,26.3,50.3,4.9,3,1.3,8.01,62.0,1
CK-ML-10902,Kadhai Paneer,Cooked Curry / Gravy,Ambient Room Temp,Covered Degchi / Pot,32.4,58.3,8.7,3,1.4,0.0,0.0,0
CK-ML-10903,Dinner Rolls,Bakery / Packaged Breads,Insulated Hot Pot (>55C),Covered Degchi / Pot,56.6,57.0,11.6,1,0.5,15.82,57.6,1
CK-ML-10904,Tandoori Roti,Indian Breads (Roti/Naan),Ambient Room Temp,Airtight Food Box,22.2,52.1,1.0,1,0.8,19.93,95.1,1
CK-ML-10905,Paratha,Indian Breads (Roti/Naan),Refrigerated (4-7C),Covered Degchi / Pot,6.9,63.1,5.5,1,0.8,24.0,80.6,1
CK-ML-10906,Pulao,Cooked Rice / Biryani,Ambient Room Temp,Covered Degchi / Pot,24.9,46.1,5.6,2,1.2,3.23,36.7,0
CK-ML-10907,Kheer / Payasam,Dairy & Desserts,Ambient Room Temp,Covered Degchi / Pot,22.9,32.2,8.8,3,1.6,0.0,0.0,0
CK-ML-10908,Kadhai Paneer,Cooked Curry / Gravy,Refrigerated (4-7C),Covered Degchi / Pot,3.4,32.4,5.7,3,1.4,11.2,66.5,1
CK-ML-10909,Dal Tadka,Dal & Lentils,Insulated Hot Pot (>55C),Covered Degchi / Pot,59.6,31.2,5.4,3,1.3,4.86,47.1,1
CK-ML-10910,Paneer Butter Masala,Cooked Curry / Gravy,Refrigerated (4-7C),Airtight Food Box,3.2,35.2,10.6,3,1.4,15.65,59.5,1
CK-ML-10911,Dal Makhani,Dal & Lentils,Ambient Room Temp,Covered Degchi / Pot,26.8,77.4,10.2,3,1.3,0.0,0.0,0
CK-ML-10912,Paneer Butter Masala,Cooked Curry / Gravy,Ambient Room Temp,Aluminium Foil Wrap,37.2,62.7,4.5,3,1.4,0.0,0.0,0
CK-ML-10913,White Bread Loaf,Bakery / Packaged Breads,Ambient Room Temp,Open Container,26.7,74.4,1.0,1,0.5,15.02,94.0,1
CK-ML-10914,Mixed Veg Curry,Cooked Curry / Gravy,Ambient Room Temp,Covered Degchi / Pot,28.2,33.3,11.9,3,1.4,0.0,0.0,0
CK-ML-10915,Mixed Veg Curry,Cooked Curry / Gravy,Insulated Hot Pot (>55C),Covered Degchi / Pot,53.7,56.6,6.0,3,1.4,3.51,36.7,0
CK-ML-10916,Mixed Veg Curry,Cooked Curry / Gravy,Ambient Room Temp,Aluminium Foil Wrap,23.7,58.8,6.9,3,1.4,2.96,30.1,0
CK-ML-10917,Chole Gravy,Cooked Curry / Gravy,Ambient Room Temp,Covered Degchi / Pot,26.0,32.5,3.6,3,1.4,4.49,55.6,1
CK-ML-10918,Fruit Buns,Bakery / Packaged Breads,Ambient Room Temp,Aluminium Foil Wrap,29.2,36.4,1.9,1,0.5,19.65,91.1,1
CK-ML-10919,Puri,Indian Breads (Roti/Naan),Insulated Hot Pot (>55C),Aluminium Foil Wrap,54.9,32.1,6.2,1,0.8,14.29,69.7,1
CK-ML-10920,Veg Cutlet,Fried Items (Samosa/Puri),Refrigerated (4-7C),Open Container,6.2,41.7,3.6,1,0.7,20.47,85.1,1
CK-ML-10921,Butter Naan,Indian Breads (Roti/Naan),Ambient Room Temp,Aluminium Foil Wrap,28.3,54.7,7.2,1,0.8,7.59,51.4,1
CK-ML-10922,Mixed Veg Curry,Cooked Curry / Gravy,Ambient Room Temp,Covered Degchi / Pot,24.8,48.1,3.4,3,1.4,5.08,60.0,1
CK-ML-10923,Pakoda,Fried Items (Samosa/Puri),Ambient Room Temp,Covered Degchi / Pot,38.8,58.1,8.4,1,0.7,0.0,0.0,0
CK-ML-10924,White Bread Loaf,Bakery / Packaged Breads,Refrigerated (4-7C),Covered Degchi / Pot,3.4,39.2,7.3,1,0.5,24.0,50.5,1
CK-ML-10925,Puri,Indian Breads (Roti/Naan),Ambient Room Temp,Open Container,37.2,64.3,3.4,1,0.8,0.66,16.3,0
CK-ML-10926,Puri,Indian Breads (Roti/Naan),Ambient Room Temp,Covered Degchi / Pot,30.4,46.6,1.3,1,0.8,7.79,85.6,1
CK-ML-10927,Dum Aloo,Cooked Curry / Gravy,Ambient Room Temp,Covered Degchi / Pot,36.0,54.3,6.7,3,1.4,0.0,0.0,0
CK-ML-10928,Mixed Veg Curry,Cooked Curry / Gravy,Ambient Room Temp,Aluminium Foil Wrap,25.2,62.7,2.2,3,1.4,7.32,76.9,1
CK-ML-10929,Tandoori Roti,Indian Breads (Roti/Naan),Ambient Room Temp,Aluminium Foil Wrap,37.1,65.1,3.0,1,0.8,3.89,56.6,1
CK-ML-10930,Gulab Jamun in Chashni,Dairy & Desserts,Ambient Room Temp,Airtight Food Box,25.9,44.0,2.0,3,1.6,8.08,80.4,1
CK-ML-10931,Paratha,Indian Breads (Roti/Naan),Refrigerated (4-7C),Covered Degchi / Pot,7.3,68.6,10.2,1,0.8,19.3,65.4,1
CK-ML-10932,Sweet Lassi,Dairy & Desserts,Ambient Room Temp,Airtight Food Box,33.5,54.9,1.6,3,1.6,4.1,72.2,1
CK-ML-10933,Pulao,Cooked Rice / Biryani,Ambient Room Temp,Covered Degchi / Pot,26.4,54.0,4.7,2,1.2,4.39,48.2,1
CK-ML-10934,Steamed Rice,Cooked Rice / Biryani,Refrigerated (4-7C),Airtight Food Box,6.7,64.9,3.9,2,1.2,24.0,78.4,1
CK-ML-10935,Jeera Rice,Cooked Rice / Biryani,Refrigerated (4-7C),Covered Degchi / Pot,6.8,37.0,6.8,2,1.2,13.09,66.0,1
CK-ML-10936,Kadhai Paneer,Cooked Curry / Gravy,Refrigerated (4-7C),Covered Degchi / Pot,4.9,78.1,7.4,3,1.4,9.59,56.5,1
CK-ML-10937,Sweet Lassi,Dairy & Desserts,Ambient Room Temp,Covered Degchi / Pot,36.6,33.9,1.3,3,1.6,1.41,51.3,0
CK-ML-10938,Paratha,Indian Breads (Roti/Naan),Insulated Hot Pot (>55C),Covered Degchi / Pot,54.1,69.6,3.1,1,0.8,14.1,82.0,1
CK-ML-10939,Veg Cutlet,Fried Items (Samosa/Puri),Ambient Room Temp,Covered Degchi / Pot,25.8,54.7,11.6,1,0.7,4.2,26.7,0
CK-ML-10940,Veg Biryani,Cooked Rice / Biryani,Refrigerated (4-7C),Open Container,3.3,48.5,6.3,2,1.2,8.31,56.8,1
CK-ML-10941,Phulka Chapati,Indian Breads (Roti/Naan),Refrigerated (4-7C),Covered Degchi / Pot,5.6,57.4,7.9,1,0.8,21.74,73.4,1
CK-ML-10942,Chole Gravy,Cooked Curry / Gravy,Ambient Room Temp,Covered Degchi / Pot,22.6,39.8,10.0,3,1.4,0.0,0.0,0
CK-ML-10943,Gulab Jamun in Chashni,Dairy & Desserts,Ambient Room Temp,Open Container,32.0,79.5,2.4,3,1.6,0.7,22.5,0
CK-ML-10944,Pakoda,Fried Items (Samosa/Puri),Ambient Room Temp,Covered Degchi / Pot,36.5,56.5,3.4,1,0.7,3.03,46.8,1
CK-ML-10945,Butter Naan,Indian Breads (Roti/Naan),Ambient Room Temp,Covered Degchi / Pot,35.8,66.8,8.1,1,0.8,0.0,0.0,0
CK-ML-10946,Yellow Dal,Dal & Lentils,Refrigerated (4-7C),Covered Degchi / Pot,4.2,66.7,1.6,3,1.3,16.49,91.3,1
CK-ML-10947,Fruit Buns,Bakery / Packaged Breads,Refrigerated (4-7C),Open Container,3.0,38.4,7.2,1,0.5,24.0,71.0,1
CK-ML-10948,Pakoda,Fried Items (Samosa/Puri),Ambient Room Temp,Covered Degchi / Pot,24.0,56.7,8.3,1,0.7,7.61,47.9,1
CK-ML-10949,Dal Tadka,Dal & Lentils,Refrigerated (4-7C),Aluminium Foil Wrap,5.0,77.2,1.1,3,1.3,21.61,95.4,1
CK-ML-10950,Veg Biryani,Cooked Rice / Biryani,Ambient Room Temp,Airtight Food Box,33.4,38.8,7.2,2,1.2,0.26,3.5,0
CK-ML-10951,Sprouts Salad,Raw Vegetables & Salad,Refrigerated (4-7C),Aluminium Foil Wrap,6.5,74.0,9.8,2,1.1,16.33,62.6,1
CK-ML-10952,Boiled Corn Salad,Raw Vegetables & Salad,Ambient Room Temp,Covered Degchi / Pot,29.6,46.0,9.1,2,1.1,0.0,0.0,0
CK-ML-10953,White Bread Loaf,Bakery / Packaged Breads,Refrigerated (4-7C),Open Container,3.4,66.5,4.5,1,0.5,24.0,72.3,1
CK-ML-10954,Mixed Veg Curry,Cooked Curry / Gravy,Refrigerated (4-7C),Airtight Food Box,5.2,60.2,4.2,3,1.4,22.35,84.1,1
CK-ML-10955,Pav Buns,Bakery / Packaged Breads,Insulated Hot Pot (>55C),Airtight Food Box,51.6,36.4,6.9,1,0.5,24.0,57.8,1
CK-ML-10956,Jeera Rice,Cooked Rice / Biryani,Ambient Room Temp,Covered Degchi / Pot,27.4,59.6,1.3,2,1.2,7.17,84.3,1
CK-ML-10957,Chole Gravy,Cooked Curry / Gravy,Refrigerated (4-7C),Aluminium Foil Wrap,6.4,65.8,8.2,3,1.4,13.68,62.5,1
CK-ML-10958,Kadhai Paneer,Cooked Curry / Gravy,Ambient Room Temp,Covered Degchi / Pot,33.4,31.6,8.9,3,1.4,0.0,0.0,0
CK-ML-10959,Sweet Lassi,Dairy & Desserts,Refrigerated (4-7C),Covered Degchi / Pot,5.5,74.1,6.6,3,1.6,9.36,58.8,1
CK-ML-10960,Spring Roll,Fried Items (Samosa/Puri),Ambient Room Temp,Covered Degchi / Pot,37.8,38.6,7.2,1,0.7,0.0,0.0,0
CK-ML-10961,Butter Naan,Indian Breads (Roti/Naan),Refrigerated (4-7C),Open Container,6.4,45.6,4.0,1,0.8,16.84,80.7,1
CK-ML-10962,Tandoori Roti,Indian Breads (Roti/Naan),Ambient Room Temp,Aluminium Foil Wrap,33.7,47.2,3.7,1,0.8,5.23,58.6,1
CK-ML-10963,White Bread Loaf,Bakery / Packaged Breads,Ambient Room Temp,Open Container,33.8,69.8,4.4,1,0.5,3.49,44.2,1
CK-ML-10964,Paneer Butter Masala,Cooked Curry / Gravy,Ambient Room Temp,Open Container,26.0,52.4,1.3,3,1.4,4.15,75.7,1
CK-ML-10965,Dinner Rolls,Bakery / Packaged Breads,Ambient Room Temp,Aluminium Foil Wrap,32.9,32.7,5.2,1,0.5,9.95,65.7,1
CK-ML-10966,Chole Gravy,Cooked Curry / Gravy,Ambient Room Temp,Aluminium Foil Wrap,35.7,39.0,11.5,3,1.4,0.0,0.0,0
CK-ML-10967,Dal Tadka,Dal & Lentils,Refrigerated (4-7C),Open Container,7.1,40.4,8.2,3,1.3,4.84,37.2,0
CK-ML-10968,Mixed Veg Curry,Cooked Curry / Gravy,Insulated Hot Pot (>55C),Aluminium Foil Wrap,55.7,52.2,1.0,3,1.4,10.67,91.1,1
CK-ML-10969,Mixed Veg Curry,Cooked Curry / Gravy,Ambient Room Temp,Aluminium Foil Wrap,33.7,36.4,5.4,3,1.4,0.0,0.0,0
CK-ML-10970,Steamed Rice,Cooked Rice / Biryani,Ambient Room Temp,Aluminium Foil Wrap,22.2,34.0,7.1,2,1.2,3.9,35.3,0
CK-ML-10971,White Bread Loaf,Bakery / Packaged Breads,Refrigerated (4-7C),Aluminium Foil Wrap,4.3,48.9,1.7,1,0.5,24.0,40.8,1
CK-ML-10972,Aloo Samosa,Fried Items (Samosa/Puri),Insulated Hot Pot (>55C),Covered Degchi / Pot,53.4,67.5,7.8,1,0.7,12.4,61.5,1
CK-ML-10973,Spring Roll,Fried Items (Samosa/Puri),Ambient Room Temp,Covered Degchi / Pot,22.5,74.0,0.6,1,0.7,15.13,95.9,1
CK-ML-10974,Steamed Rice,Cooked Rice / Biryani,Ambient Room Temp,Open Container,31.3,41.0,5.4,2,1.2,0.0,0.0,0
CK-ML-10975,Paratha,Indian Breads (Roti/Naan),Ambient Room Temp,Open Container,36.5,64.0,2.6,1,0.8,1.81,40.6,0
CK-ML-10976,Dal Tadka,Dal & Lentils,Ambient Room Temp,Covered Degchi / Pot,23.8,66.0,10.3,3,1.3,0.0,0.0,0
CK-ML-10977,Pulao,Cooked Rice / Biryani,Ambient Room Temp,Open Container,32.5,54.1,5.8,2,1.2,0.0,0.0,0
CK-ML-10978,Puri,Indian Breads (Roti/Naan),Refrigerated (4-7C),Open Container,7.3,57.0,8.7,1,0.8,11.56,57.0,1
CK-ML-10979,Butter Naan,Indian Breads (Roti/Naan),Insulated Hot Pot (>55C),Airtight Food Box,55.0,58.0,1.6,1,0.8,24.0,92.9,1
CK-ML-10980,Steamed Rice,Cooked Rice / Biryani,Ambient Room Temp,Open Container,32.3,64.6,4.9,2,1.2,0.0,0.0,0
CK-ML-10981,Sprouts Salad,Raw Vegetables & Salad,Refrigerated (4-7C),Open Container,3.6,64.0,10.2,2,1.1,5.28,34.1,0
CK-ML-10982,Kadhai Paneer,Cooked Curry / Gravy,Ambient Room Temp,Open Container,33.9,69.5,3.9,3,1.4,0.0,0.0,0
CK-ML-10983,Dal Tadka,Dal & Lentils,Ambient Room Temp,Covered Degchi / Pot,33.2,74.1,5.2,3,1.3,0.0,0.0,0
CK-ML-10984,Khichdi,Cooked Rice / Biryani,Ambient Room Temp,Open Container,28.1,30.4,10.2,2,1.2,0.0,0.0,0
CK-ML-10985,Paneer Butter Masala,Cooked Curry / Gravy,Refrigerated (4-7C),Covered Degchi / Pot,6.9,30.8,5.5,3,1.4,11.27,67.1,1
CK-ML-10986,Dal Tadka,Dal & Lentils,Ambient Room Temp,Covered Degchi / Pot,37.1,35.2,10.0,3,1.3,0.0,0.0,0
CK-ML-10987,Pulao,Cooked Rice / Biryani,Ambient Room Temp,Airtight Food Box,31.7,71.3,3.7,2,1.2,4.84,56.9,1
CK-ML-10988,Chana Dal,Dal & Lentils,Ambient Room Temp,Airtight Food Box,29.1,50.4,4.2,3,1.3,5.64,57.1,1
CK-ML-10989,Sweet Lassi,Dairy & Desserts,Ambient Room Temp,Covered Degchi / Pot,27.3,44.6,9.8,3,1.6,0.0,0.0,0
CK-ML-10990,Dal Makhani,Dal & Lentils,Refrigerated (4-7C),Aluminium Foil Wrap,5.0,53.6,7.9,3,1.3,15.06,65.6,1
CK-ML-10991,Dum Aloo,Cooked Curry / Gravy,Ambient Room Temp,Airtight Food Box,27.4,45.7,7.8,3,1.4,3.78,32.7,0
CK-ML-10992,Dum Aloo,Cooked Curry / Gravy,Refrigerated (4-7C),Aluminium Foil Wrap,5.7,46.9,3.5,3,1.4,17.15,83.0,1
CK-ML-10993,Kadhai Paneer,Cooked Curry / Gravy,Ambient Room Temp,Covered Degchi / Pot,30.1,48.2,7.9,3,1.4,0.0,0.0,0
CK-ML-10994,Phulka Chapati,Indian Breads (Roti/Naan),Ambient Room Temp,Airtight Food Box,38.2,33.2,7.4,1,0.8,0.58,7.2,0
CK-ML-10995,Chole Gravy,Cooked Curry / Gravy,Insulated Hot Pot (>55C),Aluminium Foil Wrap,63.2,80.0,3.3,3,1.4,8.88,72.8,1
CK-ML-10996,Khichdi,Cooked Rice / Biryani,Ambient Room Temp,Airtight Food Box,22.4,64.4,7.4,2,1.2,7.22,49.2,1
CK-ML-10997,White Bread Loaf,Bakery / Packaged Breads,Refrigerated (4-7C),Airtight Food Box,3.7,75.3,6.4,1,0.5,24.0,32.8,0
CK-ML-10998,Spring Roll,Fried Items (Samosa/Puri),Refrigerated (4-7C),Open Container,4.0,51.9,9.5,1,0.7,14.87,61.0,1
CK-ML-10999,Kheer / Payasam,Dairy & Desserts,Refrigerated (4-7C),Covered Degchi / Pot,3.6,64.3,11.0,3,1.6,4.33,28.2,0
CK-ML-11000,Dinner Rolls,Bakery / Packaged Breads,Ambient Room Temp,Open Container,37.4,35.2,8.8,1,0.5,0.0,0.0,0
CK-ML-11001,Spring Roll,Fried Items (Samosa/Puri),Ambient Room Temp,Airtight Food Box,28.9,33.1,9.9,1,0.7,9.2,48.1,1
CK-ML-11002,Dum Aloo,Cooked Curry / Gravy,Ambient Room Temp,Aluminium Foil Wrap,30.9,50.1,4.0,3,1.4,2.06,34.2,0
CK-ML-11003,Rasgulla,Dairy & Desserts,Ambient Room Temp,Aluminium Foil Wrap,26.2,46.8,7.3,3,1.6,1.91,20.8,0
CK-ML-11004,Khichdi,Cooked Rice / Biryani,Ambient Room Temp,Open Container,35.7,47.7,7.9,2,1.2,0.0,0.0,0
CK-ML-11005,Steamed Rice,Cooked Rice / Biryani,Insulated Hot Pot (>55C),Airtight Food Box,61.7,43.5,9.8,2,1.2,7.23,42.4,1
CK-ML-11006,Dal Tadka,Dal & Lentils,Refrigerated (4-7C),Open Container,5.0,35.0,8.6,3,1.3,4.31,33.3,0
CK-ML-11007,Dum Aloo,Cooked Curry / Gravy,Ambient Room Temp,Open Container,25.0,78.0,8.5,3,1.4,0.0,0.0,0
CK-ML-11008,Khichdi,Cooked Rice / Biryani,Ambient Room Temp,Aluminium Foil Wrap,36.6,36.1,5.5,2,1.2,0.0,0.0,0
CK-ML-11009,Chana Dal,Dal & Lentils,Ambient Room Temp,Airtight Food Box,30.2,46.7,5.7,3,1.3,2.58,31.3,0
CK-ML-11010,Dal Tadka,Dal & Lentils,Ambient Room Temp,Open Container,26.8,57.8,8.9,3,1.3,0.0,0.0,0
CK-ML-11011,Dal Tadka,Dal & Lentils,Ambient Room Temp,Covered Degchi / Pot,24.4,40.7,1.7,3,1.3,7.23,80.8,1
CK-ML-11012,Dinner Rolls,Bakery / Packaged Breads,Ambient Room Temp,Airtight Food Box,26.1,48.6,3.1,1,0.5,24.0,70.0,1
CK-ML-11013,Phulka Chapati,Indian Breads (Roti/Naan),Insulated Hot Pot (>55C),Covered Degchi / Pot,51.2,39.6,5.6,1,0.8,11.93,68.2,1
CK-ML-11014,Pav Buns,Bakery / Packaged Breads,Insulated Hot Pot (>55C),Covered Degchi / Pot,63.7,78.1,5.4,1,0.5,21.91,80.2,1
CK-ML-11015,Mixed Veg Curry,Cooked Curry / Gravy,Ambient Room Temp,Aluminium Foil Wrap,27.2,78.7,8.1,3,1.4,0.73,8.2,0
CK-ML-11016,Kachori,Fried Items (Samosa/Puri),Ambient Room Temp,Aluminium Foil Wrap,35.5,79.5,8.3,1,0.7,0.23,2.7,0
CK-ML-11017,Fruit Buns,Bakery / Packaged Breads,Ambient Room Temp,Covered Degchi / Pot,24.2,76.7,10.5,1,0.5,11.92,53.2,1
CK-ML-11018,Puri,Indian Breads (Roti/Naan),Refrigerated (4-7C),Covered Degchi / Pot,3.6,45.5,7.6,1,0.8,21.89,74.3,1
CK-ML-11019,Pakoda,Fried Items (Samosa/Puri),Ambient Room Temp,Covered Degchi / Pot,34.0,62.2,4.8,1,0.7,3.31,40.8,1
CK-ML-11020,Jeera Rice,Cooked Rice / Biryani,Refrigerated (4-7C),Open Container,3.9,74.8,1.7,2,1.2,12.19,87.6,1
CK-ML-11021,Pakoda,Fried Items (Samosa/Puri),Ambient Room Temp,Aluminium Foil Wrap,28.8,69.2,11.6,1,0.7,3.78,24.6,0
CK-ML-11022,Sambhar,Dal & Lentils,Insulated Hot Pot (>55C),Open Container,59.3,62.5,2.8,3,1.3,4.19,60.0,1
CK-ML-11023,Khichdi,Cooked Rice / Biryani,Insulated Hot Pot (>55C),Airtight Food Box,53.0,36.7,1.1,2,1.2,16.02,93.3,1
CK-ML-11024,Kadhai Paneer,Cooked Curry / Gravy,Ambient Room Temp,Airtight Food Box,24.5,42.0,11.3,3,1.4,1.09,8.8,0
CK-ML-11025,Dal Tadka,Dal & Lentils,Ambient Room Temp,Open Container,33.8,36.0,3.2,3,1.3,0.38,10.7,0
CK-ML-11026,Butter Naan,Indian Breads (Roti/Naan),Ambient Room Temp,Aluminium Foil Wrap,37.8,35.5,5.2,1,0.8,1.24,19.3,0
CK-ML-11027,Aloo Samosa,Fried Items (Samosa/Puri),Ambient Room Temp,Open Container,27.2,37.9,2.5,1,0.7,7.52,75.1,1
CK-ML-11028,Sambhar,Dal & Lentils,Ambient Room Temp,Covered Degchi / Pot,34.5,73.6,2.7,3,1.3,1.8,39.9,0
CK-ML-11029,Chole Gravy,Cooked Curry / Gravy,Ambient Room Temp,Covered Degchi / Pot,31.9,78.8,9.3,3,1.4,0.0,0.0,0
CK-ML-11030,Steamed Rice,Cooked Rice / Biryani,Refrigerated (4-7C),Aluminium Foil Wrap,5.8,37.6,8.7,2,1.2,15.05,63.5,1
CK-ML-11031,Phulka Chapati,Indian Breads (Roti/Naan),Ambient Room Temp,Covered Degchi / Pot,33.4,40.8,7.3,1,0.8,0.36,4.7,0
CK-ML-11032,Jeera Rice,Cooked Rice / Biryani,Ambient Room Temp,Covered Degchi / Pot,30.5,53.8,10.9,2,1.2,0.0,0.0,0
CK-ML-11033,Chole Gravy,Cooked Curry / Gravy,Refrigerated (4-7C),Open Container,4.6,60.6,8.5,3,1.4,3.19,27.3,0
CK-ML-11034,Mixed Veg Curry,Cooked Curry / Gravy,Refrigerated (4-7C),Airtight Food Box,3.7,31.7,2.1,3,1.4,23.75,91.8,1
CK-ML-11035,Phulka Chapati,Indian Breads (Roti/Naan),Insulated Hot Pot (>55C),Covered Degchi / Pot,63.1,46.5,7.3,1,0.8,9.66,57.1,1
CK-ML-11036,Kadhai Paneer,Cooked Curry / Gravy,Ambient Room Temp,Airtight Food Box,29.4,69.2,1.6,3,1.4,7.86,83.4,1
CK-ML-11037,Yellow Dal,Dal & Lentils,Refrigerated (4-7C),Aluminium Foil Wrap,5.9,31.4,10.0,3,1.3,12.31,55.1,1
CK-ML-11038,Spring Roll,Fried Items (Samosa/Puri),Ambient Room Temp,Open Container,25.0,46.9,5.3,1,0.7,6.16,53.7,1
CK-ML-11039,Dal Tadka,Dal & Lentils,Refrigerated (4-7C),Airtight Food Box,6.9,77.3,11.2,3,1.3,16.53,59.6,1
CK-ML-11040,Chole Gravy,Cooked Curry / Gravy,Ambient Room Temp,Open Container,27.8,57.2,8.7,3,1.4,0.0,0.0,0
CK-ML-11041,Steamed Rice,Cooked Rice / Biryani,Insulated Hot Pot (>55C),Open Container,63.0,53.2,9.1,2,1.2,0.0,0.0,0
CK-ML-11042,Dal Tadka,Dal & Lentils,Ambient Room Temp,Covered Degchi / Pot,24.9,46.8,7.5,3,1.3,1.2,13.8,0
CK-ML-11043,Paratha,Indian Breads (Roti/Naan),Ambient Room Temp,Open Container,22.2,74.0,1.0,1,0.8,8.98,89.8,1
CK-ML-11044,Kadhai Paneer,Cooked Curry / Gravy,Ambient Room Temp,Aluminium Foil Wrap,36.5,57.4,2.8,3,1.4,1.52,35.4,0
CK-ML-11045,Pulao,Cooked Rice / Biryani,Ambient Room Temp,Airtight Food Box,31.0,80.0,10.2,2,1.2,0.0,0.0,0
CK-ML-11046,Tandoori Roti,Indian Breads (Roti/Naan),Refrigerated (4-7C),Aluminium Foil Wrap,3.5,37.8,5.5,1,0.8,24.0,64.7,1
CK-ML-11047,Dal Tadka,Dal & Lentils,Ambient Room Temp,Covered Degchi / Pot,24.9,41.3,7.1,3,1.3,1.59,18.3,0
CK-ML-11048,Chole Gravy,Cooked Curry / Gravy,Refrigerated (4-7C),Open Container,5.5,63.5,8.6,3,1.4,2.34,21.4,0
CK-ML-11049,Khichdi,Cooked Rice / Biryani,Refrigerated (4-7C),Open Container,3.4,78.0,8.7,2,1.2,5.54,38.8,0
CK-ML-11050,Butter Naan,Indian Breads (Roti/Naan),Refrigerated (4-7C),Covered Degchi / Pot,4.7,45.9,10.3,1,0.8,19.86,65.9,1
CK-ML-11051,Sweet Lassi,Dairy & Desserts,Ambient Room Temp,Open Container,26.1,55.5,4.9,3,1.6,0.15,3.0,0
CK-ML-11052,Pulao,Cooked Rice / Biryani,Ambient Room Temp,Open Container,35.2,58.5,9.2,2,1.2,0.0,0.0,0
CK-ML-11053,Kadhai Paneer,Cooked Curry / Gravy,Refrigerated (4-7C),Covered Degchi / Pot,7.1,51.0,9.5,3,1.4,7.86,45.3,1
CK-ML-11054,Paneer Butter Masala,Cooked Curry / Gravy,Refrigerated (4-7C),Open Container,3.2,43.3,6.2,3,1.4,5.35,46.2,1
CK-ML-11055,Chana Dal,Dal & Lentils,Ambient Room Temp,Covered Degchi / Pot,32.9,50.7,3.6,3,1.3,1.25,25.8,0
CK-ML-11056,Chana Dal,Dal & Lentils,Ambient Room Temp,Covered Degchi / Pot,38.7,45.5,3.3,3,1.3,0.0,0.0,0
CK-ML-11057,Jeera Rice,Cooked Rice / Biryani,Ambient Room Temp,Aluminium Foil Wrap,38.1,37.1,7.9,2,1.2,0.0,0.0,0
CK-ML-11058,Steamed Rice,Cooked Rice / Biryani,Ambient Room Temp,Airtight Food Box,35.7,79.8,3.4,2,1.2,2.84,45.5,0
CK-ML-11059,Sambhar,Dal & Lentils,Insulated Hot Pot (>55C),Aluminium Foil Wrap,51.4,31.1,1.1,3,1.3,12.16,91.4,1
CK-ML-11060,Dal Tadka,Dal & Lentils,Insulated Hot Pot (>55C),Aluminium Foil Wrap,50.0,42.4,11.2,3,1.3,2.22,16.6,0
CK-ML-11061,White Bread Loaf,Bakery / Packaged Breads,Ambient Room Temp,Open Container,35.0,30.9,11.2,1,0.5,0.0,0.0,0
CK-ML-11062,Steamed Rice,Cooked Rice / Biryani,Ambient Room Temp,Open Container,36.8,57.7,7.5,2,1.2,0.0,0.0,0
CK-ML-11063,Pav Buns,Bakery / Packaged Breads,Refrigerated (4-7C),Open Container,3.0,59.8,11.0,1,0.5,22.22,66.8,1
CK-ML-11064,Phulka Chapati,Indian Breads (Roti/Naan),Ambient Room Temp,Open Container,29.0,54.2,3.5,1,0.8,3.79,51.8,1
CK-ML-11065,Steamed Rice,Cooked Rice / Biryani,Ambient Room Temp,Covered Degchi / Pot,24.7,51.3,6.7,2,1.2,2.51,27.3,0
CK-ML-11066,Sweet Lassi,Dairy & Desserts,Insulated Hot Pot (>55C),Aluminium Foil Wrap,50.3,57.9,9.6,3,1.6,0.79,7.6,0
CK-ML-11067,Paratha,Indian Breads (Roti/Naan),Insulated Hot Pot (>55C),Open Container,57.1,73.9,7.2,1,0.8,5.18,41.7,1
CK-ML-11068,Paratha,Indian Breads (Roti/Naan),Refrigerated (4-7C),Covered Degchi / Pot,4.7,49.4,1.6,1,0.8,24.0,80.0,1
CK-ML-11069,Cucumber Tomato Salad,Raw Vegetables & Salad,Ambient Room Temp,Covered Degchi / Pot,24.8,79.6,7.0,2,1.1,2.53,26.6,0
CK-ML-11070,Jeera Rice,Cooked Rice / Biryani,Insulated Hot Pot (>55C),Open Container,59.8,74.1,6.1,2,1.2,1.55,20.3,0
CK-ML-11071,Phulka Chapati,Indian Breads (Roti/Naan),Ambient Room Temp,Covered Degchi / Pot,25.4,77.6,5.6,1,0.8,8.02,58.9,1
CK-ML-11072,Veg Biryani,Cooked Rice / Biryani,Refrigerated (4-7C),Open Container,3.8,47.2,1.2,2,1.2,12.59,91.3,1
CK-ML-11073,Pulao,Cooked Rice / Biryani,Ambient Room Temp,Covered Degchi / Pot,22.3,70.2,2.1,2,1.2,7.39,78.0,1
CK-ML-11074,Sambhar,Dal & Lentils,Ambient Room Temp,Aluminium Foil Wrap,28.8,75.4,9.0,3,1.3,0.0,0.0,0
CK-ML-11075,Puri,Indian Breads (Roti/Naan),Ambient Room Temp,Open Container,28.8,30.1,6.2,1,0.8,1.78,22.3,0
CK-ML-11076,Cucumber Tomato Salad,Raw Vegetables & Salad,Refrigerated (4-7C),Covered Degchi / Pot,4.1,62.0,10.6,2,1.1,11.26,51.5,1
CK-ML-11077,Chana Dal,Dal & Lentils,Ambient Room Temp,Covered Degchi / Pot,37.3,49.7,11.8,3,1.3,0.0,0.0,0
CK-ML-11078,Puri,Indian Breads (Roti/Naan),Ambient Room Temp,Airtight Food Box,30.5,72.4,0.7,1,0.8,13.94,95.0,1
CK-ML-11079,Puri,Indian Breads (Roti/Naan),Ambient Room Temp,Covered Degchi / Pot,29.3,53.4,3.3,1,0.8,7.16,68.7,1
CK-ML-11080,Dinner Rolls,Bakery / Packaged Breads,Refrigerated (4-7C),Aluminium Foil Wrap,5.1,60.3,7.4,1,0.5,24.0,40.6,1
CK-ML-11081,Sweet Lassi,Dairy & Desserts,Ambient Room Temp,Covered Degchi / Pot,31.4,54.8,4.0,3,1.6,0.28,6.5,0
CK-ML-11082,Chana Dal,Dal & Lentils,Ambient Room Temp,Open Container,25.9,59.2,4.8,3,1.3,1.52,24.2,0
CK-ML-11083,Yellow Dal,Dal & Lentils,Ambient Room Temp,Open Container,37.0,51.7,5.2,3,1.3,0.0,0.0,0
CK-ML-11084,Phulka Chapati,Indian Breads (Roti/Naan),Ambient Room Temp,Open Container,33.1,31.3,1.2,1,0.8,3.76,75.4,1
CK-ML-11085,Khichdi,Cooked Rice / Biryani,Ambient Room Temp,Covered Degchi / Pot,24.9,55.0,7.3,2,1.2,1.75,19.3,0
CK-ML-11086,Cucumber Tomato Salad,Raw Vegetables & Salad,Ambient Room Temp,Aluminium Foil Wrap,32.3,46.8,7.2,2,1.1,0.0,0.0,0
CK-ML-11087,Steamed Rice,Cooked Rice / Biryani,Ambient Room Temp,Aluminium Foil Wrap,22.4,69.5,0.6,2,1.2,10.5,94.3,1
CK-ML-11088,Boiled Corn Salad,Raw Vegetables & Salad,Insulated Hot Pot (>55C),Covered Degchi / Pot,62.4,46.1,3.2,2,1.1,9.07,73.8,1
CK-ML-11089,Steamed Rice,Cooked Rice / Biryani,Insulated Hot Pot (>55C),Airtight Food Box,60.1,40.7,7.8,2,1.2,10.23,56.6,1
CK-ML-11090,Kheer / Payasam,Dairy & Desserts,Refrigerated (4-7C),Airtight Food Box,5.4,64.6,10.7,3,1.6,12.11,53.2,1
CK-ML-11091,Dal Makhani,Dal & Lentils,Refrigerated (4-7C),Aluminium Foil Wrap,6.3,77.1,10.1,3,1.3,13.15,56.6,1
CK-ML-11092,Veg Biryani,Cooked Rice / Biryani,Ambient Room Temp,Covered Degchi / Pot,34.6,42.6,5.7,2,1.2,0.0,0.0,0
CK-ML-11093,Yellow Dal,Dal & Lentils,Ambient Room Temp,Covered Degchi / Pot,29.2,44.4,2.3,3,1.3,3.71,61.2,1
CK-ML-11094,Kachori,Fried Items (Samosa/Puri),Ambient Room Temp,Covered Degchi / Pot,23.8,36.2,1.7,1,0.7,13.81,89.2,1
CK-ML-11095,Puri,Indian Breads (Roti/Naan),Refrigerated (4-7C),Open Container,6.7,48.1,3.0,1,0.8,18.62,86.3,1
CK-ML-11096,Chana Dal,Dal & Lentils,Ambient Room Temp,Aluminium Foil Wrap,26.2,59.5,1.3,3,1.3,8.92,87.2,1
CK-ML-11097,Kadhai Paneer,Cooked Curry / Gravy,Ambient Room Temp,Covered Degchi / Pot,26.3,43.2,6.9,3,1.4,1.23,15.1,0
CK-ML-11098,Mixed Veg Curry,Cooked Curry / Gravy,Ambient Room Temp,Open Container,35.1,47.6,9.8,3,1.4,0.0,0.0,0
CK-ML-11099,Steamed Rice,Cooked Rice / Biryani,Ambient Room Temp,Aluminium Foil Wrap,30.0,54.8,8.9,2,1.2,0.0,0.0,0
CK-ML-11100,Cucumber Tomato Salad,Raw Vegetables & Salad,Refrigerated (4-7C),Covered Degchi / Pot,4.6,46.2,0.8,2,1.1,20.62,96.4,1
CK-ML-11101,Dal Tadka,Dal & Lentils,Ambient Room Temp,Open Container,35.0,42.9,6.0,3,1.3,0.0,0.0,0
CK-ML-11102,Veg Cutlet,Fried Items (Samosa/Puri),Ambient Room Temp,Open Container,28.8,72.3,4.5,1,0.7,4.81,51.8,1
CK-ML-11103,Paratha,Indian Breads (Roti/Naan),Refrigerated (4-7C),Open Container,4.4,53.0,3.2,1,0.8,17.19,84.2,1
CK-ML-11104,Dinner Rolls,Bakery / Packaged Breads,Ambient Room Temp,Airtight Food Box,33.1,46.5,5.0,1,0.5,13.5,73.0,1
CK-ML-11105,Pulao,Cooked Rice / Biryani,Refrigerated (4-7C),Covered Degchi / Pot,5.3,77.2,1.0,2,1.2,19.92,95.3,1
CK-ML-11106,White Bread Loaf,Bakery / Packaged Breads,Ambient Room Temp,Covered Degchi / Pot,31.5,30.4,1.5,1,0.5,12.02,89.2,1
CK-ML-11107,Kadhai Paneer,Cooked Curry / Gravy,Refrigerated (4-7C),Airtight Food Box,5.0,32.2,11.1,3,1.4,14.73,57.1,1
CK-ML-11108,Kachori,Fried Items (Samosa/Puri),Insulated Hot Pot (>55C),Covered Degchi / Pot,56.3,60.4,1.7,1,0.7,17.71,91.2,1
CK-ML-11109,Sambhar,Dal & Lentils,Insulated Hot Pot (>55C),Aluminium Foil Wrap,59.2,30.6,8.5,3,1.3,5.05,37.3,0
CK-ML-11110,Phulka Chapati,Indian Breads (Roti/Naan),Ambient Room Temp,Airtight Food Box,33.4,30.2,11.1,1,0.8,0.0,0.0,0
CK-ML-11111,Chole Gravy,Cooked Curry / Gravy,Insulated Hot Pot (>55C),Aluminium Foil Wrap,52.5,70.9,11.2,3,1.4,0.0,0.0,0
CK-ML-11112,Dum Aloo,Cooked Curry / Gravy,Ambient Room Temp,Covered Degchi / Pot,25.1,49.8,2.5,3,1.4,5.65,69.2,1
CK-ML-11113,Paneer Tikka,Dairy & Desserts,Ambient Room Temp,Open Container,27.5,58.9,1.4,3,1.6,3.14,69.8,1
CK-ML-11114,Fruit Chaat,Raw Vegetables & Salad,Ambient Room Temp,Open Container,31.0,73.6,8.4,2,1.1,0.0,0.0,0
CK-ML-11115,Mixed Veg Curry,Cooked Curry / Gravy,Ambient Room Temp,Covered Degchi / Pot,22.5,70.3,0.7,3,1.4,7.07,90.7,1
CK-ML-11116,Fruit Buns,Bakery / Packaged Breads,Ambient Room Temp,Covered Degchi / Pot,31.0,31.9,7.6,1,0.5,6.63,46.7,1
CK-ML-11117,Kheer / Payasam,Dairy & Desserts,Ambient Room Temp,Covered Degchi / Pot,24.8,36.2,11.8,3,1.6,0.0,0.0,0
CK-ML-11118,Mixed Veg Curry,Cooked Curry / Gravy,Ambient Room Temp,Aluminium Foil Wrap,37.2,49.5,4.1,3,1.4,0.0,0.0,0
CK-ML-11119,Yellow Dal,Dal & Lentils,Ambient Room Temp,Open Container,35.8,43.3,3.0,3,1.3,0.0,0.0,0
CK-ML-11120,Dal Tadka,Dal & Lentils,Ambient Room Temp,Covered Degchi / Pot,27.5,62.2,10.3,3,1.3,0.0,0.0,0
CK-ML-11121,Paratha,Indian Breads (Roti/Naan),Refrigerated (4-7C),Open Container,5.9,77.7,9.4,1,0.8,11.64,55.3,1
CK-ML-11122,Chole Gravy,Cooked Curry / Gravy,Refrigerated (4-7C),Covered Degchi / Pot,5.7,49.7,3.6,3,1.4,14.01,79.8,1
CK-ML-11123,Dum Aloo,Cooked Curry / Gravy,Refrigerated (4-7C),Covered Degchi / Pot,5.9,46.6,9.2,3,1.4,8.34,47.6,1
CK-ML-11124,Paratha,Indian Breads (Roti/Naan),Ambient Room Temp,Aluminium Foil Wrap,38.0,70.9,7.3,1,0.8,0.0,0.0,0
CK-ML-11125,Pulao,Cooked Rice / Biryani,Ambient Room Temp,Aluminium Foil Wrap,32.6,34.8,11.4,2,1.2,0.0,0.0,0
CK-ML-11126,Puri,Indian Breads (Roti/Naan),Ambient Room Temp,Open Container,33.7,72.6,6.9,1,0.8,0.0,0.0,0
CK-ML-11127,Dal Makhani,Dal & Lentils,Ambient Room Temp,Covered Degchi / Pot,31.9,44.3,4.7,3,1.3,0.21,4.3,0
CK-ML-11128,Paneer Butter Masala,Cooked Curry / Gravy,Ambient Room Temp,Covered Degchi / Pot,33.6,69.7,1.8,3,1.4,2.21,55.2,0
CK-ML-11129,Sambhar,Dal & Lentils,Ambient Room Temp,Covered Degchi / Pot,31.6,35.7,12.0,3,1.3,0.0,0.0,0
CK-ML-11130,Pakoda,Fried Items (Samosa/Puri),Ambient Room Temp,Aluminium Foil Wrap,34.2,35.4,10.2,1,0.7,0.0,0.0,0
CK-ML-11131,Veg Cutlet,Fried Items (Samosa/Puri),Ambient Room Temp,Airtight Food Box,29.3,51.2,5.3,1,0.7,12.81,70.7,1
CK-ML-11132,Yellow Dal,Dal & Lentils,Ambient Room Temp,Airtight Food Box,35.9,57.4,1.0,3,1.3,5.59,85.3,1
CK-ML-11133,Jeera Rice,Cooked Rice / Biryani,Insulated Hot Pot (>55C),Covered Degchi / Pot,60.7,44.8,7.2,2,1.2,4.5,38.5,0
CK-ML-11134,Mixed Veg Curry,Cooked Curry / Gravy,Insulated Hot Pot (>55C),Covered Degchi / Pot,55.5,72.9,3.6,3,1.4,6.51,64.6,1
CK-ML-11135,Sambhar,Dal & Lentils,Ambient Room Temp,Covered Degchi / Pot,34.6,69.2,9.3,3,1.3,0.0,0.0,0
CK-ML-11136,Steamed Rice,Cooked Rice / Biryani,Refrigerated (4-7C),Covered Degchi / Pot,4.5,36.9,5.1,2,1.2,15.01,74.7,1
CK-ML-11137,Fruit Buns,Bakery / Packaged Breads,Ambient Room Temp,Open Container,22.6,35.1,7.4,1,0.5,8.53,53.5,1
CK-ML-11138,Paneer Tikka,Dairy & Desserts,Ambient Room Temp,Aluminium Foil Wrap,24.7,36.2,2.7,3,1.6,5.82,68.6,1
CK-ML-11139,Jeera Rice,Cooked Rice / Biryani,Ambient Room Temp,Aluminium Foil Wrap,30.4,43.3,8.6,2,1.2,0.0,0.0,0
CK-ML-11140,Chole Gravy,Cooked Curry / Gravy,Refrigerated (4-7C),Covered Degchi / Pot,7.4,76.9,10.4,3,1.4,6.87,39.7,0
CK-ML-11141,Sprouts Salad,Raw Vegetables & Salad,Insulated Hot Pot (>55C),Covered Degchi / Pot,64.4,74.7,8.8,2,1.1,4.28,32.8,0
CK-ML-11142,White Bread Loaf,Bakery / Packaged Breads,Refrigerated (4-7C),Open Container,5.3,43.4,9.4,1,0.5,24.0,70.8,1
CK-ML-11143,Phulka Chapati,Indian Breads (Roti/Naan),Refrigerated (4-7C),Covered Degchi / Pot,4.6,76.9,6.6,1,0.8,22.94,77.5,1
CK-ML-11144,Chole Gravy,Cooked Curry / Gravy,Ambient Room Temp,Covered Degchi / Pot,23.1,71.7,9.5,3,1.4,0.0,0.0,0
CK-ML-11145,Mixed Veg Curry,Cooked Curry / Gravy,Ambient Room Temp,Open Container,24.9,36.3,11.2,3,1.4,0.0,0.0,0
CK-ML-11146,Dal Makhani,Dal & Lentils,Insulated Hot Pot (>55C),Open Container,55.0,40.9,6.2,3,1.3,1.61,20.6,0
CK-ML-11147,Pulao,Cooked Rice / Biryani,Ambient Room Temp,Open Container,26.9,43.5,10.3,2,1.2,0.0,0.0,0
CK-ML-11148,Pulao,Cooked Rice / Biryani,Ambient Room Temp,Airtight Food Box,22.8,39.6,2.4,2,1.2,11.4,82.5,1
CK-ML-11149,Mixed Veg Curry,Cooked Curry / Gravy,Insulated Hot Pot (>55C),Covered Degchi / Pot,53.4,45.5,11.8,3,1.4,0.0,0.0,0
CK-ML-11150,Phulka Chapati,Indian Breads (Roti/Naan),Refrigerated (4-7C),Aluminium Foil Wrap,3.4,66.9,11.5,1,0.8,24.0,64.4,1
CK-ML-11151,Tandoori Roti,Indian Breads (Roti/Naan),Insulated Hot Pot (>55C),Covered Degchi / Pot,51.9,73.8,6.4,1,0.8,10.15,61.4,1
CK-ML-11152,Pakoda,Fried Items (Samosa/Puri),Ambient Room Temp,Covered Degchi / Pot,31.4,69.8,0.5,1,0.7,8.99,94.3,1
CK-ML-11153,Butter Naan,Indian Breads (Roti/Naan),Ambient Room Temp,Covered Degchi / Pot,37.5,72.3,2.0,1,0.8,3.64,65.0,1
CK-ML-11154,Yellow Dal,Dal & Lentils,Insulated Hot Pot (>55C),Airtight Food Box,56.0,74.5,4.9,3,1.3,10.75,68.6,1
CK-ML-11155,Veg Cutlet,Fried Items (Samosa/Puri),Refrigerated (4-7C),Open Container,4.0,32.8,9.7,1,0.7,14.48,60.0,1
CK-ML-11156,Pulao,Cooked Rice / Biryani,Ambient Room Temp,Aluminium Foil Wrap,33.8,64.9,8.6,2,1.2,0.0,0.0,0
CK-ML-11157,Dal Tadka,Dal & Lentils,Ambient Room Temp,Covered Degchi / Pot,26.6,56.7,10.1,3,1.3,0.0,0.0,0
CK-ML-11158,Cucumber Tomato Salad,Raw Vegetables & Salad,Ambient Room Temp,Aluminium Foil Wrap,26.1,38.5,9.4,2,1.1,2.71,22.4,0
CK-ML-11159,Kadhai Paneer,Cooked Curry / Gravy,Refrigerated (4-7C),Covered Degchi / Pot,5.8,70.5,1.0,3,1.4,15.57,93.9,1
CK-ML-11160,Mixed Veg Curry,Cooked Curry / Gravy,Ambient Room Temp,Covered Degchi / Pot,33.3,49.1,8.8,3,1.4,0.0,0.0,0
CK-ML-11161,Khichdi,Cooked Rice / Biryani,Ambient Room Temp,Aluminium Foil Wrap,38.9,74.7,6.4,2,1.2,0.0,0.0,0
CK-ML-11162,White Bread Loaf,Bakery / Packaged Breads,Refrigerated (4-7C),Aluminium Foil Wrap,6.7,50.2,3.0,1,0.5,24.0,40.7,1
CK-ML-11163,Dal Tadka,Dal & Lentils,Ambient Room Temp,Covered Degchi / Pot,33.4,61.5,0.7,3,1.3,3.4,82.8,1
CK-ML-11164,Paneer Butter Masala,Cooked Curry / Gravy,Refrigerated (4-7C),Covered Degchi / Pot,5.3,67.4,2.1,3,1.4,14.94,87.7,1
CK-ML-11165,Khichdi,Cooked Rice / Biryani,Ambient Room Temp,Airtight Food Box,26.6,47.4,8.7,2,1.2,5.74,39.7,0
CK-ML-11166,Butter Naan,Indian Breads (Roti/Naan),Ambient Room Temp,Aluminium Foil Wrap,33.0,66.3,2.9,1,0.8,6.31,68.4,1
CK-ML-11167,Sprouts Salad,Raw Vegetables & Salad,Ambient Room Temp,Airtight Food Box,23.3,78.9,10.2,2,1.1,4.7,31.5,0
CK-ML-11168,Fruit Chaat,Raw Vegetables & Salad,Ambient Room Temp,Aluminium Foil Wrap,25.6,61.6,11.7,2,1.1,0.08,0.7,0
CK-ML-11169,Pulao,Cooked Rice / Biryani,Ambient Room Temp,Aluminium Foil Wrap,36.3,68.1,1.2,2,1.2,3.85,76.6,1
CK-ML-11170,Kheer / Payasam,Dairy & Desserts,Insulated Hot Pot (>55C),Covered Degchi / Pot,53.0,33.9,9.6,3,1.6,0.0,0.0,0
CK-ML-11171,Paneer Tikka,Dairy & Desserts,Refrigerated (4-7C),Open Container,3.8,35.7,6.8,3,1.6,3.65,35.0,0
CK-ML-11172,Mixed Veg Curry,Cooked Curry / Gravy,Refrigerated (4-7C),Covered Degchi / Pot,6.6,59.1,9.5,3,1.4,7.55,44.3,1
CK-ML-11173,Kadhai Paneer,Cooked Curry / Gravy,Ambient Room Temp,Aluminium Foil Wrap,31.6,62.7,11.1,3,1.4,0.0,0.0,0
CK-ML-11174,Chole Gravy,Cooked Curry / Gravy,Ambient Room Temp,Aluminium Foil Wrap,23.2,59.0,8.8,3,1.4,1.57,15.2,0
CK-ML-11175,Paneer Butter Masala,Cooked Curry / Gravy,Ambient Room Temp,Aluminium Foil Wrap,24.2,56.3,5.1,3,1.4,4.85,49.0,1
CK-ML-11176,Mixed Veg Curry,Cooked Curry / Gravy,Ambient Room Temp,Open Container,27.1,32.7,7.4,3,1.4,0.0,0.0,0
CK-ML-11177,Paneer Butter Masala,Cooked Curry / Gravy,Ambient Room Temp,Open Container,27.2,74.8,7.9,3,1.4,0.0,0.0,0
CK-ML-11178,Sweet Lassi,Dairy & Desserts,Refrigerated (4-7C),Open Container,4.7,79.2,0.8,3,1.6,9.81,92.0,1
CK-ML-11179,White Bread Loaf,Bakery / Packaged Breads,Ambient Room Temp,Aluminium Foil Wrap,36.1,71.1,2.7,1,0.5,8.78,76.7,1
CK-ML-11180,Steamed Rice,Cooked Rice / Biryani,Refrigerated (4-7C),Covered Degchi / Pot,3.7,37.4,5.7,2,1.2,14.49,71.6,1
CK-ML-11181,Yellow Dal,Dal & Lentils,Refrigerated (4-7C),Open Container,5.5,36.7,2.2,3,1.3,10.8,82.9,1
CK-ML-11182,Pulao,Cooked Rice / Biryani,Ambient Room Temp,Covered Degchi / Pot,33.4,71.3,4.0,2,1.2,0.87,17.8,0
CK-ML-11183,Pav Buns,Bakery / Packaged Breads,Ambient Room Temp,Aluminium Foil Wrap,34.5,54.4,9.9,1,0.5,3.33,25.3,0
CK-ML-11184,Steamed Rice,Cooked Rice / Biryani,Insulated Hot Pot (>55C),Aluminium Foil Wrap,53.1,75.9,9.9,2,1.2,4.48,31.2,0
CK-ML-11185,Dinner Rolls,Bakery / Packaged Breads,Ambient Room Temp,Open Container,33.7,63.5,2.3,1,0.5,6.53,73.6,1
CK-ML-11186,Steamed Rice,Cooked Rice / Biryani,Refrigerated (4-7C),Open Container,5.6,59.2,2.9,2,1.2,11.11,79.2,1
CK-ML-11187,Kadhai Paneer,Cooked Curry / Gravy,Ambient Room Temp,Aluminium Foil Wrap,38.2,79.0,6.8,3,1.4,0.0,0.0,0
CK-ML-11188,Fruit Buns,Bakery / Packaged Breads,Refrigerated (4-7C),Open Container,5.8,39.5,5.9,1,0.5,24.0,71.3,1
CK-ML-11189,Aloo Samosa,Fried Items (Samosa/Puri),Ambient Room Temp,Open Container,30.3,78.3,10.1,1,0.7,0.0,0.0,0
CK-ML-11190,Yellow Dal,Dal & Lentils,Insulated Hot Pot (>55C),Open Container,64.2,33.9,11.2,3,1.3,0.0,0.0,0
CK-ML-11191,Pulao,Cooked Rice / Biryani,Ambient Room Temp,Open Container,32.3,63.5,7.4,2,1.2,0.0,0.0,0
CK-ML-11192,Rasgulla,Dairy & Desserts,Ambient Room Temp,Open Container,29.1,52.5,10.0,3,1.6,0.0,0.0,0
CK-ML-11193,Paneer Butter Masala,Cooked Curry / Gravy,Refrigerated (4-7C),Airtight Food Box,5.9,62.3,10.0,3,1.4,16.0,61.5,1
CK-ML-11194,Spring Roll,Fried Items (Samosa/Puri),Refrigerated (4-7C),Airtight Food Box,5.6,42.4,8.1,1,0.7,24.0,46.5,1
CK-ML-11195,Veg Cutlet,Fried Items (Samosa/Puri),Insulated Hot Pot (>55C),Aluminium Foil Wrap,57.4,71.2,5.1,1,0.7,18.82,78.6,1
CK-ML-11196,Veg Biryani,Cooked Rice / Biryani,Ambient Room Temp,Open Container,24.7,77.6,5.2,2,1.2,1.13,18.0,0
CK-ML-11197,Pulao,Cooked Rice / Biryani,Insulated Hot Pot (>55C),Open Container,62.1,39.0,5.2,2,1.2,3.3,39.0,0
CK-ML-11198,Dal Tadka,Dal & Lentils,Ambient Room Temp,Covered Degchi / Pot,28.4,54.9,4.4,3,1.3,2.42,35.3,0
CK-ML-11199,Steamed Rice,Cooked Rice / Biryani,Ambient Room Temp,Airtight Food Box,35.4,41.4,6.1,2,1.2,0.69,10.1,0
CK-ML-11200,Dum Aloo,Cooked Curry / Gravy,Refrigerated (4-7C),Open Container,6.1,42.3,10.9,3,1.4,0.93,7.9,0
CK-ML-11201,Paneer Butter Masala,Cooked Curry / Gravy,Refrigerated (4-7C),Airtight Food Box,4.3,38.3,11.1,3,1.4,14.25,56.2,1
CK-ML-11202,Dal Makhani,Dal & Lentils,Ambient Room Temp,Aluminium Foil Wrap,27.6,59.8,10.5,3,1.3,0.0,0.0,0
CK-ML-11203,Kadhai Paneer,Cooked Curry / Gravy,Refrigerated (4-7C),Airtight Food Box,6.1,44.7,11.0,3,1.4,15.34,58.2,1
CK-ML-11204,Sprouts Salad,Raw Vegetables & Salad,Ambient Room Temp,Covered Degchi / Pot,30.2,55.1,4.2,2,1.1,2.42,36.5,0
CK-ML-11205,Mixed Veg Curry,Cooked Curry / Gravy,Refrigerated (4-7C),Aluminium Foil Wrap,5.4,59.5,2.8,3,1.4,17.87,86.4,1
CK-ML-11206,Veg Biryani,Cooked Rice / Biryani,Insulated Hot Pot (>55C),Aluminium Foil Wrap,55.6,75.1,11.1,2,1.2,2.75,19.9,0
CK-ML-11207,Pav Buns,Bakery / Packaged Breads,Ambient Room Temp,Covered Degchi / Pot,26.5,32.0,4.0,1,0.5,18.37,82.1,1
CK-ML-11208,Kheer / Payasam,Dairy & Desserts,Refrigerated (4-7C),Covered Degchi / Pot,5.9,51.2,5.4,3,1.6,9.1,62.8,1
CK-ML-11209,Dum Aloo,Cooked Curry / Gravy,Ambient Room Temp,Open Container,27.6,55.4,0.8,3,1.4,4.74,85.9,1
CK-ML-11210,Phulka Chapati,Indian Breads (Roti/Naan),Ambient Room Temp,Covered Degchi / Pot,26.4,30.5,3.7,1,0.8,9.93,73.1,1
CK-ML-11211,Chole Gravy,Cooked Curry / Gravy,Refrigerated (4-7C),Covered Degchi / Pot,4.9,57.6,3.2,3,1.4,13.93,81.5,1
CK-ML-11212,Gulab Jamun in Chashni,Dairy & Desserts,Ambient Room Temp,Open Container,33.4,75.6,6.3,3,1.6,0.0,0.0,0
CK-ML-11213,Fruit Buns,Bakery / Packaged Breads,Ambient Room Temp,Covered Degchi / Pot,31.4,39.4,10.4,1,0.5,2.81,21.3,0
CK-ML-11214,Chana Dal,Dal & Lentils,Refrigerated (4-7C),Open Container,3.3,61.5,9.6,3,1.3,3.01,23.8,0
CK-ML-11215,Mixed Veg Curry,Cooked Curry / Gravy,Refrigerated (4-7C),Aluminium Foil Wrap,3.6,78.3,9.9,3,1.4,10.83,52.1,1
CK-ML-11216,Dum Aloo,Cooked Curry / Gravy,Refrigerated (4-7C),Covered Degchi / Pot,4.4,71.9,5.4,3,1.4,11.36,67.7,1
CK-ML-11217,Pakoda,Fried Items (Samosa/Puri),Ambient Room Temp,Open Container,32.8,30.5,0.9,1,0.7,5.37,85.9,1
CK-ML-11218,Veg Biryani,Cooked Rice / Biryani,Refrigerated (4-7C),Covered Degchi / Pot,5.9,76.6,10.2,2,1.2,10.0,49.6,1
CK-ML-11219,Phulka Chapati,Indian Breads (Roti/Naan),Refrigerated (4-7C),Covered Degchi / Pot,4.0,43.5,3.3,1,0.8,24.0,79.9,1
CK-ML-11220,Dum Aloo,Cooked Curry / Gravy,Refrigerated (4-7C),Aluminium Foil Wrap,4.6,71.0,1.0,3,1.4,20.04,95.2,1
CK-ML-11221,Pakoda,Fried Items (Samosa/Puri),Refrigerated (4-7C),Covered Degchi / Pot,4.2,39.3,8.3,1,0.7,24.0,69.5,1
CK-ML-11222,Khichdi,Cooked Rice / Biryani,Refrigerated (4-7C),Covered Degchi / Pot,4.6,49.6,8.5,2,1.2,12.52,59.6,1
CK-ML-11223,Fruit Buns,Bakery / Packaged Breads,Refrigerated (4-7C),Open Container,5.9,31.7,0.5,1,0.5,24.0,71.4,1
CK-ML-11224,Puri,Indian Breads (Roti/Naan),Refrigerated (4-7C),Covered Degchi / Pot,6.9,76.7,4.3,1,0.8,24.0,80.8,1
CK-ML-11225,Paneer Butter Masala,Cooked Curry / Gravy,Ambient Room Temp,Aluminium Foil Wrap,24.2,63.8,6.9,3,1.4,3.08,30.7,0
CK-ML-11226,Paratha,Indian Breads (Roti/Naan),Ambient Room Temp,Open Container,33.2,31.6,1.5,1,0.8,4.03,73.5,1
CK-ML-11227,Steamed Rice,Cooked Rice / Biryani,Ambient Room Temp,Aluminium Foil Wrap,29.8,48.2,4.6,2,1.2,4.07,47.2,1
CK-ML-11228,Butter Naan,Indian Breads (Roti/Naan),Insulated Hot Pot (>55C),Airtight Food Box,58.6,49.9,4.7,1,0.8,21.59,82.1,1
CK-ML-11229,Dum Aloo,Cooked Curry / Gravy,Insulated Hot Pot (>55C),Open Container,51.8,30.7,10.7,3,1.4,0.0,0.0,0
CK-ML-11230,Kheer / Payasam,Dairy & Desserts,Ambient Room Temp,Aluminium Foil Wrap,36.0,64.0,9.6,3,1.6,0.0,0.0,0
CK-ML-11231,Gulab Jamun in Chashni,Dairy & Desserts,Ambient Room Temp,Covered Degchi / Pot,30.6,62.3,11.7,3,1.6,0.0,0.0,0
CK-ML-11232,Sprouts Salad,Raw Vegetables & Salad,Ambient Room Temp,Airtight Food Box,27.7,37.7,5.1,2,1.1,8.59,62.7,1
CK-ML-11233,Jeera Rice,Cooked Rice / Biryani,Insulated Hot Pot (>55C),Aluminium Foil Wrap,60.9,62.2,4.4,2,1.2,9.36,68.2,1
CK-ML-11234,Veg Cutlet,Fried Items (Samosa/Puri),Ambient Room Temp,Covered Degchi / Pot,29.1,68.9,8.9,1,0.7,3.44,27.8,0
CK-ML-11235,Phulka Chapati,Indian Breads (Roti/Naan),Insulated Hot Pot (>55C),Covered Degchi / Pot,53.3,65.7,4.8,1,0.8,11.92,71.5,1
CK-ML-11236,Puri,Indian Breads (Roti/Naan),Insulated Hot Pot (>55C),Open Container,62.0,67.4,9.6,1,0.8,2.14,18.2,0
CK-ML-11237,White Bread Loaf,Bakery / Packaged Breads,Refrigerated (4-7C),Aluminium Foil Wrap,3.2,31.2,4.8,1,0.5,24.0,40.8,1
CK-ML-11238,Sprouts Salad,Raw Vegetables & Salad,Insulated Hot Pot (>55C),Airtight Food Box,59.5,59.0,4.8,2,1.1,13.69,74.2,1
CK-ML-11239,Chole Gravy,Cooked Curry / Gravy,Ambient Room Temp,Covered Degchi / Pot,26.5,77.4,4.7,3,1.4,3.06,39.3,0
CK-ML-11240,Tandoori Roti,Indian Breads (Roti/Naan),Refrigerated (4-7C),Aluminium Foil Wrap,5.4,34.6,5.6,1,0.8,24.0,64.9,1
CK-ML-11241,White Bread Loaf,Bakery / Packaged Breads,Ambient Room Temp,Aluminium Foil Wrap,31.7,79.1,10.8,1,0.5,5.52,33.8,0
CK-ML-11242,Gulab Jamun in Chashni,Dairy & Desserts,Insulated Hot Pot (>55C),Aluminium Foil Wrap,61.2,76.9,1.1,3,1.6,9.58,89.5,1
CK-ML-11243,Dum Aloo,Cooked Curry / Gravy,Ambient Room Temp,Open Container,29.3,36.7,11.0,3,1.4,0.0,0.0,0
CK-ML-11244,Dinner Rolls,Bakery / Packaged Breads,Ambient Room Temp,Covered Degchi / Pot,24.8,47.5,9.0,1,0.5,12.63,58.3,1
CK-ML-11245,Spring Roll,Fried Items (Samosa/Puri),Insulated Hot Pot (>55C),Aluminium Foil Wrap,61.8,68.5,10.4,1,0.7,13.89,57.3,1
CK-ML-11246,Kadhai Paneer,Cooked Curry / Gravy,Ambient Room Temp,Covered Degchi / Pot,36.1,76.6,9.1,3,1.4,0.0,0.0,0
CK-ML-11247,Rasgulla,Dairy & Desserts,Refrigerated (4-7C),Covered Degchi / Pot,7.3,61.7,4.6,3,1.6,9.66,67.9,1
CK-ML-11248,Fruit Chaat,Raw Vegetables & Salad,Ambient Room Temp,Aluminium Foil Wrap,30.1,63.8,4.2,2,1.1,4.69,52.6,1
CK-ML-11249,Chole Gravy,Cooked Curry / Gravy,Ambient Room Temp,Covered Degchi / Pot,35.9,36.2,10.4,3,1.4,0.0,0.0,0
CK-ML-11250,Khichdi,Cooked Rice / Biryani,Insulated Hot Pot (>55C),Open Container,61.3,76.7,4.1,2,1.2,3.66,46.9,1
CK-ML-11251,Dinner Rolls,Bakery / Packaged Breads,Refrigerated (4-7C),Aluminium Foil Wrap,7.0,66.5,11.2,1,0.5,24.0,40.8,1
CK-ML-11252,Kadhai Paneer,Cooked Curry / Gravy,Ambient Room Temp,Open Container,25.0,31.4,11.0,3,1.4,0.0,0.0,0
CK-ML-11253,Mixed Veg Curry,Cooked Curry / Gravy,Refrigerated (4-7C),Open Container,4.3,59.0,2.8,3,1.4,9.19,76.5,1
CK-ML-11254,Pav Buns,Bakery / Packaged Breads,Refrigerated (4-7C),Airtight Food Box,4.6,74.7,3.9,1,0.5,24.0,33.3,0
CK-ML-11255,Puri,Indian Breads (Roti/Naan),Ambient Room Temp,Airtight Food Box,27.1,61.2,5.9,1,0.8,14.83,71.5,1
CK-ML-11256,Chole Gravy,Cooked Curry / Gravy,Refrigerated (4-7C),Airtight Food Box,5.1,75.2,5.2,3,1.4,20.44,79.7,1
CK-ML-11257,Dal Tadka,Dal & Lentils,Ambient Room Temp,Covered Degchi / Pot,36.0,75.7,6.7,3,1.3,0.0,0.0,0
CK-ML-11258,Butter Naan,Indian Breads (Roti/Naan),Refrigerated (4-7C),Open Container,6.1,67.6,6.3,1,0.8,14.85,70.2,1
CK-ML-11259,Fruit Chaat,Raw Vegetables & Salad,Ambient Room Temp,Airtight Food Box,23.5,46.9,2.0,2,1.1,14.28,87.8,1
CK-ML-11260,Tandoori Roti,Indian Breads (Roti/Naan),Ambient Room Temp,Airtight Food Box,27.9,65.9,9.3,1,0.8,9.52,50.5,1
CK-ML-11261,Dal Makhani,Dal & Lentils,Refrigerated (4-7C),Covered Degchi / Pot,4.0,41.1,2.4,3,1.3,16.36,87.4,1
CK-ML-11262,Gulab Jamun in Chashni,Dairy & Desserts,Ambient Room Temp,Covered Degchi / Pot,27.1,43.4,6.6,3,1.6,0.0,0.0,0
CK-ML-11263,Puri,Indian Breads (Roti/Naan),Ambient Room Temp,Covered Degchi / Pot,30.2,47.1,6.7,1,0.8,3.19,32.2,0
CK-ML-11264,Chana Dal,Dal & Lentils,Refrigerated (4-7C),Open Container,5.2,34.7,2.5,3,1.3,11.03,81.7,1
CK-ML-11265,Chole Gravy,Cooked Curry / Gravy,Refrigerated (4-7C),Open Container,3.1,42.5,10.7,3,1.4,1.11,9.4,0
CK-ML-11266,Rasgulla,Dairy & Desserts,Refrigerated (4-7C),Aluminium Foil Wrap,6.1,79.7,3.2,3,1.6,15.28,82.8,1
CK-ML-11267,Paratha,Indian Breads (Roti/Naan),Ambient Room Temp,Open Container,32.6,71.4,8.3,1,0.8,0.0,0.0,0
CK-ML-11268,Steamed Rice,Cooked Rice / Biryani,Refrigerated (4-7C),Covered Degchi / Pot,6.5,69.2,6.5,2,1.2,13.2,67.1,1
CK-ML-11269,Paneer Tikka,Dairy & Desserts,Ambient Room Temp,Covered Degchi / Pot,30.1,54.7,6.1,3,1.6,0.0,0.0,0
CK-ML-11270,Pulao,Cooked Rice / Biryani,Refrigerated (4-7C),Airtight Food Box,5.5,60.8,6.0,2,1.2,24.0,78.8,1
CK-ML-11271,Sambhar,Dal & Lentils,Refrigerated (4-7C),Open Container,4.8,52.3,10.5,3,1.3,2.22,17.4,0
CK-ML-11272,Steamed Rice,Cooked Rice / Biryani,Ambient Room Temp,Open Container,23.1,68.1,5.4,2,1.2,1.07,16.5,0
CK-ML-11273,Phulka Chapati,Indian Breads (Roti/Naan),Ambient Room Temp,Aluminium Foil Wrap,28.6,48.8,7.9,1,0.8,6.52,45.4,1
CK-ML-11274,Fruit Chaat,Raw Vegetables & Salad,Ambient Room Temp,Covered Degchi / Pot,22.4,56.0,8.3,2,1.1,1.72,17.1,0
CK-ML-11275,Kadhai Paneer,Cooked Curry / Gravy,Refrigerated (4-7C),Airtight Food Box,6.4,40.1,3.2,3,1.4,22.29,87.5,1
CK-ML-11276,Veg Biryani,Cooked Rice / Biryani,Insulated Hot Pot (>55C),Covered Degchi / Pot,60.8,62.2,8.9,2,1.2,2.49,21.9,0
CK-ML-11277,Yellow Dal,Dal & Lentils,Ambient Room Temp,Airtight Food Box,24.0,58.5,10.9,3,1.3,2.3,17.4,0
CK-ML-11278,Jeera Rice,Cooked Rice / Biryani,Ambient Room Temp,Aluminium Foil Wrap,26.8,41.9,10.6,2,1.2,1.32,11.1,0
CK-ML-11279,Cucumber Tomato Salad,Raw Vegetables & Salad,Refrigerated (4-7C),Covered Degchi / Pot,6.6,39.7,3.5,2,1.1,17.3,83.1,1
CK-ML-11280,Fruit Chaat,Raw Vegetables & Salad,Insulated Hot Pot (>55C),Covered Degchi / Pot,51.3,47.4,5.3,2,1.1,7.11,57.2,1
CK-ML-11281,Dum Aloo,Cooked Curry / Gravy,Ambient Room Temp,Covered Degchi / Pot,27.7,66.3,6.4,3,1.4,0.94,12.9,0
CK-ML-11282,Paneer Butter Masala,Cooked Curry / Gravy,Refrigerated (4-7C),Open Container,4.1,32.0,5.1,3,1.4,6.64,56.4,1
CK-ML-11283,Pav Buns,Bakery / Packaged Breads,Insulated Hot Pot (>55C),Open Container,52.8,40.7,3.6,1,0.5,15.64,81.2,1
CK-ML-11284,Pakoda,Fried Items (Samosa/Puri),Ambient Room Temp,Aluminium Foil Wrap,30.0,49.9,4.1,1,0.7,8.8,68.4,1
CK-ML-11285,Yellow Dal,Dal & Lentils,Refrigerated (4-7C),Aluminium Foil Wrap,6.2,54.8,1.0,3,1.3,21.41,95.6,1
CK-ML-11286,Paratha,Indian Breads (Roti/Naan),Insulated Hot Pot (>55C),Covered Degchi / Pot,56.8,67.4,8.2,1,0.8,8.87,52.0,1
CK-ML-11287,Fruit Buns,Bakery / Packaged Breads,Ambient Room Temp,Covered Degchi / Pot,32.5,37.2,6.5,1,0.5,5.77,47.0,1
CK-ML-11288,Fruit Buns,Bakery / Packaged Breads,Ambient Room Temp,Covered Degchi / Pot,26.3,66.9,9.8,1,0.5,13.14,57.4,1
CK-ML-11289,Veg Biryani,Cooked Rice / Biryani,Refrigerated (4-7C),Covered Degchi / Pot,7.1,41.8,10.9,2,1.2,8.93,44.9,1
CK-ML-11290,Dal Tadka,Dal & Lentils,Ambient Room Temp,Covered Degchi / Pot,35.4,51.1,9.7,3,1.3,0.0,0.0,0
CK-ML-11291,Jeera Rice,Cooked Rice / Biryani,Insulated Hot Pot (>55C),Aluminium Foil Wrap,50.9,70.6,4.0,2,1.2,9.33,70.2,1
CK-ML-11292,Puri,Indian Breads (Roti/Naan),Refrigerated (4-7C),Open Container,3.7,69.3,3.4,1,0.8,17.8,84.1,1
CK-ML-11293,Yellow Dal,Dal & Lentils,Ambient Room Temp,Covered Degchi / Pot,34.6,78.4,5.7,3,1.3,0.0,0.0,0
CK-ML-11294,Mixed Veg Curry,Cooked Curry / Gravy,Ambient Room Temp,Covered Degchi / Pot,26.8,68.3,5.9,3,1.4,2.16,26.8,0
CK-ML-11295,Steamed Rice,Cooked Rice / Biryani,Ambient Room Temp,Aluminium Foil Wrap,23.7,61.7,10.6,2,1.2,1.22,10.3,0
CK-ML-11296,Khichdi,Cooked Rice / Biryani,Insulated Hot Pot (>55C),Open Container,58.3,39.1,2.0,2,1.2,5.82,74.4,1
CK-ML-11297,Butter Naan,Indian Breads (Roti/Naan),Ambient Room Temp,Open Container,35.8,68.8,9.6,1,0.8,0.0,0.0,0
CK-ML-11298,Cucumber Tomato Salad,Raw Vegetables & Salad,Refrigerated (4-7C),Open Container,3.6,45.5,7.0,2,1.1,8.57,54.9,1
CK-ML-11299,Jeera Rice,Cooked Rice / Biryani,Ambient Room Temp,Aluminium Foil Wrap,38.1,72.4,4.3,2,1.2,0.0,0.0,0
CK-ML-11300,Tandoori Roti,Indian Breads (Roti/Naan),Refrigerated (4-7C),Airtight Food Box,4.8,62.3,5.0,1,0.8,24.0,53.6,1
CK-ML-11301,Paneer Tikka,Dairy & Desserts,Refrigerated (4-7C),Covered Degchi / Pot,3.7,69.7,9.5,3,1.6,5.03,34.5,0
CK-ML-11302,Fruit Buns,Bakery / Packaged Breads,Ambient Room Temp,Covered Degchi / Pot,24.7,62.1,6.7,1,0.5,15.04,69.3,1
CK-ML-11303,Pulao,Cooked Rice / Biryani,Ambient Room Temp,Aluminium Foil Wrap,35.3,72.0,4.2,2,1.2,0.89,17.4,0
CK-ML-11304,Paneer Butter Masala,Cooked Curry / Gravy,Insulated Hot Pot (>55C),Aluminium Foil Wrap,59.9,66.7,5.0,3,1.4,7.13,58.9,1
CK-ML-11305,Yellow Dal,Dal & Lentils,Refrigerated (4-7C),Covered Degchi / Pot,6.4,72.6,11.7,3,1.3,6.99,37.4,0
CK-ML-11306,Dal Makhani,Dal & Lentils,Ambient Room Temp,Open Container,32.2,44.2,10.6,3,1.3,0.0,0.0,0
CK-ML-11307,Veg Biryani,Cooked Rice / Biryani,Ambient Room Temp,Covered Degchi / Pot,28.3,31.0,6.5,2,1.2,2.6,28.5,0
CK-ML-11308,Dinner Rolls,Bakery / Packaged Breads,Refrigerated (4-7C),Covered Degchi / Pot,7.2,39.0,1.7,1,0.5,24.0,50.1,1
CK-ML-11309,Mixed Veg Curry,Cooked Curry / Gravy,Refrigerated (4-7C),Aluminium Foil Wrap,6.1,40.4,5.8,3,1.4,15.08,72.2,1
CK-ML-11310,Yellow Dal,Dal & Lentils,Refrigerated (4-7C),Aluminium Foil Wrap,4.1,50.7,1.4,3,1.3,21.42,93.7,1
CK-ML-11311,Phulka Chapati,Indian Breads (Roti/Naan),Refrigerated (4-7C),Aluminium Foil Wrap,5.4,37.1,0.8,1,0.8,24.0,65.0,1
CK-ML-11312,Pakoda,Fried Items (Samosa/Puri),Ambient Room Temp,Open Container,32.0,44.9,0.9,1,0.7,6.1,87.1,1
CK-ML-11313,Chole Gravy,Cooked Curry / Gravy,Ambient Room Temp,Open Container,23.1,68.3,8.8,3,1.4,0.0,0.0,0
CK-ML-11314,Paneer Butter Masala,Cooked Curry / Gravy,Ambient Room Temp,Covered Degchi / Pot,29.5,62.3,6.2,3,1.4,0.0,0.0,0
CK-ML-11315,Paratha,Indian Breads (Roti/Naan),Ambient Room Temp,Airtight Food Box,38.0,60.0,11.9,1,0.8,0.0,0.0,0
CK-ML-11316,Sambhar,Dal & Lentils,Ambient Room Temp,Airtight Food Box,34.7,67.9,11.5,3,1.3,0.0,0.0,0
CK-ML-11317,Dum Aloo,Cooked Curry / Gravy,Ambient Room Temp,Covered Degchi / Pot,38.3,59.6,9.9,3,1.4,0.0,0.0,0
CK-ML-11318,Steamed Rice,Cooked Rice / Biryani,Ambient Room Temp,Airtight Food Box,24.7,51.8,5.1,2,1.2,8.6,62.7,1
CK-ML-11319,Butter Naan,Indian Breads (Roti/Naan),Ambient Room Temp,Aluminium Foil Wrap,28.4,65.5,0.7,1,0.8,12.69,94.5,1
CK-ML-11320,Mixed Veg Curry,Cooked Curry / Gravy,Ambient Room Temp,Airtight Food Box,39.0,56.2,6.8,3,1.4,0.0,0.0,0
CK-ML-11321,Dal Tadka,Dal & Lentils,Ambient Room Temp,Covered Degchi / Pot,25.3,41.2,3.6,3,1.3,5.69,61.1,1
CK-ML-11322,Paneer Tikka,Dairy & Desserts,Ambient Room Temp,Open Container,37.2,30.5,8.3,3,1.6,0.0,0.0,0
CK-ML-11323,Yellow Dal,Dal & Lentils,Insulated Hot Pot (>55C),Open Container,62.0,37.0,9.4,3,1.3,0.0,0.0,0
CK-ML-11324,Steamed Rice,Cooked Rice / Biryani,Ambient Room Temp,Aluminium Foil Wrap,32.4,34.6,6.0,2,1.2,1.19,16.7,0
CK-ML-11325,Mixed Veg Curry,Cooked Curry / Gravy,Ambient Room Temp,Airtight Food Box,27.5,76.2,5.3,3,1.4,6.35,54.5,1
CK-ML-11326,Fruit Chaat,Raw Vegetables & Salad,Ambient Room Temp,Open Container,28.6,55.6,11.2,2,1.1,0.0,0.0,0
CK-ML-11327,Boiled Corn Salad,Raw Vegetables & Salad,Ambient Room Temp,Airtight Food Box,22.1,35.5,7.1,2,1.1,8.25,53.8,1
CK-ML-11328,Khichdi,Cooked Rice / Biryani,Ambient Room Temp,Covered Degchi / Pot,34.6,41.0,4.7,2,1.2,0.0,0.0,0
CK-ML-11329,Khichdi,Cooked Rice / Biryani,Insulated Hot Pot (>55C),Aluminium Foil Wrap,60.8,68.2,2.4,2,1.2,11.37,82.4,1
CK-ML-11330,Veg Biryani,Cooked Rice / Biryani,Ambient Room Temp,Open Container,37.2,72.4,11.9,2,1.2,0.0,0.0,0
CK-ML-11331,Phulka Chapati,Indian Breads (Roti/Naan),Ambient Room Temp,Covered Degchi / Pot,37.2,54.8,7.4,1,0.8,0.0,0.0,0
CK-ML-11332,Steamed Rice,Cooked Rice / Biryani,Ambient Room Temp,Covered Degchi / Pot,22.8,74.1,5.6,2,1.2,3.07,35.4,0
CK-ML-11333,Tandoori Roti,Indian Breads (Roti/Naan),Ambient Room Temp,Aluminium Foil Wrap,23.2,50.7,5.8,1,0.8,11.6,66.6,1
CK-ML-11334,Chole Gravy,Cooked Curry / Gravy,Ambient Room Temp,Aluminium Foil Wrap,34.0,58.4,11.4,3,1.4,0.0,0.0,0
CK-ML-11335,Tandoori Roti,Indian Breads (Roti/Naan),Ambient Room Temp,Airtight Food Box,34.4,52.0,3.9,1,0.8,6.01,60.5,1
CK-ML-11336,Paneer Tikka,Dairy & Desserts,Ambient Room Temp,Aluminium Foil Wrap,38.2,39.7,10.7,3,1.6,0.0,0.0,0
CK-ML-11337,Paneer Tikka,Dairy & Desserts,Refrigerated (4-7C),Open Container,3.6,36.6,0.8,3,1.6,9.67,92.7,1
CK-ML-11338,Rasgulla,Dairy & Desserts,Ambient Room Temp,Aluminium Foil Wrap,33.2,45.8,9.1,3,1.6,0.0,0.0,0
CK-ML-11339,Paneer Butter Masala,Cooked Curry / Gravy,Ambient Room Temp,Airtight Food Box,26.8,39.8,0.6,3,1.4,11.75,94.9,1
CK-ML-11340,Steamed Rice,Cooked Rice / Biryani,Ambient Room Temp,Airtight Food Box,36.5,38.3,8.9,2,1.2,0.0,0.0,0
CK-ML-11341,Dal Makhani,Dal & Lentils,Ambient Room Temp,Aluminium Foil Wrap,36.5,67.8,7.5,3,1.3,0.0,0.0,0
CK-ML-11342,Pakoda,Fried Items (Samosa/Puri),Ambient Room Temp,Open Container,28.7,60.6,1.0,1,0.7,7.73,88.4,1
CK-ML-11343,Spring Roll,Fried Items (Samosa/Puri),Ambient Room Temp,Aluminium Foil Wrap,36.1,38.7,6.4,1,0.7,2.38,27.0,0
CK-ML-11344,Khichdi,Cooked Rice / Biryani,Ambient Room Temp,Aluminium Foil Wrap,33.0,39.1,9.1,2,1.2,0.0,0.0,0
CK-ML-11345,Jeera Rice,Cooked Rice / Biryani,Insulated Hot Pot (>55C),Open Container,64.7,67.0,3.4,2,1.2,4.92,59.2,1
CK-ML-11346,Mixed Veg Curry,Cooked Curry / Gravy,Insulated Hot Pot (>55C),Open Container,57.4,68.6,0.5,3,1.4,5.81,91.7,1
CK-ML-11347,Boiled Corn Salad,Raw Vegetables & Salad,Ambient Room Temp,Open Container,34.7,69.7,2.8,2,1.1,0.54,16.0,0
CK-ML-11348,Fruit Chaat,Raw Vegetables & Salad,Refrigerated (4-7C),Covered Degchi / Pot,5.8,41.6,10.8,2,1.1,11.05,50.5,1
CK-ML-11349,Cucumber Tomato Salad,Raw Vegetables & Salad,Ambient Room Temp,Aluminium Foil Wrap,35.9,36.5,2.5,2,1.1,2.56,50.7,0
CK-ML-11350,Steamed Rice,Cooked Rice / Biryani,Ambient Room Temp,Open Container,36.2,33.3,11.3,2,1.2,0.0,0.0,0
CK-ML-11351,Pav Buns,Bakery / Packaged Breads,Ambient Room Temp,Open Container,27.1,57.0,9.4,1,0.5,5.47,36.7,0
CK-ML-11352,Steamed Rice,Cooked Rice / Biryani,Ambient Room Temp,Aluminium Foil Wrap,37.1,65.0,2.8,2,1.2,1.28,31.2,0
CK-ML-11353,Dal Tadka,Dal & Lentils,Ambient Room Temp,Open Container,23.8,70.8,8.0,3,1.3,0.0,0.0,0
CK-ML-11354,Kadhai Paneer,Cooked Curry / Gravy,Ambient Room Temp,Airtight Food Box,23.0,78.1,6.8,3,1.4,5.3,43.8,1
CK-ML-11355,Gulab Jamun in Chashni,Dairy & Desserts,Insulated Hot Pot (>55C),Covered Degchi / Pot,59.8,53.8,10.3,3,1.6,0.0,0.0,0
CK-ML-11356,Khichdi,Cooked Rice / Biryani,Refrigerated (4-7C),Open Container,6.0,79.0,8.7,2,1.2,5.28,37.8,0
CK-ML-11357,Chana Dal,Dal & Lentils,Ambient Room Temp,Open Container,26.9,35.2,9.3,3,1.3,0.0,0.0,0
CK-ML-11358,Dal Makhani,Dal & Lentils,Refrigerated (4-7C),Open Container,4.9,70.8,2.8,3,1.3,10.39,79.1,1
CK-ML-11359,Veg Biryani,Cooked Rice / Biryani,Refrigerated (4-7C),Open Container,5.6,44.0,11.0,2,1.2,2.84,20.6,0
CK-ML-11360,Paratha,Indian Breads (Roti/Naan),Ambient Room Temp,Open Container,31.4,50.3,2.9,1,0.8,2.3,44.0,0
CK-ML-11361,Butter Naan,Indian Breads (Roti/Naan),Ambient Room Temp,Open Container,35.9,34.0,10.3,1,0.8,0.0,0.0,0
CK-ML-11362,Paneer Butter Masala,Cooked Curry / Gravy,Ambient Room Temp,Covered Degchi / Pot,38.2,70.0,8.2,3,1.4,0.0,0.0,0
CK-ML-11363,Yellow Dal,Dal & Lentils,Refrigerated (4-7C),Aluminium Foil Wrap,4.9,53.7,5.3,3,1.3,17.16,76.5,1
CK-ML-11364,Dum Aloo,Cooked Curry / Gravy,Insulated Hot Pot (>55C),Open Container,62.9,33.8,1.7,3,1.4,5.37,75.7,1
CK-ML-11365,Dal Tadka,Dal & Lentils,Ambient Room Temp,Aluminium Foil Wrap,38.5,63.9,0.6,3,1.3,2.33,79.2,0
CK-ML-11366,Mixed Veg Curry,Cooked Curry / Gravy,Ambient Room Temp,Aluminium Foil Wrap,26.4,31.6,3.9,3,1.4,5.61,58.9,1
CK-ML-11367,Puri,Indian Breads (Roti/Naan),Insulated Hot Pot (>55C),Open Container,53.0,31.3,0.7,1,0.8,11.87,94.2,1
CK-ML-11368,Veg Biryani,Cooked Rice / Biryani,Insulated Hot Pot (>55C),Airtight Food Box,62.4,47.6,10.9,2,1.2,6.87,38.6,0
CK-ML-11369,Dinner Rolls,Bakery / Packaged Breads,Refrigerated (4-7C),Open Container,4.0,34.0,10.6,1,0.5,22.93,68.5,1
CK-ML-11370,Veg Cutlet,Fried Items (Samosa/Puri),Ambient Room Temp,Airtight Food Box,30.9,54.3,4.6,1,0.7,11.35,71.3,1
CK-ML-11371,Boiled Corn Salad,Raw Vegetables & Salad,Insulated Hot Pot (>55C),Open Container,51.4,66.1,2.1,2,1.1,6.05,74.1,1
CK-ML-11372,Dum Aloo,Cooked Curry / Gravy,Ambient Room Temp,Aluminium Foil Wrap,37.9,66.8,5.8,3,1.4,0.0,0.0,0
CK-ML-11373,Tandoori Roti,Indian Breads (Roti/Naan),Ambient Room Temp,Covered Degchi / Pot,28.8,64.5,10.9,1,0.8,0.14,1.3,0
CK-ML-11374,Steamed Rice,Cooked Rice / Biryani,Refrigerated (4-7C),Open Container,3.8,59.8,10.1,2,1.2,3.47,25.6,0
CK-ML-11375,Pakoda,Fried Items (Samosa/Puri),Ambient Room Temp,Aluminium Foil Wrap,31.6,56.7,2.1,1,0.7,9.02,81.2,1
CK-ML-11376,Mixed Veg Curry,Cooked Curry / Gravy,Insulated Hot Pot (>55C),Aluminium Foil Wrap,60.1,47.8,6.4,3,1.4,5.94,48.2,1
CK-ML-11377,Phulka Chapati,Indian Breads (Roti/Naan),Ambient Room Temp,Covered Degchi / Pot,36.6,56.1,2.7,1,0.8,2.87,51.3,0
CK-ML-11378,Spring Roll,Fried Items (Samosa/Puri),Ambient Room Temp,Covered Degchi / Pot,30.0,71.6,0.7,1,0.7,10.48,93.9,1
CK-ML-11379,Pulao,Cooked Rice / Biryani,Refrigerated (4-7C),Covered Degchi / Pot,6.6,77.3,7.5,2,1.2,12.43,62.4,1
CK-ML-11380,Pakoda,Fried Items (Samosa/Puri),Ambient Room Temp,Airtight Food Box,24.1,77.1,5.8,1,0.7,18.28,75.9,1
CK-ML-11381,Steamed Rice,Cooked Rice / Biryani,Ambient Room Temp,Covered Degchi / Pot,24.8,31.2,2.0,2,1.2,7.62,79.0,1
CK-ML-11382,Pav Buns,Bakery / Packaged Breads,Ambient Room Temp,Covered Degchi / Pot,26.3,48.6,1.7,1,0.5,20.58,92.2,1
CK-ML-11383,Khichdi,Cooked Rice / Biryani,Refrigerated (4-7C),Airtight Food Box,3.2,34.6,1.1,2,1.2,24.0,79.0,1
CK-ML-11384,Chana Dal,Dal & Lentils,Ambient Room Temp,Airtight Food Box,22.8,45.0,6.6,3,1.3,5.55,45.6,1
CK-ML-11385,Dal Makhani,Dal & Lentils,Ambient Room Temp,Aluminium Foil Wrap,23.0,37.8,5.6,3,1.3,3.96,41.5,1
CK-ML-11386,Chana Dal,Dal & Lentils,Ambient Room Temp,Airtight Food Box,29.7,62.3,11.5,3,1.3,0.0,0.0,0
CK-ML-11387,Sweet Lassi,Dairy & Desserts,Ambient Room Temp,Covered Degchi / Pot,31.1,77.9,7.3,3,1.6,0.0,0.0,0
CK-ML-11388,Dinner Rolls,Bakery / Packaged Breads,Refrigerated (4-7C),Open Container,5.4,44.6,8.0,1,0.5,24.0,71.8,1
CK-ML-11389,Phulka Chapati,Indian Breads (Roti/Naan),Insulated Hot Pot (>55C),Airtight Food Box,56.4,38.6,9.9,1,0.8,16.38,62.4,1
CK-ML-11390,Fruit Buns,Bakery / Packaged Breads,Ambient Room Temp,Aluminium Foil Wrap,28.3,61.7,0.7,1,0.5,22.23,96.9,1
CK-ML-11391,Aloo Samosa,Fried Items (Samosa/Puri),Ambient Room Temp,Covered Degchi / Pot,36.5,68.8,3.8,1,0.7,3.37,46.9,1
CK-ML-11392,Paratha,Indian Breads (Roti/Naan),Ambient Room Temp,Covered Degchi / Pot,33.2,48.2,9.5,1,0.8,0.0,0.0,0
CK-ML-11393,Dum Aloo,Cooked Curry / Gravy,Refrigerated (4-7C),Open Container,3.1,63.5,5.9,3,1.4,6.46,52.3,1
CK-ML-11394,Sweet Lassi,Dairy & Desserts,Refrigerated (4-7C),Open Container,5.0,42.0,7.6,3,1.6,2.7,26.1,0
CK-ML-11395,Kadhai Paneer,Cooked Curry / Gravy,Insulated Hot Pot (>55C),Open Container,51.1,59.0,10.9,3,1.4,0.0,0.0,0
CK-ML-11396,Jeera Rice,Cooked Rice / Biryani,Ambient Room Temp,Open Container,23.5,72.2,8.8,2,1.2,0.0,0.0,0
CK-ML-11397,Pav Buns,Bakery / Packaged Breads,Ambient Room Temp,Covered Degchi / Pot,28.3,44.0,3.6,1,0.5,14.72,80.2,1
CK-ML-11398,Dum Aloo,Cooked Curry / Gravy,Ambient Room Temp,Aluminium Foil Wrap,33.4,79.5,1.5,3,1.4,3.16,67.2,1
CK-ML-11399,Tandoori Roti,Indian Breads (Roti/Naan),Refrigerated (4-7C),Aluminium Foil Wrap,4.6,33.1,7.7,1,0.8,24.0,65.1,1
CK-ML-11400,Spring Roll,Fried Items (Samosa/Puri),Insulated Hot Pot (>55C),Covered Degchi / Pot,53.4,49.5,7.5,1,0.7,11.43,60.5,1
CK-ML-11401,Spring Roll,Fried Items (Samosa/Puri),Refrigerated (4-7C),Airtight Food Box,4.0,31.2,4.9,1,0.7,24.0,46.0,1
CK-ML-11402,Puri,Indian Breads (Roti/Naan),Ambient Room Temp,Aluminium Foil Wrap,23.0,32.6,5.4,1,0.8,11.35,67.7,1
CK-ML-11403,Dinner Rolls,Bakery / Packaged Breads,Ambient Room Temp,Open Container,35.0,75.8,5.3,1,0.5,2.71,34.0,0
CK-ML-11404,White Bread Loaf,Bakery / Packaged Breads,Ambient Room Temp,Aluminium Foil Wrap,27.1,62.9,10.1,1,0.5,16.66,62.3,1
CK-ML-11405,Butter Naan,Indian Breads (Roti/Naan),Ambient Room Temp,Covered Degchi / Pot,36.9,53.1,3.7,1,0.8,2.19,37.1,0
CK-ML-11406,Chole Gravy,Cooked Curry / Gravy,Ambient Room Temp,Aluminium Foil Wrap,27.4,78.1,4.5,3,1.4,4.59,50.5,1
CK-ML-11407,Jeera Rice,Cooked Rice / Biryani,Insulated Hot Pot (>55C),Airtight Food Box,58.7,30.1,10.9,2,1.2,5.7,34.4,0
CK-ML-11408,Sweet Lassi,Dairy & Desserts,Refrigerated (4-7C),Open Container,5.5,46.9,3.4,3,1.6,7.52,69.0,1
CK-ML-11409,Paratha,Indian Breads (Roti/Naan),Ambient Room Temp,Aluminium Foil Wrap,37.9,43.2,2.2,1,0.8,4.52,67.0,1
CK-ML-11410,Chole Gravy,Cooked Curry / Gravy,Ambient Room Temp,Covered Degchi / Pot,32.3,70.8,9.3,3,1.4,0.0,0.0,0
CK-ML-11411,Pulao,Cooked Rice / Biryani,Insulated Hot Pot (>55C),Aluminium Foil Wrap,59.5,41.1,1.1,2,1.2,12.68,91.9,1
CK-ML-11412,Butter Naan,Indian Breads (Roti/Naan),Ambient Room Temp,Covered Degchi / Pot,31.4,66.5,1.0,1,0.8,7.53,88.4,1
CK-ML-11413,Paneer Butter Masala,Cooked Curry / Gravy,Ambient Room Temp,Aluminium Foil Wrap,29.0,47.4,1.8,3,1.4,5.23,74.0,1
CK-ML-11414,Jeera Rice,Cooked Rice / Biryani,Refrigerated (4-7C),Open Container,3.3,35.4,6.4,2,1.2,8.01,55.8,1
CK-ML-11415,Dal Tadka,Dal & Lentils,Refrigerated (4-7C),Open Container,6.3,63.2,2.0,3,1.3,11.42,85.1,1
CK-ML-11416,Fruit Chaat,Raw Vegetables & Salad,Ambient Room Temp,Open Container,38.1,45.7,5.6,2,1.1,0.0,0.0,0
CK-ML-11417,Chole Gravy,Cooked Curry / Gravy,Refrigerated (4-7C),Covered Degchi / Pot,7.2,47.0,6.3,3,1.4,10.23,61.9,1
CK-ML-11418,Butter Naan,Indian Breads (Roti/Naan),Ambient Room Temp,Covered Degchi / Pot,24.9,49.2,10.5,1,0.8,3.24,23.5,0
CK-ML-11419,Jeera Rice,Cooked Rice / Biryani,Ambient Room Temp,Open Container,36.3,59.8,8.8,2,1.2,0.0,0.0,0
CK-ML-11420,Chole Gravy,Cooked Curry / Gravy,Refrigerated (4-7C),Airtight Food Box,5.7,68.5,5.4,3,1.4,20.14,78.8,1
CK-ML-11421,Pakoda,Fried Items (Samosa/Puri),Refrigerated (4-7C),Open Container,4.9,79.1,4.5,1,0.7,19.78,81.4,1
CK-ML-11422,Yellow Dal,Dal & Lentils,Ambient Room Temp,Covered Degchi / Pot,37.0,65.4,10.5,3,1.3,0.0,0.0,0
CK-ML-11423,Sambhar,Dal & Lentils,Refrigerated (4-7C),Aluminium Foil Wrap,6.1,44.1,6.0,3,1.3,16.57,73.3,1
CK-ML-11424,Dum Aloo,Cooked Curry / Gravy,Insulated Hot Pot (>55C),Covered Degchi / Pot,56.7,61.7,2.0,3,1.4,7.8,80.0,1
CK-ML-11425,Kachori,Fried Items (Samosa/Puri),Insulated Hot Pot (>55C),Covered Degchi / Pot,64.6,51.2,10.1,1,0.7,9.25,47.8,1
CK-ML-11426,Cucumber Tomato Salad,Raw Vegetables & Salad,Ambient Room Temp,Covered Degchi / Pot,29.1,33.6,1.6,2,1.1,7.03,81.1,1
CK-ML-11427,Sambhar,Dal & Lentils,Ambient Room Temp,Airtight Food Box,34.9,56.5,8.6,3,1.3,0.0,0.0,0
CK-ML-11428,Jeera Rice,Cooked Rice / Biryani,Refrigerated (4-7C),Covered Degchi / Pot,4.7,52.4,4.3,2,1.2,15.58,78.4,1
CK-ML-11429,Sweet Lassi,Dairy & Desserts,Refrigerated (4-7C),Covered Degchi / Pot,5.3,54.8,11.2,3,1.6,3.76,25.1,0
CK-ML-11430,Pulao,Cooked Rice / Biryani,Insulated Hot Pot (>55C),Covered Degchi / Pot,59.5,57.7,8.6,2,1.2,2.84,24.8,0
CK-ML-11431,Sambhar,Dal & Lentils,Refrigerated (4-7C),Covered Degchi / Pot,4.2,43.9,6.5,3,1.3,12.57,65.9,1
CK-ML-11432,Khichdi,Cooked Rice / Biryani,Insulated Hot Pot (>55C),Covered Degchi / Pot,63.0,41.9,1.4,2,1.2,9.54,86.9,1
CK-ML-11433,Tandoori Roti,Indian Breads (Roti/Naan),Insulated Hot Pot (>55C),Covered Degchi / Pot,60.3,43.1,7.9,1,0.8,8.96,53.1,1
CK-ML-11434,Paneer Tikka,Dairy & Desserts,Ambient Room Temp,Airtight Food Box,34.0,39.1,7.5,3,1.6,0.0,0.0,0
CK-ML-11435,Spring Roll,Fried Items (Samosa/Puri),Refrigerated (4-7C),Aluminium Foil Wrap,4.8,57.9,7.1,1,0.7,24.0,57.3,1
CK-ML-11436,Veg Biryani,Cooked Rice / Biryani,Insulated Hot Pot (>55C),Covered Degchi / Pot,60.8,64.5,11.6,2,1.2,0.0,0.0,0
CK-ML-11437,Kheer / Payasam,Dairy & Desserts,Ambient Room Temp,Covered Degchi / Pot,22.9,49.9,3.6,3,1.6,3.43,48.7,1
CK-ML-11438,Veg Biryani,Cooked Rice / Biryani,Ambient Room Temp,Airtight Food Box,27.8,46.8,1.0,2,1.2,12.0,92.4,1
CK-ML-11439,Butter Naan,Indian Breads (Roti/Naan),Ambient Room Temp,Covered Degchi / Pot,28.4,70.2,9.7,1,0.8,1.71,15.0,0
CK-ML-11440,Veg Cutlet,Fried Items (Samosa/Puri),Ambient Room Temp,Aluminium Foil Wrap,27.7,42.6,7.1,1,0.7,10.81,60.3,1
CK-ML-11441,White Bread Loaf,Bakery / Packaged Breads,Ambient Room Temp,Airtight Food Box,37.3,36.3,5.0,1,0.5,9.67,65.8,1
CK-ML-11442,Veg Cutlet,Fried Items (Samosa/Puri),Ambient Room Temp,Covered Degchi / Pot,23.2,53.1,4.0,1,0.7,11.89,75.0,1
CK-ML-11443,Puri,Indian Breads (Roti/Naan),Ambient Room Temp,Airtight Food Box,38.2,39.0,8.8,1,0.8,0.0,0.0,0
CK-ML-11444,Puri,Indian Breads (Roti/Naan),Refrigerated (4-7C),Airtight Food Box,3.6,72.4,5.3,1,0.8,24.0,52.3,1
CK-ML-11445,Veg Biryani,Cooked Rice / Biryani,Ambient Room Temp,Open Container,23.9,47.2,7.3,2,1.2,0.0,0.0,0
CK-ML-11446,Gulab Jamun in Chashni,Dairy & Desserts,Ambient Room Temp,Open Container,35.3,37.6,7.9,3,1.6,0.0,0.0,0
CK-ML-11447,Boiled Corn Salad,Raw Vegetables & Salad,Ambient Room Temp,Covered Degchi / Pot,30.5,31.2,4.6,2,1.1,2.12,31.6,0
CK-ML-11448,Steamed Rice,Cooked Rice / Biryani,Refrigerated (4-7C),Aluminium Foil Wrap,5.1,75.0,4.4,2,1.2,20.82,82.7,1
CK-ML-11449,Khichdi,Cooked Rice / Biryani,Ambient Room Temp,Aluminium Foil Wrap,24.6,65.0,3.5,2,1.2,7.77,69.2,1
CK-ML-11450,Kachori,Fried Items (Samosa/Puri),Ambient Room Temp,Aluminium Foil Wrap,24.8,31.7,4.9,1,0.7,14.5,74.6,1
CK-ML-11451,Boiled Corn Salad,Raw Vegetables & Salad,Refrigerated (4-7C),Aluminium Foil Wrap,4.6,40.9,11.2,2,1.1,15.21,57.6,1
CK-ML-11452,Aloo Samosa,Fried Items (Samosa/Puri),Ambient Room Temp,Covered Degchi / Pot,22.8,35.8,1.3,1,0.7,13.82,91.3,1
CK-ML-11453,Aloo Samosa,Fried Items (Samosa/Puri),Ambient Room Temp,Covered Degchi / Pot,37.8,75.5,8.7,1,0.7,0.0,0.0,0
CK-ML-11454,Yellow Dal,Dal & Lentils,Refrigerated (4-7C),Aluminium Foil Wrap,6.8,36.1,10.0,3,1.3,12.95,56.5,1
CK-ML-11455,Sambhar,Dal & Lentils,Ambient Room Temp,Airtight Food Box,28.5,56.3,8.3,3,1.3,2.0,19.4,0
CK-ML-11456,Chana Dal,Dal & Lentils,Ambient Room Temp,Open Container,37.1,60.4,11.4,3,1.3,0.0,0.0,0
CK-ML-11457,White Bread Loaf,Bakery / Packaged Breads,Ambient Room Temp,Aluminium Foil Wrap,31.2,74.6,11.0,1,0.5,6.56,37.3,0
CK-ML-11458,Dinner Rolls,Bakery / Packaged Breads,Ambient Room Temp,Open Container,24.5,41.6,10.9,1,0.5,4.25,28.0,0
CK-ML-11459,Chole Gravy,Cooked Curry / Gravy,Ambient Room Temp,Aluminium Foil Wrap,25.7,38.2,3.2,3,1.4,5.82,64.4,1
CK-ML-11460,White Bread Loaf,Bakery / Packaged Breads,Refrigerated (4-7C),Open Container,3.4,52.3,8.9,1,0.5,24.0,71.4,1
CK-ML-11461,Kadhai Paneer,Cooked Curry / Gravy,Insulated Hot Pot (>55C),Aluminium Foil Wrap,53.9,46.7,5.8,3,1.4,5.77,49.7,1
CK-ML-11462,Veg Biryani,Cooked Rice / Biryani,Ambient Room Temp,Covered Degchi / Pot,23.2,42.8,2.8,2,1.2,6.44,70.0,1
CK-ML-11463,Dum Aloo,Cooked Curry / Gravy,Ambient Room Temp,Aluminium Foil Wrap,25.5,50.1,1.4,3,1.4,7.95,85.3,1
CK-ML-11464,Veg Biryani,Cooked Rice / Biryani,Refrigerated (4-7C),Aluminium Foil Wrap,3.3,30.9,11.7,2,1.2,13.14,52.9,1
CK-ML-11465,Chole Gravy,Cooked Curry / Gravy,Ambient Room Temp,Aluminium Foil Wrap,23.8,65.5,2.9,3,1.4,6.75,69.9,1
CK-ML-11466,Yellow Dal,Dal & Lentils,Insulated Hot Pot (>55C),Covered Degchi / Pot,62.5,76.5,5.8,3,1.3,3.92,40.4,1
CK-ML-11467,Aloo Samosa,Fried Items (Samosa/Puri),Insulated Hot Pot (>55C),Covered Degchi / Pot,62.2,38.2,0.6,1,0.7,18.9,97.1,1
CK-ML-11468,Paneer Tikka,Dairy & Desserts,Ambient Room Temp,Aluminium Foil Wrap,37.9,73.4,4.3,3,1.6,0.0,0.0,0
CK-ML-11469,Mixed Veg Curry,Cooked Curry / Gravy,Refrigerated (4-7C),Covered Degchi / Pot,3.5,58.3,3.4,3,1.4,14.42,81.1,1
CK-ML-11470,Khichdi,Cooked Rice / Biryani,Insulated Hot Pot (>55C),Airtight Food Box,57.7,69.9,11.6,2,1.2,5.34,31.5,0
CK-ML-11471,Chole Gravy,Cooked Curry / Gravy,Ambient Room Temp,Airtight Food Box,24.2,57.3,10.4,3,1.4,1.23,10.6,0
CK-ML-11472,Paratha,Indian Breads (Roti/Naan),Refrigerated (4-7C),Aluminium Foil Wrap,3.4,66.6,9.0,1,0.8,24.0,64.6,1
CK-ML-11473,Paratha,Indian Breads (Roti/Naan),Refrigerated (4-7C),Covered Degchi / Pot,6.0,66.6,7.3,1,0.8,23.12,76.1,1
CK-ML-11474,Mixed Veg Curry,Cooked Curry / Gravy,Ambient Room Temp,Open Container,25.0,48.2,4.8,3,1.4,0.65,11.9,0
CK-ML-11475,Fruit Buns,Bakery / Packaged Breads,Ambient Room Temp,Covered Degchi / Pot,24.7,65.8,8.6,1,0.5,13.36,60.9,1
CK-ML-11476,Phulka Chapati,Indian Breads (Roti/Naan),Ambient Room Temp,Open Container,35.1,58.5,1.6,1,0.8,3.56,69.5,1
CK-ML-11477,Sambhar,Dal & Lentils,Refrigerated (4-7C),Covered Degchi / Pot,6.7,44.5,4.4,3,1.3,13.88,75.9,1
CK-ML-11478,Rasgulla,Dairy & Desserts,Refrigerated (4-7C),Airtight Food Box,6.3,73.5,7.8,3,1.6,14.73,65.4,1
CK-ML-11479,Sweet Lassi,Dairy & Desserts,Ambient Room Temp,Open Container,32.1,74.3,8.2,3,1.6,0.0,0.0,0
CK-ML-11480,Sprouts Salad,Raw Vegetables & Salad,Refrigerated (4-7C),Airtight Food Box,4.8,58.2,9.6,2,1.1,23.34,70.8,1
CK-ML-11481,Jeera Rice,Cooked Rice / Biryani,Ambient Room Temp,Airtight Food Box,35.8,76.9,9.6,2,1.2,0.0,0.0,0
CK-ML-11482,Paratha,Indian Breads (Roti/Naan),Ambient Room Temp,Covered Degchi / Pot,30.0,31.7,3.3,1,0.8,6.37,66.0,1
CK-ML-11483,Paneer Butter Masala,Cooked Curry / Gravy,Refrigerated (4-7C),Covered Degchi / Pot,6.9,54.5,3.0,3,1.4,13.77,82.1,1
CK-ML-11484,Khichdi,Cooked Rice / Biryani,Refrigerated (4-7C),Covered Degchi / Pot,5.7,47.5,5.6,2,1.2,14.36,71.9,1
CK-ML-11485,Paneer Butter Masala,Cooked Curry / Gravy,Ambient Room Temp,Covered Degchi / Pot,23.1,74.8,8.5,3,1.4,0.11,1.3,0
CK-ML-11486,Kachori,Fried Items (Samosa/Puri),Ambient Room Temp,Aluminium Foil Wrap,23.7,50.7,10.4,1,0.7,8.87,46.1,1
CK-ML-11487,Spring Roll,Fried Items (Samosa/Puri),Insulated Hot Pot (>55C),Airtight Food Box,64.8,73.7,12.0,1,0.7,17.99,60.0,1
CK-ML-11488,Sweet Lassi,Dairy & Desserts,Insulated Hot Pot (>55C),Open Container,54.4,73.5,0.5,3,1.6,5.26,90.5,1
CK-ML-11489,Mixed Veg Curry,Cooked Curry / Gravy,Ambient Room Temp,Aluminium Foil Wrap,23.3,38.1,5.0,3,1.4,5.0,50.2,1
CK-ML-11490,Dal Tadka,Dal & Lentils,Ambient Room Temp,Covered Degchi / Pot,24.2,42.0,10.4,3,1.3,0.0,0.0,0
CK-ML-11491,Dinner Rolls,Bakery / Packaged Breads,Ambient Room Temp,Open Container,27.6,36.8,2.3,1,0.5,11.96,83.9,1
CK-ML-11492,Kadhai Paneer,Cooked Curry / Gravy,Insulated Hot Pot (>55C),Covered Degchi / Pot,64.5,72.4,4.1,3,1.4,6.02,59.7,1
CK-ML-11493,Kadhai Paneer,Cooked Curry / Gravy,Insulated Hot Pot (>55C),Covered Degchi / Pot,51.5,42.9,9.1,3,1.4,0.46,4.8,0
CK-ML-11494,Yellow Dal,Dal & Lentils,Ambient Room Temp,Aluminium Foil Wrap,28.8,31.4,8.5,3,1.3,0.0,0.0,0
CK-ML-11495,Paneer Tikka,Dairy & Desserts,Ambient Room Temp,Open Container,31.0,35.4,5.0,3,1.6,0.0,0.0,0
CK-ML-11496,Dum Aloo,Cooked Curry / Gravy,Ambient Room Temp,Airtight Food Box,24.6,78.0,0.9,3,1.4,11.39,92.4,1
CK-ML-11497,Fruit Buns,Bakery / Packaged Breads,Insulated Hot Pot (>55C),Airtight Food Box,58.2,33.5,6.7,1,0.5,24.0,57.5,1
CK-ML-11498,Veg Cutlet,Fried Items (Samosa/Puri),Insulated Hot Pot (>55C),Covered Degchi / Pot,56.4,73.5,5.7,1,0.7,14.04,71.2,1
CK-ML-11499,Dinner Rolls,Bakery / Packaged Breads,Refrigerated (4-7C),Airtight Food Box,4.0,73.7,3.5,1,0.5,24.0,33.1,0
CK-ML-11500,Sprouts Salad,Raw Vegetables & Salad,Ambient Room Temp,Open Container,31.8,72.7,11.7,2,1.1,0.0,0.0,0
CK-ML-11501,Sambhar,Dal & Lentils,Ambient Room Temp,Aluminium Foil Wrap,28.4,64.8,3.4,3,1.3,5.31,60.9,1
CK-ML-11502,Rasgulla,Dairy & Desserts,Refrigerated (4-7C),Open Container,5.1,69.6,0.8,3,1.6,9.66,92.5,1
CK-ML-11503,Butter Naan,Indian Breads (Roti/Naan),Insulated Hot Pot (>55C),Covered Degchi / Pot,62.1,38.0,3.7,1,0.8,13.78,78.9,1
CK-ML-11504,Aloo Samosa,Fried Items (Samosa/Puri),Ambient Room Temp,Covered Degchi / Pot,28.9,41.3,0.7,1,0.7,11.22,94.1,1
CK-ML-11505,Puri,Indian Breads (Roti/Naan),Ambient Room Temp,Open Container,25.2,31.6,8.3,1,0.8,2.01,19.6,0
CK-ML-11506,Phulka Chapati,Indian Breads (Roti/Naan),Ambient Room Temp,Open Container,26.2,53.8,11.1,1,0.8,0.0,0.0,0
CK-ML-11507,Veg Cutlet,Fried Items (Samosa/Puri),Refrigerated (4-7C),Covered Degchi / Pot,3.1,59.3,6.9,1,0.7,24.0,71.5,1
CK-ML-11508,Paneer Tikka,Dairy & Desserts,Ambient Room Temp,Aluminium Foil Wrap,32.4,57.5,3.6,3,1.6,0.94,20.5,0
CK-ML-11509,Steamed Rice,Cooked Rice / Biryani,Refrigerated (4-7C),Covered Degchi / Pot,6.9,47.3,4.4,2,1.2,15.09,77.4,1
CK-ML-11510,Mixed Veg Curry,Cooked Curry / Gravy,Refrigerated (4-7C),Covered Degchi / Pot,6.4,44.9,5.4,3,1.4,11.46,67.9,1
CK-ML-11511,Dum Aloo,Cooked Curry / Gravy,Insulated Hot Pot (>55C),Aluminium Foil Wrap,60.6,74.8,3.2,3,1.4,9.27,74.2,1
CK-ML-11512,Sambhar,Dal & Lentils,Ambient Room Temp,Airtight Food Box,36.0,37.7,4.3,3,1.3,1.04,19.3,0
CK-ML-11513,Yellow Dal,Dal & Lentils,Insulated Hot Pot (>55C),Covered Degchi / Pot,60.1,53.2,7.6,3,1.3,2.53,25.1,0
CK-ML-11514,Chole Gravy,Cooked Curry / Gravy,Ambient Room Temp,Aluminium Foil Wrap,22.6,70.2,7.6,3,1.4,1.79,19.1,0
CK-ML-11515,Mixed Veg Curry,Cooked Curry / Gravy,Refrigerated (4-7C),Airtight Food Box,3.8,53.7,8.0,3,1.4,17.89,69.2,1
CK-ML-11516,Chana Dal,Dal & Lentils,Ambient Room Temp,Airtight Food Box,35.7,40.8,4.2,3,1.3,1.36,24.3,0
CK-ML-11517,Dal Tadka,Dal & Lentils,Ambient Room Temp,Aluminium Foil Wrap,28.9,77.3,3.3,3,1.3,5.15,60.7,1
CK-ML-11518,Steamed Rice,Cooked Rice / Biryani,Ambient Room Temp,Covered Degchi / Pot,23.8,33.8,4.5,2,1.2,5.21,53.7,1
CK-ML-11519,Tandoori Roti,Indian Breads (Roti/Naan),Refrigerated (4-7C),Aluminium Foil Wrap,3.2,60.3,6.1,1,0.8,24.0,65.5,1
CK-ML-11520,Fruit Chaat,Raw Vegetables & Salad,Ambient Room Temp,Aluminium Foil Wrap,36.0,76.2,7.9,2,1.1,0.0,0.0,0
CK-ML-11521,Gulab Jamun in Chashni,Dairy & Desserts,Ambient Room Temp,Covered Degchi / Pot,26.0,77.1,7.3,3,1.6,0.0,0.0,0
CK-ML-11522,Sweet Lassi,Dairy & Desserts,Refrigerated (4-7C),Covered Degchi / Pot,4.4,69.6,2.0,3,1.6,12.13,85.9,1
CK-ML-11523,Aloo Samosa,Fried Items (Samosa/Puri),Insulated Hot Pot (>55C),Open Container,58.7,47.6,3.2,1,0.7,10.61,76.9,1
CK-ML-11524,Dinner Rolls,Bakery / Packaged Breads,Ambient Room Temp,Airtight Food Box,24.2,30.2,8.3,1,0.5,24.0,69.0,1
CK-ML-11525,Tandoori Roti,Indian Breads (Roti/Naan),Ambient Room Temp,Covered Degchi / Pot,27.7,49.0,5.9,1,0.8,6.01,50.7,1
CK-ML-11526,Gulab Jamun in Chashni,Dairy & Desserts,Insulated Hot Pot (>55C),Aluminium Foil Wrap,51.7,40.6,5.9,3,1.6,4.47,42.9,1
CK-ML-11527,Pav Buns,Bakery / Packaged Breads,Ambient Room Temp,Aluminium Foil Wrap,35.0,32.0,11.3,1,0.5,1.62,12.6,0
CK-ML-11528,Kadhai Paneer,Cooked Curry / Gravy,Ambient Room Temp,Open Container,23.8,40.5,11.7,3,1.4,0.0,0.0,0
CK-ML-11529,Tandoori Roti,Indian Breads (Roti/Naan),Ambient Room Temp,Open Container,22.1,64.7,4.2,1,0.8,5.76,57.8,1
CK-ML-11530,Jeera Rice,Cooked Rice / Biryani,Ambient Room Temp,Airtight Food Box,35.0,35.0,9.4,2,1.2,0.0,0.0,0
CK-ML-11531,Jeera Rice,Cooked Rice / Biryani,Refrigerated (4-7C),Open Container,5.9,58.5,2.4,2,1.2,11.61,82.7,1
CK-ML-11532,Butter Naan,Indian Breads (Roti/Naan),Refrigerated (4-7C),Open Container,5.9,79.3,3.0,1,0.8,18.08,85.9,1
CK-ML-11533,Tandoori Roti,Indian Breads (Roti/Naan),Ambient Room Temp,Covered Degchi / Pot,37.1,50.2,7.7,1,0.8,0.0,0.0,0
CK-ML-11534,Dinner Rolls,Bakery / Packaged Breads,Ambient Room Temp,Covered Degchi / Pot,23.6,49.1,11.4,1,0.5,10.85,48.9,1
CK-ML-11535,Butter Naan,Indian Breads (Roti/Naan),Insulated Hot Pot (>55C),Covered Degchi / Pot,63.3,46.4,5.4,1,0.8,11.69,68.6,1
CK-ML-11536,Sweet Lassi,Dairy & Desserts,Ambient Room Temp,Covered Degchi / Pot,28.8,53.0,10.9,3,1.6,0.0,0.0,0
CK-ML-11537,Boiled Corn Salad,Raw Vegetables & Salad,Ambient Room Temp,Airtight Food Box,32.0,40.0,9.6,2,1.1,0.0,0.0,0
CK-ML-11538,Cucumber Tomato Salad,Raw Vegetables & Salad,Ambient Room Temp,Open Container,24.2,34.6,2.5,2,1.1,4.64,64.6,1
CK-ML-11539,Aloo Samosa,Fried Items (Samosa/Puri),Ambient Room Temp,Open Container,35.5,37.5,8.1,1,0.7,0.0,0.0,0
CK-ML-11540,Butter Naan,Indian Breads (Roti/Naan),Refrigerated (4-7C),Open Container,3.5,30.3,1.1,1,0.8,19.39,94.6,1
CK-ML-11541,Fruit Chaat,Raw Vegetables & Salad,Ambient Room Temp,Airtight Food Box,27.6,56.9,2.9,2,1.1,11.52,79.7,1
CK-ML-11542,Mixed Veg Curry,Cooked Curry / Gravy,Ambient Room Temp,Aluminium Foil Wrap,32.8,32.5,7.5,3,1.4,0.0,0.0,0
CK-ML-11543,Paneer Butter Masala,Cooked Curry / Gravy,Ambient Room Temp,Covered Degchi / Pot,36.3,32.5,5.1,3,1.4,0.0,0.0,0
CK-ML-11544,Fruit Chaat,Raw Vegetables & Salad,Insulated Hot Pot (>55C),Airtight Food Box,60.4,61.2,0.7,2,1.1,17.9,96.4,1
CK-ML-11545,Aloo Samosa,Fried Items (Samosa/Puri),Ambient Room Temp,Covered Degchi / Pot,29.8,40.3,9.2,1,0.7,2.36,20.4,0
CK-ML-11546,Veg Biryani,Cooked Rice / Biryani,Ambient Room Temp,Airtight Food Box,34.5,36.4,4.9,2,1.2,1.86,27.5,0
CK-ML-11547,Tandoori Roti,Indian Breads (Roti/Naan),Ambient Room Temp,Open Container,31.1,56.6,7.8,1,0.8,0.0,0.0,0
CK-ML-11548,Chole Gravy,Cooked Curry / Gravy,Ambient Room Temp,Open Container,38.5,79.0,8.0,3,1.4,0.0,0.0,0
CK-ML-11549,Boiled Corn Salad,Raw Vegetables & Salad,Ambient Room Temp,Covered Degchi / Pot,25.0,30.1,10.3,2,1.1,0.13,1.2,0
CK-ML-11550,Puri,Indian Breads (Roti/Naan),Ambient Room Temp,Covered Degchi / Pot,29.9,64.0,10.1,1,0.8,0.12,1.2,0
CK-ML-11551,Dal Makhani,Dal & Lentils,Insulated Hot Pot (>55C),Covered Degchi / Pot,59.8,39.4,1.2,3,1.3,9.13,88.2,1
CK-ML-11552,Khichdi,Cooked Rice / Biryani,Ambient Room Temp,Covered Degchi / Pot,26.2,71.6,7.6,2,1.2,1.63,17.7,0
CK-ML-11553,Cucumber Tomato Salad,Raw Vegetables & Salad,Ambient Room Temp,Aluminium Foil Wrap,31.8,71.3,1.0,2,1.1,5.91,85.6,1
CK-ML-11554,Paneer Tikka,Dairy & Desserts,Ambient Room Temp,Aluminium Foil Wrap,24.5,41.3,5.9,3,1.6,1.7,22.4,0
CK-ML-11555,Sambhar,Dal & Lentils,Insulated Hot Pot (>55C),Airtight Food Box,62.0,62.2,9.5,3,1.3,7.3,43.5,1
CK-ML-11556,Khichdi,Cooked Rice / Biryani,Ambient Room Temp,Aluminium Foil Wrap,25.6,40.1,10.4,2,1.2,0.43,4.0,0
CK-ML-11557,Paratha,Indian Breads (Roti/Naan),Ambient Room Temp,Covered Degchi / Pot,23.0,52.7,9.6,1,0.8,3.55,26.9,0
CK-ML-11558,Dum Aloo,Cooked Curry / Gravy,Ambient Room Temp,Aluminium Foil Wrap,28.7,33.2,3.1,3,1.4,4.16,57.3,1
CK-ML-11559,Kheer / Payasam,Dairy & Desserts,Refrigerated (4-7C),Covered Degchi / Pot,3.4,61.1,11.0,3,1.6,4.2,27.6,0
CK-ML-11560,Paneer Tikka,Dairy & Desserts,Ambient Room Temp,Aluminium Foil Wrap,27.2,63.4,8.6,3,1.6,0.0,0.0,0
CK-ML-11561,Pav Buns,Bakery / Packaged Breads,Insulated Hot Pot (>55C),Aluminium Foil Wrap,53.0,73.2,4.2,1,0.5,24.0,70.2,1
CK-ML-11562,Chana Dal,Dal & Lentils,Insulated Hot Pot (>55C),Open Container,59.5,74.5,4.4,3,1.3,2.99,40.3,0
CK-ML-11563,Sambhar,Dal & Lentils,Ambient Room Temp,Covered Degchi / Pot,32.1,30.6,0.5,3,1.3,3.94,88.4,1
CK-ML-11564,Paneer Butter Masala,Cooked Curry / Gravy,Ambient Room Temp,Covered Degchi / Pot,28.9,49.8,2.7,3,1.4,3.69,57.5,1
CK-ML-11565,Chana Dal,Dal & Lentils,Ambient Room Temp,Covered Degchi / Pot,23.3,51.3,11.4,3,1.3,0.0,0.0,0
CK-ML-11566,Kadhai Paneer,Cooked Curry / Gravy,Ambient Room Temp,Covered Degchi / Pot,22.3,66.7,5.3,3,1.4,2.26,29.9,0
CK-ML-11567,Chana Dal,Dal & Lentils,Ambient Room Temp,Airtight Food Box,32.8,59.1,9.5,3,1.3,0.0,0.0,0
CK-ML-11568,Chana Dal,Dal & Lentils,Refrigerated (4-7C),Aluminium Foil Wrap,6.0,75.0,3.8,3,1.3,18.51,83.0,1
CK-ML-11569,Sprouts Salad,Raw Vegetables & Salad,Insulated Hot Pot (>55C),Open Container,62.2,35.5,1.9,2,1.1,6.14,76.4,1
CK-ML-11570,Chole Gravy,Cooked Curry / Gravy,Ambient Room Temp,Covered Degchi / Pot,24.7,34.3,4.9,3,1.4,3.43,41.3,1
CK-ML-11571,Kheer / Payasam,Dairy & Desserts,Refrigerated (4-7C),Open Container,6.1,56.7,8.2,3,1.6,2.31,22.1,0
CK-ML-11572,Dal Tadka,Dal & Lentils,Ambient Room Temp,Aluminium Foil Wrap,26.7,53.7,9.4,3,1.3,0.45,4.6,0
CK-ML-11573,Gulab Jamun in Chashni,Dairy & Desserts,Ambient Room Temp,Covered Degchi / Pot,30.0,49.4,9.9,3,1.6,0.0,0.0,0
CK-ML-11574,Sprouts Salad,Raw Vegetables & Salad,Ambient Room Temp,Aluminium Foil Wrap,25.0,35.0,9.0,2,1.1,3.01,25.1,0
CK-ML-11575,Aloo Samosa,Fried Items (Samosa/Puri),Ambient Room Temp,Aluminium Foil Wrap,24.3,37.8,7.7,1,0.7,12.01,60.8,1
CK-ML-11576,Dinner Rolls,Bakery / Packaged Breads,Ambient Room Temp,Covered Degchi / Pot,22.7,54.0,7.4,1,0.5,14.88,66.8,1
CK-ML-11577,Chole Gravy,Cooked Curry / Gravy,Ambient Room Temp,Covered Degchi / Pot,23.1,56.9,8.8,3,1.4,0.0,0.0,0
CK-ML-11578,Sweet Lassi,Dairy & Desserts,Ambient Room Temp,Aluminium Foil Wrap,33.5,68.2,11.9,3,1.6,0.0,0.0,0
CK-ML-11579,Steamed Rice,Cooked Rice / Biryani,Ambient Room Temp,Open Container,33.8,75.9,5.0,2,1.2,0.0,0.0,0
CK-ML-11580,Dal Tadka,Dal & Lentils,Refrigerated (4-7C),Open Container,3.0,57.0,9.6,3,1.3,2.96,23.5,0
CK-ML-11581,Steamed Rice,Cooked Rice / Biryani,Ambient Room Temp,Aluminium Foil Wrap,27.9,71.8,9.2,2,1.2,0.6,6.1,0
CK-ML-11582,Paneer Butter Masala,Cooked Curry / Gravy,Ambient Room Temp,Open Container,34.8,44.7,9.3,3,1.4,0.0,0.0,0
CK-ML-11583,Veg Cutlet,Fried Items (Samosa/Puri),Ambient Room Temp,Open Container,29.5,74.4,3.4,1,0.7,5.23,60.5,1
CK-ML-11584,Butter Naan,Indian Breads (Roti/Naan),Ambient Room Temp,Aluminium Foil Wrap,32.1,66.7,6.4,1,0.8,3.33,34.1,0
CK-ML-11585,Rasgulla,Dairy & Desserts,Ambient Room Temp,Open Container,24.4,49.5,3.8,3,1.6,0.9,19.3,0
CK-ML-11586,Aloo Samosa,Fried Items (Samosa/Puri),Ambient Room Temp,Aluminium Foil Wrap,36.9,39.0,9.7,1,0.7,0.0,0.0,0
CK-ML-11587,Dal Tadka,Dal & Lentils,Ambient Room Temp,Covered Degchi / Pot,37.6,68.9,1.1,3,1.3,1.9,62.4,0
CK-ML-11588,Sweet Lassi,Dairy & Desserts,Insulated Hot Pot (>55C),Open Container,63.6,64.9,11.2,3,1.6,0.0,0.0,0
CK-ML-11589,Rasgulla,Dairy & Desserts,Ambient Room Temp,Open Container,25.7,49.6,6.9,3,1.6,0.0,0.0,0
CK-ML-11590,Dinner Rolls,Bakery / Packaged Breads,Ambient Room Temp,Open Container,37.7,67.4,8.2,1,0.5,0.0,0.0,0
CK-ML-11591,Puri,Indian Breads (Roti/Naan),Ambient Room Temp,Aluminium Foil Wrap,31.3,55.8,1.6,1,0.8,9.03,85.0,1
CK-ML-11592,Kheer / Payasam,Dairy & Desserts,Refrigerated (4-7C),Open Container,6.8,48.7,10.6,3,1.6,0.0,0.0,0
CK-ML-11593,Jeera Rice,Cooked Rice / Biryani,Refrigerated (4-7C),Open Container,4.9,60.7,9.3,2,1.2,5.6,37.7,0
CK-ML-11594,White Bread Loaf,Bakery / Packaged Breads,Refrigerated (4-7C),Open Container,5.6,60.7,9.9,1,0.5,23.97,70.7,1
CK-ML-11595,Steamed Rice,Cooked Rice / Biryani,Ambient Room Temp,Covered Degchi / Pot,37.7,68.1,6.0,2,1.2,0.0,0.0,0
CK-ML-11596,Dum Aloo,Cooked Curry / Gravy,Ambient Room Temp,Open Container,33.8,64.8,5.4,3,1.4,0.0,0.0,0
CK-ML-11597,Veg Cutlet,Fried Items (Samosa/Puri),Ambient Room Temp,Covered Degchi / Pot,35.5,77.8,5.3,1,0.7,2.71,34.0,0
CK-ML-11598,Dal Makhani,Dal & Lentils,Ambient Room Temp,Covered Degchi / Pot,34.7,68.3,2.3,3,1.3,1.65,41.5,0
CK-ML-11599,Puri,Indian Breads (Roti/Naan),Ambient Room Temp,Covered Degchi / Pot,32.1,44.4,7.3,1,0.8,0.54,6.9,0
CK-ML-11600,Dum Aloo,Cooked Curry / Gravy,Insulated Hot Pot (>55C),Open Container,55.6,40.0,5.3,3,1.4,1.54,22.6,0
CK-ML-11601,Tandoori Roti,Indian Breads (Roti/Naan),Insulated Hot Pot (>55C),Covered Degchi / Pot,65.0,45.9,2.2,1,0.8,14.97,87.1,1
CK-ML-11602,Dum Aloo,Cooked Curry / Gravy,Ambient Room Temp,Open Container,29.1,45.0,8.1,3,1.4,0.0,0.0,0
CK-ML-11603,Sprouts Salad,Raw Vegetables & Salad,Ambient Room Temp,Airtight Food Box,30.9,42.0,10.8,2,1.1,0.0,0.0,0
CK-ML-11604,Mixed Veg Curry,Cooked Curry / Gravy,Ambient Room Temp,Covered Degchi / Pot,35.6,63.5,2.0,3,1.4,1.6,45.0,0
CK-ML-11605,Pulao,Cooked Rice / Biryani,Refrigerated (4-7C),Open Container,6.8,76.6,11.7,2,1.2,2.13,15.4,0
CK-ML-11606,Sweet Lassi,Dairy & Desserts,Ambient Room Temp,Aluminium Foil Wrap,36.1,51.3,1.2,3,1.6,2.65,68.7,0
CK-ML-11607,Tandoori Roti,Indian Breads (Roti/Naan),Insulated Hot Pot (>55C),Open Container,56.5,61.2,8.2,1,0.8,3.27,28.6,0
CK-ML-11608,Veg Cutlet,Fried Items (Samosa/Puri),Refrigerated (4-7C),Airtight Food Box,7.3,33.6,3.6,1,0.7,24.0,46.1,1
CK-ML-11609,Mixed Veg Curry,Cooked Curry / Gravy,Refrigerated (4-7C),Airtight Food Box,6.0,55.9,2.4,3,1.4,23.55,90.7,1
CK-ML-11610,Mixed Veg Curry,Cooked Curry / Gravy,Ambient Room Temp,Airtight Food Box,27.7,46.9,2.8,3,1.4,8.34,75.1,1
CK-ML-11611,Sprouts Salad,Raw Vegetables & Salad,Insulated Hot Pot (>55C),Aluminium Foil Wrap,58.9,58.7,9.9,2,1.1,5.54,36.0,0
CK-ML-11612,Paratha,Indian Breads (Roti/Naan),Ambient Room Temp,Covered Degchi / Pot,35.0,42.2,10.1,1,0.8,0.0,0.0,0
CK-ML-11613,Pulao,Cooked Rice / Biryani,Ambient Room Temp,Open Container,36.8,40.7,5.4,2,1.2,0.0,0.0,0
CK-ML-11614,Pulao,Cooked Rice / Biryani,Ambient Room Temp,Open Container,27.5,58.2,10.6,2,1.2,0.0,0.0,0
CK-ML-11615,Paneer Tikka,Dairy & Desserts,Refrigerated (4-7C),Covered Degchi / Pot,6.2,57.9,1.2,3,1.6,13.51,92.1,1
CK-ML-11616,Khichdi,Cooked Rice / Biryani,Refrigerated (4-7C),Open Container,4.2,45.5,6.6,2,1.2,7.1,51.9,1
CK-ML-11617,Steamed Rice,Cooked Rice / Biryani,Refrigerated (4-7C),Open Container,3.1,35.9,4.1,2,1.2,9.51,70.0,1
CK-ML-11618,Paneer Butter Masala,Cooked Curry / Gravy,Ambient Room Temp,Airtight Food Box,39.0,30.2,0.8,3,1.4,3.58,81.5,1
CK-ML-11619,Rasgulla,Dairy & Desserts,Ambient Room Temp,Aluminium Foil Wrap,32.0,58.4,11.7,3,1.6,0.0,0.0,0
CK-ML-11620,Aloo Samosa,Fried Items (Samosa/Puri),Ambient Room Temp,Aluminium Foil Wrap,27.0,76.1,2.5,1,0.7,16.66,87.1,1
CK-ML-11621,Chole Gravy,Cooked Curry / Gravy,Ambient Room Temp,Airtight Food Box,37.4,77.2,0.6,3,1.4,4.1,87.8,1
CK-ML-11622,Fruit Chaat,Raw Vegetables & Salad,Ambient Room Temp,Aluminium Foil Wrap,37.6,76.7,2.3,2,1.1,2.62,53.4,0
CK-ML-11623,Dum Aloo,Cooked Curry / Gravy,Ambient Room Temp,Covered Degchi / Pot,38.6,30.9,11.4,3,1.4,0.0,0.0,0
CK-ML-11624,Paratha,Indian Breads (Roti/Naan),Ambient Room Temp,Covered Degchi / Pot,27.5,68.2,11.5,1,0.8,0.9,7.2,0
CK-ML-11625,Khichdi,Cooked Rice / Biryani,Ambient Room Temp,Airtight Food Box,36.7,77.7,8.3,2,1.2,0.0,0.0,0
CK-ML-11626,Mixed Veg Curry,Cooked Curry / Gravy,Ambient Room Temp,Open Container,27.2,48.0,5.3,3,1.4,0.1,1.8,0
CK-ML-11627,Paneer Butter Masala,Cooked Curry / Gravy,Ambient Room Temp,Aluminium Foil Wrap,34.3,52.8,6.8,3,1.4,0.0,0.0,0
CK-ML-11628,Steamed Rice,Cooked Rice / Biryani,Ambient Room Temp,Airtight Food Box,36.2,37.5,8.1,2,1.2,0.0,0.0,0
CK-ML-11629,Kadhai Paneer,Cooked Curry / Gravy,Insulated Hot Pot (>55C),Covered Degchi / Pot,58.7,32.1,7.2,3,1.4,2.24,23.6,0
CK-ML-11630,Sweet Lassi,Dairy & Desserts,Insulated Hot Pot (>55C),Open Container,55.4,60.1,7.5,3,1.6,0.0,0.0,0
CK-ML-11631,Paratha,Indian Breads (Roti/Naan),Ambient Room Temp,Covered Degchi / Pot,31.0,74.1,11.4,1,0.8,0.0,0.0,0
CK-ML-11632,Pav Buns,Bakery / Packaged Breads,Refrigerated (4-7C),Aluminium Foil Wrap,7.3,43.6,2.5,1,0.5,24.0,41.0,1
CK-ML-11633,Chana Dal,Dal & Lentils,Ambient Room Temp,Open Container,38.5,64.7,5.1,3,1.3,0.0,0.0,0
CK-ML-11634,Dum Aloo,Cooked Curry / Gravy,Ambient Room Temp,Aluminium Foil Wrap,34.8,40.7,11.7,3,1.4,0.0,0.0,0
CK-ML-11635,Kadhai Paneer,Cooked Curry / Gravy,Ambient Room Temp,Open Container,25.4,68.7,8.7,3,1.4,0.0,0.0,0
CK-ML-11636,Fruit Chaat,Raw Vegetables & Salad,Ambient Room Temp,Airtight Food Box,22.8,47.2,1.5,2,1.1,14.48,90.6,1
CK-ML-11637,Dal Tadka,Dal & Lentils,Ambient Room Temp,Covered Degchi / Pot,31.2,77.9,2.9,3,1.3,2.29,44.4,0
CK-ML-11638,Paneer Butter Masala,Cooked Curry / Gravy,Ambient Room Temp,Covered Degchi / Pot,24.9,73.3,5.0,3,1.4,2.91,36.6,0
CK-ML-11639,White Bread Loaf,Bakery / Packaged Breads,Ambient Room Temp,Aluminium Foil Wrap,32.4,50.6,8.0,1,0.5,7.04,46.8,1
CK-ML-11640,Dum Aloo,Cooked Curry / Gravy,Insulated Hot Pot (>55C),Aluminium Foil Wrap,59.2,65.8,9.3,3,1.4,2.15,18.8,0
CK-ML-11641,Khichdi,Cooked Rice / Biryani,Ambient Room Temp,Covered Degchi / Pot,23.4,35.1,5.9,2,1.2,2.62,30.7,0
CK-ML-11642,Tandoori Roti,Indian Breads (Roti/Naan),Ambient Room Temp,Covered Degchi / Pot,31.2,35.0,4.2,1,0.8,4.52,52.0,1
CK-ML-11643,Mixed Veg Curry,Cooked Curry / Gravy,Ambient Room Temp,Airtight Food Box,32.0,58.1,8.1,3,1.4,0.0,0.0,0
CK-ML-11644,Sweet Lassi,Dairy & Desserts,Refrigerated (4-7C),Aluminium Foil Wrap,4.9,44.9,5.9,3,1.6,12.77,68.4,1
CK-ML-11645,Paneer Butter Masala,Cooked Curry / Gravy,Ambient Room Temp,Open Container,30.6,72.5,3.2,3,1.4,0.23,6.7,0
CK-ML-11646,Tandoori Roti,Indian Breads (Roti/Naan),Insulated Hot Pot (>55C),Aluminium Foil Wrap,57.6,47.3,2.6,1,0.8,18.28,87.4,1
CK-ML-11647,Paneer Butter Masala,Cooked Curry / Gravy,Ambient Room Temp,Open Container,30.5,41.6,6.7,3,1.4,0.0,0.0,0
CK-ML-11648,Boiled Corn Salad,Raw Vegetables & Salad,Ambient Room Temp,Aluminium Foil Wrap,25.2,76.3,0.9,2,1.1,11.06,92.7,1
CK-ML-11649,Yellow Dal,Dal & Lentils,Insulated Hot Pot (>55C),Open Container,61.4,64.8,3.2,3,1.3,4.35,57.3,1
CK-ML-11650,Veg Biryani,Cooked Rice / Biryani,Ambient Room Temp,Covered Degchi / Pot,29.3,71.4,0.8,2,1.2,5.44,87.3,1
CK-ML-11651,Tandoori Roti,Indian Breads (Roti/Naan),Ambient Room Temp,Covered Degchi / Pot,34.5,76.9,6.6,1,0.8,0.0,0.0,0
CK-ML-11652,Chana Dal,Dal & Lentils,Ambient Room Temp,Open Container,30.2,66.4,5.6,3,1.3,0.0,0.0,0
CK-ML-11653,Veg Biryani,Cooked Rice / Biryani,Ambient Room Temp,Open Container,23.6,47.3,0.9,2,1.2,5.81,86.3,1
CK-ML-11654,Veg Biryani,Cooked Rice / Biryani,Ambient Room Temp,Aluminium Foil Wrap,38.3,31.1,9.0,2,1.2,0.0,0.0,0
CK-ML-11655,Pav Buns,Bakery / Packaged Breads,Refrigerated (4-7C),Covered Degchi / Pot,7.4,36.9,5.3,1,0.5,24.0,50.9,1
CK-ML-11656,Sprouts Salad,Raw Vegetables & Salad,Ambient Room Temp,Aluminium Foil Wrap,32.6,41.8,6.9,2,1.1,0.12,1.7,0
CK-ML-11657,Fruit Buns,Bakery / Packaged Breads,Ambient Room Temp,Open Container,34.7,52.2,11.4,1,0.5,0.0,0.0,0
CK-ML-11658,Paneer Butter Masala,Cooked Curry / Gravy,Insulated Hot Pot (>55C),Open Container,60.9,47.5,1.6,3,1.4,5.73,78.6,1
CK-ML-11659,Dal Makhani,Dal & Lentils,Refrigerated (4-7C),Aluminium Foil Wrap,5.9,57.1,11.2,3,1.3,11.46,50.7,1
CK-ML-11660,Steamed Rice,Cooked Rice / Biryani,Refrigerated (4-7C),Open Container,5.3,35.2,2.8,2,1.2,11.53,80.6,1
CK-ML-11661,Chana Dal,Dal & Lentils,Refrigerated (4-7C),Aluminium Foil Wrap,4.3,63.7,11.2,3,1.3,10.92,49.4,1
CK-ML-11662,Butter Naan,Indian Breads (Roti/Naan),Ambient Room Temp,Covered Degchi / Pot,38.3,39.1,4.1,1,0.8,0.72,15.0,0
CK-ML-11663,Dal Makhani,Dal & Lentils,Insulated Hot Pot (>55C),Open Container,64.1,69.0,11.1,3,1.3,0.0,0.0,0
CK-ML-11664,Dal Makhani,Dal & Lentils,Insulated Hot Pot (>55C),Aluminium Foil Wrap,62.4,57.7,3.9,3,1.3,8.7,69.1,1
CK-ML-11665,Dum Aloo,Cooked Curry / Gravy,Insulated Hot Pot (>55C),Covered Degchi / Pot,53.9,73.4,7.9,3,1.4,1.65,17.3,0
CK-ML-11666,Steamed Rice,Cooked Rice / Biryani,Insulated Hot Pot (>55C),Covered Degchi / Pot,50.5,74.8,8.0,2,1.2,3.62,31.2,0
CK-ML-11667,Veg Cutlet,Fried Items (Samosa/Puri),Ambient Room Temp,Aluminium Foil Wrap,36.5,42.4,0.7,1,0.7,7.26,91.2,1
CK-ML-11668,Tandoori Roti,Indian Breads (Roti/Naan),Refrigerated (4-7C),Open Container,7.2,46.8,6.6,1,0.8,15.29,69.9,1
CK-ML-11669,Phulka Chapati,Indian Breads (Roti/Naan),Ambient Room Temp,Covered Degchi / Pot,27.2,60.4,2.6,1,0.8,10.27,79.6,1
CK-ML-11670,Paneer Butter Masala,Cooked Curry / Gravy,Refrigerated (4-7C),Airtight Food Box,5.5,68.5,4.8,3,1.4,21.41,81.8,1
CK-ML-11671,Kachori,Fried Items (Samosa/Puri),Refrigerated (4-7C),Airtight Food Box,4.6,53.5,3.6,1,0.7,24.0,45.7,1
CK-ML-11672,Boiled Corn Salad,Raw Vegetables & Salad,Insulated Hot Pot (>55C),Covered Degchi / Pot,59.6,69.4,8.5,2,1.1,3.29,27.8,0
CK-ML-11673,Steamed Rice,Cooked Rice / Biryani,Ambient Room Temp,Covered Degchi / Pot,38.3,73.9,9.2,2,1.2,0.0,0.0,0
CK-ML-11674,Cucumber Tomato Salad,Raw Vegetables & Salad,Ambient Room Temp,Aluminium Foil Wrap,25.5,64.3,6.9,2,1.1,5.82,45.6,1
CK-ML-11675,Steamed Rice,Cooked Rice / Biryani,Ambient Room Temp,Covered Degchi / Pot,25.4,49.4,6.2,2,1.2,3.45,35.9,0
CK-ML-11676,Dal Tadka,Dal & Lentils,Insulated Hot Pot (>55C),Aluminium Foil Wrap,61.3,41.4,10.7,3,1.3,1.9,15.1,0
CK-ML-11677,Dal Tadka,Dal & Lentils,Refrigerated (4-7C),Aluminium Foil Wrap,3.0,42.7,6.2,3,1.3,16.19,72.4,1
CK-ML-11678,Pakoda,Fried Items (Samosa/Puri),Insulated Hot Pot (>55C),Open Container,54.2,78.8,2.6,1,0.7,11.18,81.1,1
CK-ML-11679,Steamed Rice,Cooked Rice / Biryani,Ambient Room Temp,Aluminium Foil Wrap,31.0,72.2,3.2,2,1.2,3.56,52.7,1
CK-ML-11680,Paratha,Indian Breads (Roti/Naan),Ambient Room Temp,Covered Degchi / Pot,30.6,39.5,10.6,1,0.8,0.0,0.0,0
CK-ML-11681,Phulka Chapati,Indian Breads (Roti/Naan),Refrigerated (4-7C),Airtight Food Box,3.0,60.8,1.6,1,0.8,24.0,51.9,1
CK-ML-11682,Pulao,Cooked Rice / Biryani,Ambient Room Temp,Airtight Food Box,33.2,64.4,10.5,2,1.2,0.0,0.0,0
CK-ML-11683,Paneer Butter Masala,Cooked Curry / Gravy,Ambient Room Temp,Airtight Food Box,28.3,65.4,3.1,3,1.4,6.68,68.3,1
CK-ML-11684,Mixed Veg Curry,Cooked Curry / Gravy,Refrigerated (4-7C),Covered Degchi / Pot,7.2,64.4,4.2,3,1.4,13.0,75.6,1
CK-ML-11685,Dum Aloo,Cooked Curry / Gravy,Refrigerated (4-7C),Airtight Food Box,6.3,32.3,6.8,3,1.4,19.49,74.1,1
CK-ML-11686,Khichdi,Cooked Rice / Biryani,Ambient Room Temp,Covered Degchi / Pot,24.2,72.9,6.9,2,1.2,2.26,24.6,0
CK-ML-11687,Sprouts Salad,Raw Vegetables & Salad,Ambient Room Temp,Airtight Food Box,27.4,79.6,5.4,2,1.1,9.05,62.8,1
CK-ML-11688,Dal Tadka,Dal & Lentils,Ambient Room Temp,Open Container,22.9,76.2,8.1,3,1.3,0.0,0.0,0
CK-ML-11689,Boiled Corn Salad,Raw Vegetables & Salad,Ambient Room Temp,Covered Degchi / Pot,36.6,35.1,4.5,2,1.1,0.29,6.1,0
CK-ML-11690,Jeera Rice,Cooked Rice / Biryani,Ambient Room Temp,Open Container,32.2,61.0,0.9,2,1.2,2.92,76.7,0
CK-ML-11691,Dal Makhani,Dal & Lentils,Refrigerated (4-7C),Covered Degchi / Pot,5.5,50.2,5.4,3,1.3,12.78,70.2,1
CK-ML-11692,Dinner Rolls,Bakery / Packaged Breads,Refrigerated (4-7C),Covered Degchi / Pot,5.8,44.3,8.0,1,0.5,24.0,51.1,1
CK-ML-11693,Paratha,Indian Breads (Roti/Naan),Ambient Room Temp,Covered Degchi / Pot,38.5,63.6,2.3,1,0.8,2.85,55.7,0
CK-ML-11694,Veg Cutlet,Fried Items (Samosa/Puri),Ambient Room Temp,Covered Degchi / Pot,37.4,38.0,0.8,1,0.7,5.37,86.6,1
CK-ML-11695,Fruit Chaat,Raw Vegetables & Salad,Insulated Hot Pot (>55C),Covered Degchi / Pot,63.2,52.8,5.2,2,1.1,6.51,55.5,1
CK-ML-11696,Chole Gravy,Cooked Curry / Gravy,Ambient Room Temp,Aluminium Foil Wrap,23.9,75.4,2.8,3,1.4,7.1,71.8,1
CK-ML-11697,Spring Roll,Fried Items (Samosa/Puri),Refrigerated (4-7C),Covered Degchi / Pot,4.0,51.2,6.9,1,0.7,24.0,70.9,1
CK-ML-11698,Dum Aloo,Cooked Curry / Gravy,Refrigerated (4-7C),Covered Degchi / Pot,7.5,48.7,3.4,3,1.4,13.89,80.3,1
CK-ML-11699,Paneer Butter Masala,Cooked Curry / Gravy,Refrigerated (4-7C),Covered Degchi / Pot,5.7,52.7,5.2,3,1.4,11.58,69.1,1
CK-ML-11700,Fruit Chaat,Raw Vegetables & Salad,Ambient Room Temp,Covered Degchi / Pot,22.4,76.8,10.9,2,1.1,0.0,0.0,0
CK-ML-11701,Puri,Indian Breads (Roti/Naan),Ambient Room Temp,Aluminium Foil Wrap,32.4,64.4,6.4,1,0.8,4.09,39.0,0
CK-ML-11702,Phulka Chapati,Indian Breads (Roti/Naan),Ambient Room Temp,Open Container,27.7,55.0,8.3,1,0.8,0.41,4.7,0
CK-ML-11703,Fruit Buns,Bakery / Packaged Breads,Ambient Room Temp,Open Container,31.5,59.5,11.7,1,0.5,0.0,0.0,0
CK-ML-11704,Pulao,Cooked Rice / Biryani,Ambient Room Temp,Airtight Food Box,25.1,30.8,2.9,2,1.2,10.51,78.3,1
CK-ML-11705,Yellow Dal,Dal & Lentils,Ambient Room Temp,Covered Degchi / Pot,37.2,73.1,2.4,3,1.3,0.25,9.5,0
CK-ML-11706,Cucumber Tomato Salad,Raw Vegetables & Salad,Ambient Room Temp,Airtight Food Box,33.9,32.6,6.6,2,1.1,1.5,18.4,0
CK-ML-11707,Veg Biryani,Cooked Rice / Biryani,Ambient Room Temp,Open Container,38.7,44.5,9.6,2,1.2,0.0,0.0,0
CK-ML-11708,Veg Cutlet,Fried Items (Samosa/Puri),Ambient Room Temp,Covered Degchi / Pot,35.8,47.0,5.0,1,0.7,2.03,29.0,0
CK-ML-11709,Pakoda,Fried Items (Samosa/Puri),Refrigerated (4-7C),Aluminium Foil Wrap,5.2,53.7,1.8,1,0.7,24.0,58.0,1
CK-ML-11710,Fruit Buns,Bakery / Packaged Breads,Ambient Room Temp,Airtight Food Box,37.2,45.6,4.1,1,0.5,9.82,70.6,1
CK-ML-11711,Pulao,Cooked Rice / Biryani,Ambient Room Temp,Aluminium Foil Wrap,23.4,53.2,9.1,2,1.2,2.0,18.0,0
CK-ML-11712,Pav Buns,Bakery / Packaged Breads,Ambient Room Temp,Covered Degchi / Pot,34.3,61.6,1.6,1,0.5,8.93,84.4,1
CK-ML-11713,Pav Buns,Bakery / Packaged Breads,Refrigerated (4-7C),Airtight Food Box,6.3,39.3,11.0,1,0.5,24.0,33.0,0
CK-ML-11714,Sprouts Salad,Raw Vegetables & Salad,Ambient Room Temp,Aluminium Foil Wrap,33.6,76.9,7.8,2,1.1,0.0,0.0,0
CK-ML-11715,Khichdi,Cooked Rice / Biryani,Refrigerated (4-7C),Aluminium Foil Wrap,4.0,33.9,3.7,2,1.2,20.49,84.8,1
CK-ML-11716,Mixed Veg Curry,Cooked Curry / Gravy,Refrigerated (4-7C),Covered Degchi / Pot,3.8,53.2,0.7,3,1.4,16.04,96.1,1
CK-ML-11717,Dal Makhani,Dal & Lentils,Ambient Room Temp,Open Container,26.8,73.0,6.1,3,1.3,0.14,2.2,0
CK-ML-11718,Fruit Chaat,Raw Vegetables & Salad,Insulated Hot Pot (>55C),Aluminium Foil Wrap,64.1,50.3,7.0,2,1.1,7.3,50.9,1
CK-ML-11719,Rasgulla,Dairy & Desserts,Ambient Room Temp,Airtight Food Box,26.3,44.9,9.3,3,1.6,1.73,15.6,0
CK-ML-11720,Kheer / Payasam,Dairy & Desserts,Refrigerated (4-7C),Aluminium Foil Wrap,4.1,42.6,7.7,3,1.6,10.53,57.7,1
CK-ML-11721,Kachori,Fried Items (Samosa/Puri),Ambient Room Temp,Open Container,34.7,78.9,7.3,1,0.7,0.0,0.0,0
CK-ML-11722,Chana Dal,Dal & Lentils,Ambient Room Temp,Covered Degchi / Pot,24.1,70.3,0.6,3,1.3,7.71,92.7,1
CK-ML-11723,Jeera Rice,Cooked Rice / Biryani,Ambient Room Temp,Covered Degchi / Pot,26.4,54.4,8.0,2,1.2,1.18,12.9,0
CK-ML-11724,Steamed Rice,Cooked Rice / Biryani,Ambient Room Temp,Airtight Food Box,23.0,56.9,2.1,2,1.2,11.91,84.8,1
CK-ML-11725,Dum Aloo,Cooked Curry / Gravy,Ambient Room Temp,Covered Degchi / Pot,24.3,64.4,11.9,3,1.4,0.0,0.0,0
CK-ML-11726,White Bread Loaf,Bakery / Packaged Breads,Ambient Room Temp,Aluminium Foil Wrap,22.5,79.0,11.8,1,0.5,14.98,56.0,1
CK-ML-11727,Pulao,Cooked Rice / Biryani,Refrigerated (4-7C),Aluminium Foil Wrap,3.6,36.8,10.0,2,1.2,14.39,59.1,1
CK-ML-11728,Tandoori Roti,Indian Breads (Roti/Naan),Ambient Room Temp,Airtight Food Box,36.9,56.2,5.2,1,0.8,3.03,36.8,0
CK-ML-11729,Steamed Rice,Cooked Rice / Biryani,Insulated Hot Pot (>55C),Covered Degchi / Pot,60.9,63.5,9.7,2,1.2,1.92,16.5,0
CK-ML-11730,Chana Dal,Dal & Lentils,Insulated Hot Pot (>55C),Aluminium Foil Wrap,56.0,33.3,6.4,3,1.3,5.92,47.9,1
CK-ML-11731,Pulao,Cooked Rice / Biryani,Ambient Room Temp,Covered Degchi / Pot,33.1,35.2,3.4,2,1.2,1.59,31.8,0
CK-ML-11732,Mixed Veg Curry,Cooked Curry / Gravy,Ambient Room Temp,Open Container,26.3,64.2,8.8,3,1.4,0.0,0.0,0
CK-ML-11733,Boiled Corn Salad,Raw Vegetables & Salad,Ambient Room Temp,Aluminium Foil Wrap,24.1,78.2,1.9,2,1.1,10.8,85.0,1
CK-ML-11734,Puri,Indian Breads (Roti/Naan),Ambient Room Temp,Aluminium Foil Wrap,30.9,55.8,8.5,1,0.8,2.29,21.3,0
CK-ML-11735,Paneer Butter Masala,Cooked Curry / Gravy,Ambient Room Temp,Aluminium Foil Wrap,31.9,74.4,5.9,3,1.4,0.11,1.8,0
CK-ML-11736,Spring Roll,Fried Items (Samosa/Puri),Ambient Room Temp,Airtight Food Box,23.8,47.2,9.1,1,0.7,15.31,62.8,1
CK-ML-11737,Puri,Indian Breads (Roti/Naan),Ambient Room Temp,Open Container,36.1,59.6,4.6,1,0.8,0.0,0.0,0
CK-ML-11738,Chole Gravy,Cooked Curry / Gravy,Ambient Room Temp,Aluminium Foil Wrap,37.6,69.0,3.3,3,1.4,0.67,16.9,0
CK-ML-11739,White Bread Loaf,Bakery / Packaged Breads,Ambient Room Temp,Open Container,37.6,33.9,5.4,1,0.5,1.17,17.8,0
CK-ML-11740,Dinner Rolls,Bakery / Packaged Breads,Ambient Room Temp,Open Container,34.2,33.7,11.0,1,0.5,0.0,0.0,0
CK-ML-11741,Aloo Samosa,Fried Items (Samosa/Puri),Ambient Room Temp,Aluminium Foil Wrap,26.6,58.9,11.2,1,0.7,7.69,40.6,1
CK-ML-11742,Phulka Chapati,Indian Breads (Roti/Naan),Refrigerated (4-7C),Aluminium Foil Wrap,5.9,49.7,7.5,1,0.8,24.0,65.2,1
CK-ML-11743,Mixed Veg Curry,Cooked Curry / Gravy,Ambient Room Temp,Covered Degchi / Pot,36.2,57.5,8.4,3,1.4,0.0,0.0,0
CK-ML-11744,Paneer Butter Masala,Cooked Curry / Gravy,Ambient Room Temp,Open Container,32.1,39.5,4.7,3,1.4,0.0,0.0,0
CK-ML-11745,Boiled Corn Salad,Raw Vegetables & Salad,Ambient Room Temp,Open Container,25.6,44.4,11.0,2,1.1,0.0,0.0,0
CK-ML-11746,Phulka Chapati,Indian Breads (Roti/Naan),Ambient Room Temp,Open Container,38.2,66.2,9.7,1,0.8,0.0,0.0,0
CK-ML-11747,White Bread Loaf,Bakery / Packaged Breads,Ambient Room Temp,Airtight Food Box,35.1,43.3,2.9,1,0.5,12.51,81.2,1
CK-ML-11748,Pulao,Cooked Rice / Biryani,Ambient Room Temp,Covered Degchi / Pot,30.7,38.2,5.8,2,1.2,0.5,7.9,0
CK-ML-11749,Phulka Chapati,Indian Breads (Roti/Naan),Refrigerated (4-7C),Covered Degchi / Pot,7.0,42.2,7.1,1,0.8,22.34,75.9,1
CK-ML-11750,Dal Tadka,Dal & Lentils,Ambient Room Temp,Open Container,29.3,57.6,10.1,3,1.3,0.0,0.0,0
CK-ML-11751,Kheer / Payasam,Dairy & Desserts,Ambient Room Temp,Covered Degchi / Pot,25.3,75.6,0.7,3,1.6,5.71,88.7,1
CK-ML-11752,Tandoori Roti,Indian Breads (Roti/Naan),Ambient Room Temp,Open Container,31.6,53.3,8.1,1,0.8,0.0,0.0,0
CK-ML-11753,Mixed Veg Curry,Cooked Curry / Gravy,Ambient Room Temp,Airtight Food Box,30.1,67.8,10.6,3,1.4,0.0,0.0,0
CK-ML-11754,Sweet Lassi,Dairy & Desserts,Ambient Room Temp,Open Container,37.8,37.3,7.8,3,1.6,0.0,0.0,0
CK-ML-11755,Butter Naan,Indian Breads (Roti/Naan),Refrigerated (4-7C),Covered Degchi / Pot,5.0,61.4,2.2,1,0.8,24.0,79.8,1
CK-ML-11756,Puri,Indian Breads (Roti/Naan),Ambient Room Temp,Open Container,38.3,49.6,5.3,1,0.8,0.0,0.0,0
CK-ML-11757,Fruit Buns,Bakery / Packaged Breads,Ambient Room Temp,Covered Degchi / Pot,33.9,78.5,5.5,1,0.5,4.91,47.2,1
CK-ML-11758,Paneer Tikka,Dairy & Desserts,Refrigerated (4-7C),Covered Degchi / Pot,4.3,58.1,3.4,3,1.6,11.01,76.6,1
CK-ML-11759,Sweet Lassi,Dairy & Desserts,Refrigerated (4-7C),Aluminium Foil Wrap,3.8,57.1,3.7,3,1.6,14.17,79.1,1
CK-ML-11760,Kadhai Paneer,Cooked Curry / Gravy,Ambient Room Temp,Open Container,24.1,52.6,6.4,3,1.4,0.0,0.0,0
CK-ML-11761,Dum Aloo,Cooked Curry / Gravy,Refrigerated (4-7C),Aluminium Foil Wrap,3.5,62.8,3.7,3,1.4,17.25,82.3,1
CK-ML-11762,Dal Tadka,Dal & Lentils,Ambient Room Temp,Aluminium Foil Wrap,27.4,33.0,8.4,3,1.3,1.42,14.5,0
CK-ML-11763,Paratha,Indian Breads (Roti/Naan),Ambient Room Temp,Aluminium Foil Wrap,30.0,55.6,7.8,1,0.8,3.64,31.8,0
CK-ML-11764,Paneer Butter Masala,Cooked Curry / Gravy,Ambient Room Temp,Airtight Food Box,26.2,35.2,9.4,3,1.4,3.11,25.0,0
CK-ML-11765,Jeera Rice,Cooked Rice / Biryani,Refrigerated (4-7C),Airtight Food Box,6.9,30.8,1.7,2,1.2,24.0,78.8,1
CK-ML-11766,Paneer Butter Masala,Cooked Curry / Gravy,Insulated Hot Pot (>55C),Covered Degchi / Pot,50.2,47.5,2.0,3,1.4,7.49,78.8,1
CK-ML-11767,Dum Aloo,Cooked Curry / Gravy,Refrigerated (4-7C),Open Container,6.7,76.6,10.6,3,1.4,1.75,14.2,0
CK-ML-11768,Paneer Butter Masala,Cooked Curry / Gravy,Refrigerated (4-7C),Airtight Food Box,7.4,48.3,5.8,3,1.4,19.54,77.2,1
CK-ML-11769,Kachori,Fried Items (Samosa/Puri),Insulated Hot Pot (>55C),Covered Degchi / Pot,54.4,61.4,5.3,1,0.7,14.09,72.5,1
CK-ML-11770,Kheer / Payasam,Dairy & Desserts,Refrigerated (4-7C),Open Container,5.8,41.7,6.7,3,1.6,3.47,34.0,0
CK-ML-11771,Jeera Rice,Cooked Rice / Biryani,Insulated Hot Pot (>55C),Covered Degchi / Pot,53.6,47.8,3.5,2,1.2,7.63,68.8,1
CK-ML-11772,Veg Cutlet,Fried Items (Samosa/Puri),Ambient Room Temp,Airtight Food Box,36.8,49.4,1.9,1,0.7,7.55,80.2,1
CK-ML-11773,Chole Gravy,Cooked Curry / Gravy,Insulated Hot Pot (>55C),Aluminium Foil Wrap,58.3,50.5,10.1,3,1.4,1.96,16.2,0
CK-ML-11774,Aloo Samosa,Fried Items (Samosa/Puri),Ambient Room Temp,Open Container,23.7,65.2,2.9,1,0.7,8.68,75.3,1
CK-ML-11775,Fruit Chaat,Raw Vegetables & Salad,Ambient Room Temp,Aluminium Foil Wrap,24.5,71.9,10.7,2,1.1,1.17,9.9,0
CK-ML-11776,Pav Buns,Bakery / Packaged Breads,Refrigerated (4-7C),Covered Degchi / Pot,3.4,32.0,9.2,1,0.5,24.0,50.5,1
CK-ML-11777,Dal Makhani,Dal & Lentils,Insulated Hot Pot (>55C),Covered Degchi / Pot,56.4,56.7,11.5,3,1.3,0.0,0.0,0
CK-ML-11778,Rasgulla,Dairy & Desserts,Ambient Room Temp,Open Container,29.3,71.4,5.9,3,1.6,0.0,0.0,0
CK-ML-11779,Kheer / Payasam,Dairy & Desserts,Insulated Hot Pot (>55C),Open Container,50.9,74.9,4.0,3,1.6,0.91,18.5,0
CK-ML-11780,Paneer Butter Masala,Cooked Curry / Gravy,Ambient Room Temp,Open Container,25.2,54.5,9.7,3,1.4,0.0,0.0,0
CK-ML-11781,Paratha,Indian Breads (Roti/Naan),Ambient Room Temp,Airtight Food Box,24.4,58.5,9.0,1,0.8,11.29,55.7,1
CK-ML-11782,White Bread Loaf,Bakery / Packaged Breads,Refrigerated (4-7C),Open Container,3.1,40.9,1.2,1,0.5,24.0,71.0,1
CK-ML-11783,Kheer / Payasam,Dairy & Desserts,Ambient Room Temp,Open Container,33.8,68.7,1.0,3,1.6,1.07,51.8,0
CK-ML-11784,Dal Tadka,Dal & Lentils,Refrigerated (4-7C),Covered Degchi / Pot,3.7,39.3,2.9,3,1.3,15.38,84.4,1
CK-ML-11785,Khichdi,Cooked Rice / Biryani,Ambient Room Temp,Aluminium Foil Wrap,30.9,66.2,0.7,2,1.2,6.73,90.3,1
CK-ML-11786,Veg Cutlet,Fried Items (Samosa/Puri),Ambient Room Temp,Open Container,22.4,61.4,7.2,1,0.7,4.02,35.8,0
CK-ML-11787,Pav Buns,Bakery / Packaged Breads,Refrigerated (4-7C),Open Container,4.5,59.7,6.7,1,0.5,24.0,70.4,1
CK-ML-11788,Dal Makhani,Dal & Lentils,Insulated Hot Pot (>55C),Covered Degchi / Pot,58.7,79.4,4.8,3,1.3,6.01,55.7,1
CK-ML-11789,Yellow Dal,Dal & Lentils,Refrigerated (4-7C),Airtight Food Box,6.2,63.9,7.3,3,1.3,20.52,73.9,1
CK-ML-11790,Rasgulla,Dairy & Desserts,Ambient Room Temp,Covered Degchi / Pot,28.0,34.7,5.4,3,1.6,1.29,19.2,0
CK-ML-11791,Fruit Buns,Bakery / Packaged Breads,Ambient Room Temp,Covered Degchi / Pot,22.7,71.4,7.5,1,0.5,14.88,66.5,1
CK-ML-11792,Chole Gravy,Cooked Curry / Gravy,Refrigerated (4-7C),Airtight Food Box,7.3,69.0,10.6,3,1.4,15.45,59.4,1
CK-ML-11793,Spring Roll,Fried Items (Samosa/Puri),Insulated Hot Pot (>55C),Covered Degchi / Pot,62.4,72.2,8.2,1,0.7,11.24,57.7,1
CK-ML-11794,Veg Biryani,Cooked Rice / Biryani,Refrigerated (4-7C),Aluminium Foil Wrap,6.7,62.3,4.7,2,1.2,20.06,81.0,1
CK-ML-11795,Pulao,Cooked Rice / Biryani,Ambient Room Temp,Aluminium Foil Wrap,22.2,68.1,1.7,2,1.2,9.75,85.0,1
CK-ML-11796,Dinner Rolls,Bakery / Packaged Breads,Ambient Room Temp,Open Container,29.3,33.2,9.6,1,0.5,1.79,15.8,0
CK-ML-11797,Chana Dal,Dal & Lentils,Ambient Room Temp,Covered Degchi / Pot,23.3,64.0,5.2,3,1.3,3.09,37.3,0
CK-ML-11798,Puri,Indian Breads (Roti/Naan),Refrigerated (4-7C),Aluminium Foil Wrap,6.3,61.0,11.6,1,0.8,24.0,65.1,1
CK-ML-11799,Paneer Butter Masala,Cooked Curry / Gravy,Ambient Room Temp,Open Container,30.4,61.7,2.6,3,1.4,0.61,19.0,0
CK-ML-11800,Dal Tadka,Dal & Lentils,Ambient Room Temp,Airtight Food Box,36.6,76.0,4.6,3,1.3,0.89,16.3,0
CK-ML-11801,Pakoda,Fried Items (Samosa/Puri),Ambient Room Temp,Aluminium Foil Wrap,27.5,51.2,2.2,1,0.7,15.88,88.0,1
CK-ML-11802,Dal Tadka,Dal & Lentils,Ambient Room Temp,Covered Degchi / Pot,38.3,74.3,2.4,3,1.3,1.22,33.3,0
CK-ML-11803,Yellow Dal,Dal & Lentils,Ambient Room Temp,Covered Degchi / Pot,23.9,67.0,9.4,3,1.3,0.0,0.0,0
CK-ML-11804,Tandoori Roti,Indian Breads (Roti/Naan),Ambient Room Temp,Aluminium Foil Wrap,31.2,55.8,8.5,1,0.8,2.05,19.5,0
CK-ML-11805,Mixed Veg Curry,Cooked Curry / Gravy,Ambient Room Temp,Airtight Food Box,25.6,34.0,7.0,3,1.4,5.1,42.3,1
CK-ML-11806,Chole Gravy,Cooked Curry / Gravy,Refrigerated (4-7C),Airtight Food Box,3.5,42.0,2.6,3,1.4,23.27,89.8,1
CK-ML-11807,Veg Biryani,Cooked Rice / Biryani,Refrigerated (4-7C),Open Container,4.8,68.3,5.6,2,1.2,8.12,59.1,1
CK-ML-11808,Spring Roll,Fried Items (Samosa/Puri),Ambient Room Temp,Open Container,22.6,53.4,10.7,1,0.7,0.0,0.0,0
CK-ML-11809,Pulao,Cooked Rice / Biryani,Ambient Room Temp,Airtight Food Box,36.3,39.0,1.2,2,1.2,5.21,81.0,1
CK-ML-11810,Pulao,Cooked Rice / Biryani,Insulated Hot Pot (>55C),Covered Degchi / Pot,56.5,69.3,11.3,2,1.2,0.0,0.0,0
CK-ML-11811,Sprouts Salad,Raw Vegetables & Salad,Ambient Room Temp,Covered Degchi / Pot,30.8,59.1,5.9,2,1.1,1.11,15.9,0
CK-ML-11812,Dal Makhani,Dal & Lentils,Ambient Room Temp,Open Container,35.2,37.6,7.5,3,1.3,0.0,0.0,0
CK-ML-11813,Steamed Rice,Cooked Rice / Biryani,Insulated Hot Pot (>55C),Covered Degchi / Pot,59.8,43.9,5.9,2,1.2,5.22,46.8,1
CK-ML-11814,Yellow Dal,Dal & Lentils,Ambient Room Temp,Covered Degchi / Pot,33.1,45.4,2.0,3,1.3,2.95,60.1,0
CK-ML-11815,Kachori,Fried Items (Samosa/Puri),Ambient Room Temp,Covered Degchi / Pot,30.5,56.7,8.1,1,0.7,2.44,23.2,0
CK-ML-11816,Rasgulla,Dairy & Desserts,Refrigerated (4-7C),Covered Degchi / Pot,4.2,51.3,4.9,3,1.6,9.64,66.1,1
CK-ML-11817,Kachori,Fried Items (Samosa/Puri),Ambient Room Temp,Aluminium Foil Wrap,29.4,37.2,2.4,1,0.7,12.12,83.3,1
CK-ML-11818,Chole Gravy,Cooked Curry / Gravy,Insulated Hot Pot (>55C),Aluminium Foil Wrap,63.2,32.3,5.4,3,1.4,6.61,55.2,1
CK-ML-11819,Rasgulla,Dairy & Desserts,Ambient Room Temp,Aluminium Foil Wrap,37.8,73.8,8.3,3,1.6,0.0,0.0,0
CK-ML-11820,Paneer Butter Masala,Cooked Curry / Gravy,Insulated Hot Pot (>55C),Covered Degchi / Pot,52.3,42.7,1.5,3,1.4,8.44,84.7,1
CK-ML-11821,Pulao,Cooked Rice / Biryani,Ambient Room Temp,Covered Degchi / Pot,25.1,78.2,7.2,2,1.2,1.95,21.4,0
CK-ML-11822,Yellow Dal,Dal & Lentils,Ambient Room Temp,Aluminium Foil Wrap,37.0,42.6,4.9,3,1.3,0.0,0.0,0
CK-ML-11823,Spring Roll,Fried Items (Samosa/Puri),Ambient Room Temp,Airtight Food Box,28.3,74.4,5.8,1,0.7,13.74,70.2,1
CK-ML-11824,Steamed Rice,Cooked Rice / Biryani,Insulated Hot Pot (>55C),Open Container,61.7,39.5,8.5,2,1.2,0.0,0.0,0
CK-ML-11825,Puri,Indian Breads (Roti/Naan),Ambient Room Temp,Covered Degchi / Pot,33.9,61.9,6.6,1,0.8,0.64,8.8,0
CK-ML-11826,Phulka Chapati,Indian Breads (Roti/Naan),Refrigerated (4-7C),Airtight Food Box,5.2,62.0,5.3,1,0.8,24.0,52.4,1
CK-ML-11827,Jeera Rice,Cooked Rice / Biryani,Refrigerated (4-7C),Covered Degchi / Pot,5.1,71.8,8.3,2,1.2,11.12,57.3,1
CK-ML-11828,Pav Buns,Bakery / Packaged Breads,Insulated Hot Pot (>55C),Covered Degchi / Pot,54.1,54.5,5.2,1,0.5,22.32,81.2,1
CK-ML-11829,Paneer Butter Masala,Cooked Curry / Gravy,Refrigerated (4-7C),Covered Degchi / Pot,4.8,54.9,10.6,3,1.4,6.5,38.1,0
CK-ML-11830,Kadhai Paneer,Cooked Curry / Gravy,Refrigerated (4-7C),Open Container,4.8,73.6,6.5,3,1.4,5.37,45.1,1
CK-ML-11831,Paneer Butter Masala,Cooked Curry / Gravy,Ambient Room Temp,Covered Degchi / Pot,37.9,45.3,1.1,3,1.4,2.46,69.8,0
CK-ML-11832,Pav Buns,Bakery / Packaged Breads,Refrigerated (4-7C),Open Container,6.0,39.6,4.0,1,0.5,24.0,70.9,1
CK-ML-11833,Mixed Veg Curry,Cooked Curry / Gravy,Ambient Room Temp,Airtight Food Box,31.7,59.2,4.8,3,1.4,2.99,38.6,0
CK-ML-11834,Yellow Dal,Dal & Lentils,Ambient Room Temp,Covered Degchi / Pot,23.0,50.4,1.1,3,1.3,6.92,86.2,1
CK-ML-11835,Puri,Indian Breads (Roti/Naan),Insulated Hot Pot (>55C),Aluminium Foil Wrap,56.6,33.3,11.5,1,0.8,9.31,44.7,1
CK-ML-11836,Fruit Buns,Bakery / Packaged Breads,Ambient Room Temp,Covered Degchi / Pot,37.6,72.6,7.2,1,0.5,2.16,23.2,0
CK-ML-11837,Dal Tadka,Dal & Lentils,Ambient Room Temp,Covered Degchi / Pot,23.8,78.2,7.1,3,1.3,1.22,14.7,0
CK-ML-11838,Rasgulla,Dairy & Desserts,Ambient Room Temp,Open Container,27.7,62.8,11.1,3,1.6,0.0,0.0,0
CK-ML-11839,Pulao,Cooked Rice / Biryani,Ambient Room Temp,Covered Degchi / Pot,31.4,35.3,11.9,2,1.2,0.0,0.0,0
CK-ML-11840,Yellow Dal,Dal & Lentils,Ambient Room Temp,Covered Degchi / Pot,24.4,71.3,9.3,3,1.3,0.0,0.0,0
CK-ML-11841,Chana Dal,Dal & Lentils,Insulated Hot Pot (>55C),Covered Degchi / Pot,50.3,50.3,11.2,3,1.3,0.0,0.0,0
CK-ML-11842,White Bread Loaf,Bakery / Packaged Breads,Ambient Room Temp,Covered Degchi / Pot,31.1,77.2,5.2,1,0.5,7.84,60.1,1
CK-ML-11843,Tandoori Roti,Indian Breads (Roti/Naan),Ambient Room Temp,Aluminium Foil Wrap,22.3,54.0,10.4,1,0.8,6.77,39.5,0
CK-ML-11844,Dal Makhani,Dal & Lentils,Insulated Hot Pot (>55C),Airtight Food Box,57.9,56.9,4.1,3,1.3,12.34,75.3,1
CK-ML-11845,Yellow Dal,Dal & Lentils,Refrigerated (4-7C),Aluminium Foil Wrap,3.9,71.8,3.8,3,1.3,18.63,82.9,1
CK-ML-11846,Aloo Samosa,Fried Items (Samosa/Puri),Refrigerated (4-7C),Open Container,6.5,58.3,3.1,1,0.7,20.36,86.6,1
CK-ML-11847,Kadhai Paneer,Cooked Curry / Gravy,Ambient Room Temp,Open Container,33.5,34.9,2.0,3,1.4,1.25,38.9,0
CK-ML-11848,Veg Biryani,Cooked Rice / Biryani,Ambient Room Temp,Open Container,27.7,30.1,4.0,2,1.2,1.78,30.6,0
CK-ML-11849,Khichdi,Cooked Rice / Biryani,Ambient Room Temp,Open Container,30.2,74.5,3.9,2,1.2,0.49,11.1,0
CK-ML-11850,Paratha,Indian Breads (Roti/Naan),Ambient Room Temp,Aluminium Foil Wrap,29.1,68.0,2.5,1,0.8,10.91,81.3,1
CK-ML-11851,Jeera Rice,Cooked Rice / Biryani,Ambient Room Temp,Aluminium Foil Wrap,28.7,64.2,10.8,2,1.2,0.0,0.0,0
CK-ML-11852,Butter Naan,Indian Breads (Roti/Naan),Refrigerated (4-7C),Aluminium Foil Wrap,4.6,74.6,6.3,1,0.8,24.0,65.8,1
CK-ML-11853,Puri,Indian Breads (Roti/Naan),Ambient Room Temp,Aluminium Foil Wrap,36.3,44.2,7.1,1,0.8,0.35,4.7,0
CK-ML-11854,Kachori,Fried Items (Samosa/Puri),Refrigerated (4-7C),Airtight Food Box,4.4,68.2,0.8,1,0.7,24.0,46.4,1
CK-ML-11855,Dal Tadka,Dal & Lentils,Refrigerated (4-7C),Covered Degchi / Pot,6.5,60.4,0.8,3,1.3,17.63,95.9,1
CK-ML-11856,Paneer Butter Masala,Cooked Curry / Gravy,Ambient Room Temp,Open Container,29.9,51.0,10.7,3,1.4,0.0,0.0,0
CK-ML-11857,Yellow Dal,Dal & Lentils,Insulated Hot Pot (>55C),Airtight Food Box,60.3,53.4,1.6,3,1.3,14.46,90.2,1
CK-ML-11858,Kadhai Paneer,Cooked Curry / Gravy,Ambient Room Temp,Airtight Food Box,23.2,47.4,2.7,3,1.4,9.08,77.2,1
CK-ML-11859,Phulka Chapati,Indian Breads (Roti/Naan),Ambient Room Temp,Covered Degchi / Pot,26.7,57.5,1.8,1,0.8,11.94,86.8,1
CK-ML-11860,Dinner Rolls,Bakery / Packaged Breads,Ambient Room Temp,Covered Degchi / Pot,35.3,48.2,9.0,1,0.5,1.27,12.4,0
CK-ML-11861,Chana Dal,Dal & Lentils,Ambient Room Temp,Open Container,31.7,30.9,3.4,3,1.3,0.0,0.0,0
CK-ML-11862,Chana Dal,Dal & Lentils,Ambient Room Temp,Covered Degchi / Pot,27.7,33.6,11.4,3,1.3,0.0,0.0,0
CK-ML-11863,Spring Roll,Fried Items (Samosa/Puri),Ambient Room Temp,Aluminium Foil Wrap,26.1,41.1,11.4,1,0.7,8.98,44.0,1
CK-ML-11864,Yellow Dal,Dal & Lentils,Ambient Room Temp,Covered Degchi / Pot,35.3,46.6,7.3,3,1.3,0.0,0.0,0
CK-ML-11865,Spring Roll,Fried Items (Samosa/Puri),Refrigerated (4-7C),Open Container,6.0,42.1,6.7,1,0.7,17.59,72.5,1
CK-ML-11866,Puri,Indian Breads (Roti/Naan),Ambient Room Temp,Aluminium Foil Wrap,27.6,50.6,7.4,1,0.8,8.13,52.2,1
CK-ML-11867,Dinner Rolls,Bakery / Packaged Breads,Refrigerated (4-7C),Aluminium Foil Wrap,4.6,74.4,7.8,1,0.5,24.0,40.9,1
CK-ML-11868,Kadhai Paneer,Cooked Curry / Gravy,Ambient Room Temp,Covered Degchi / Pot,31.3,72.1,2.5,3,1.4,2.83,53.5,0
CK-ML-11869,Jeera Rice,Cooked Rice / Biryani,Ambient Room Temp,Covered Degchi / Pot,31.3,39.9,6.8,2,1.2,0.0,0.0,0
CK-ML-11870,Boiled Corn Salad,Raw Vegetables & Salad,Ambient Room Temp,Covered Degchi / Pot,25.2,41.0,3.5,2,1.1,6.45,65.1,1
CK-ML-11871,Tandoori Roti,Indian Breads (Roti/Naan),Refrigerated (4-7C),Airtight Food Box,5.7,79.5,3.6,1,0.8,24.0,52.4,1
CK-ML-11872,Tandoori Roti,Indian Breads (Roti/Naan),Ambient Room Temp,Aluminium Foil Wrap,36.1,34.2,9.4,1,0.8,0.0,0.0,0
CK-ML-11873,Paneer Butter Masala,Cooked Curry / Gravy,Refrigerated (4-7C),Covered Degchi / Pot,5.2,48.3,7.9,3,1.4,9.15,53.6,1
CK-ML-11874,Gulab Jamun in Chashni,Dairy & Desserts,Insulated Hot Pot (>55C),Covered Degchi / Pot,56.2,56.7,0.7,3,1.6,8.06,91.7,1
CK-ML-11875,Kadhai Paneer,Cooked Curry / Gravy,Refrigerated (4-7C),Open Container,3.3,53.4,8.1,3,1.4,3.77,31.7,0
CK-ML-11876,Paratha,Indian Breads (Roti/Naan),Insulated Hot Pot (>55C),Open Container,57.1,67.2,2.1,1,0.8,10.51,83.3,1
CK-ML-11877,Phulka Chapati,Indian Breads (Roti/Naan),Ambient Room Temp,Covered Degchi / Pot,24.6,34.6,3.3,1,0.8,10.68,76.7,1
CK-ML-11878,Mixed Veg Curry,Cooked Curry / Gravy,Ambient Room Temp,Covered Degchi / Pot,28.4,55.2,1.4,3,1.4,4.95,78.1,1
CK-ML-11879,Veg Cutlet,Fried Items (Samosa/Puri),Ambient Room Temp,Covered Degchi / Pot,27.8,33.8,5.0,1,0.7,8.96,64.1,1
CK-ML-11880,Yellow Dal,Dal & Lentils,Ambient Room Temp,Open Container,24.1,52.4,7.1,3,1.3,0.0,0.0,0
CK-ML-11881,Butter Naan,Indian Breads (Roti/Naan),Refrigerated (4-7C),Open Container,5.2,36.8,11.3,1,0.8,9.9,46.8,1
CK-ML-11882,Steamed Rice,Cooked Rice / Biryani,Ambient Room Temp,Open Container,31.9,37.4,9.3,2,1.2,0.0,0.0,0
CK-ML-11883,Pakoda,Fried Items (Samosa/Puri),Ambient Room Temp,Covered Degchi / Pot,37.7,50.9,10.4,1,0.7,0.0,0.0,0
CK-ML-11884,Mixed Veg Curry,Cooked Curry / Gravy,Ambient Room Temp,Open Container,32.4,39.6,3.6,3,1.4,0.0,0.0,0
CK-ML-11885,Butter Naan,Indian Breads (Roti/Naan),Refrigerated (4-7C),Open Container,6.3,54.9,10.8,1,0.8,10.14,48.4,1
CK-ML-11886,Puri,Indian Breads (Roti/Naan),Ambient Room Temp,Covered Degchi / Pot,37.9,69.5,1.8,1,0.8,3.72,67.2,1
CK-ML-11887,Paneer Butter Masala,Cooked Curry / Gravy,Refrigerated (4-7C),Open Container,4.0,31.8,1.2,3,1.4,10.54,89.9,1
CK-ML-11888,Phulka Chapati,Indian Breads (Roti/Naan),Ambient Room Temp,Airtight Food Box,30.6,64.0,3.3,1,0.8,10.57,76.0,1
CK-ML-11889,Puri,Indian Breads (Roti/Naan),Refrigerated (4-7C),Airtight Food Box,4.4,66.7,4.3,1,0.8,24.0,52.8,1
CK-ML-11890,Pakoda,Fried Items (Samosa/Puri),Ambient Room Temp,Open Container,35.4,38.5,1.7,1,0.7,2.9,62.4,0
CK-ML-11891,Veg Cutlet,Fried Items (Samosa/Puri),Ambient Room Temp,Aluminium Foil Wrap,26.9,56.2,1.4,1,0.7,18.12,92.8,1
CK-ML-11892,Mixed Veg Curry,Cooked Curry / Gravy,Ambient Room Temp,Open Container,35.1,65.9,1.0,3,1.4,2.18,68.0,0
CK-ML-11893,Khichdi,Cooked Rice / Biryani,Ambient Room Temp,Covered Degchi / Pot,26.2,48.9,9.9,2,1.2,0.15,1.5,0
CK-ML-11894,Sambhar,Dal & Lentils,Ambient Room Temp,Open Container,28.8,69.8,9.3,3,1.3,0.0,0.0,0
CK-ML-11895,Paneer Butter Masala,Cooked Curry / Gravy,Insulated Hot Pot (>55C),Open Container,54.4,73.9,3.8,3,1.4,2.87,43.3,0
CK-ML-11896,Khichdi,Cooked Rice / Biryani,Refrigerated (4-7C),Covered Degchi / Pot,5.9,50.3,11.7,2,1.2,8.4,41.8,1
CK-ML-11897,Yellow Dal,Dal & Lentils,Ambient Room Temp,Open Container,27.9,71.5,10.8,3,1.3,0.0,0.0,0
CK-ML-11898,Fruit Chaat,Raw Vegetables & Salad,Insulated Hot Pot (>55C),Airtight Food Box,64.4,79.0,9.6,2,1.1,8.82,47.8,1
CK-ML-11899,White Bread Loaf,Bakery / Packaged Breads,Ambient Room Temp,Airtight Food Box,30.1,77.7,2.3,1,0.5,21.45,90.3,1
CK-ML-11900,Jeera Rice,Cooked Rice / Biryani,Ambient Room Temp,Covered Degchi / Pot,27.6,59.1,4.1,2,1.2,4.18,50.2,1
CK-ML-11901,Phulka Chapati,Indian Breads (Roti/Naan),Ambient Room Temp,Aluminium Foil Wrap,37.9,58.3,2.0,1,0.8,5.56,73.8,1
CK-ML-11902,Gulab Jamun in Chashni,Dairy & Desserts,Ambient Room Temp,Covered Degchi / Pot,32.5,41.7,1.4,3,1.6,2.45,63.4,0
CK-ML-11903,Chole Gravy,Cooked Curry / Gravy,Insulated Hot Pot (>55C),Airtight Food Box,53.5,69.0,7.7,3,1.4,7.03,47.8,1
CK-ML-11904,Kadhai Paneer,Cooked Curry / Gravy,Refrigerated (4-7C),Airtight Food Box,7.1,52.5,6.7,3,1.4,18.93,73.9,1
CK-ML-11905,Aloo Samosa,Fried Items (Samosa/Puri),Ambient Room Temp,Covered Degchi / Pot,38.6,47.2,8.0,1,0.7,0.0,0.0,0
CK-ML-11906,Paneer Tikka,Dairy & Desserts,Ambient Room Temp,Aluminium Foil Wrap,38.4,47.4,10.1,3,1.6,0.0,0.0,0
CK-ML-11907,Khichdi,Cooked Rice / Biryani,Ambient Room Temp,Open Container,33.1,33.8,7.4,2,1.2,0.0,0.0,0
CK-ML-11908,Paneer Butter Masala,Cooked Curry / Gravy,Refrigerated (4-7C),Covered Degchi / Pot,3.1,49.0,5.2,3,1.4,12.01,69.8,1
CK-ML-11909,Dal Makhani,Dal & Lentils,Ambient Room Temp,Aluminium Foil Wrap,37.2,41.4,6.9,3,1.3,0.0,0.0,0
CK-ML-11910,Dinner Rolls,Bakery / Packaged Breads,Refrigerated (4-7C),Covered Degchi / Pot,3.9,75.6,5.9,1,0.5,24.0,50.2,1
CK-ML-11911,Jeera Rice,Cooked Rice / Biryani,Ambient Room Temp,Open Container,30.0,33.8,8.6,2,1.2,0.0,0.0,0
CK-ML-11912,Kadhai Paneer,Cooked Curry / Gravy,Ambient Room Temp,Aluminium Foil Wrap,31.6,41.4,7.7,3,1.4,0.0,0.0,0
CK-ML-11913,Kadhai Paneer,Cooked Curry / Gravy,Refrigerated (4-7C),Open Container,7.4,56.6,3.0,3,1.4,9.13,75.5,1
CK-ML-11914,Yellow Dal,Dal & Lentils,Ambient Room Temp,Open Container,36.3,30.5,10.4,3,1.3,0.0,0.0,0
CK-ML-11915,Sambhar,Dal & Lentils,Ambient Room Temp,Covered Degchi / Pot,32.6,64.0,6.1,3,1.3,0.0,0.0,0
CK-ML-11916,Sweet Lassi,Dairy & Desserts,Ambient Room Temp,Airtight Food Box,33.8,65.4,11.1,3,1.6,0.0,0.0,0
CK-ML-11917,Aloo Samosa,Fried Items (Samosa/Puri),Refrigerated (4-7C),Airtight Food Box,4.0,42.6,5.9,1,0.7,24.0,46.3,1
CK-ML-11918,Paneer Tikka,Dairy & Desserts,Ambient Room Temp,Covered Degchi / Pot,35.6,56.5,8.4,3,1.6,0.0,0.0,0
CK-ML-11919,Tandoori Roti,Indian Breads (Roti/Naan),Refrigerated (4-7C),Covered Degchi / Pot,5.9,41.6,5.5,1,0.8,24.0,81.0,1
CK-ML-11920,Dal Makhani,Dal & Lentils,Ambient Room Temp,Open Container,22.4,35.2,4.5,3,1.3,1.62,26.5,0
CK-ML-11921,Paneer Butter Masala,Cooked Curry / Gravy,Ambient Room Temp,Open Container,35.4,61.3,5.6,3,1.4,0.0,0.0,0
CK-ML-11922,Dum Aloo,Cooked Curry / Gravy,Insulated Hot Pot (>55C),Open Container,54.3,60.8,11.8,3,1.4,0.0,0.0,0
CK-ML-11923,Tandoori Roti,Indian Breads (Roti/Naan),Ambient Room Temp,Airtight Food Box,28.2,57.1,11.5,1,0.8,6.47,36.0,0
CK-ML-11924,Kachori,Fried Items (Samosa/Puri),Refrigerated (4-7C),Aluminium Foil Wrap,3.2,46.3,11.5,1,0.7,24.0,56.6,1
CK-ML-11925,Fruit Buns,Bakery / Packaged Breads,Ambient Room Temp,Covered Degchi / Pot,26.0,79.4,6.3,1,0.5,15.8,71.6,1
CK-ML-11926,Cucumber Tomato Salad,Raw Vegetables & Salad,Insulated Hot Pot (>55C),Open Container,60.5,68.4,4.8,2,1.1,3.33,40.8,1
CK-ML-11927,Cucumber Tomato Salad,Raw Vegetables & Salad,Refrigerated (4-7C),Aluminium Foil Wrap,7.0,61.5,9.0,2,1.1,17.93,66.5,1
CK-ML-11928,Paneer Butter Masala,Cooked Curry / Gravy,Refrigerated (4-7C),Open Container,5.5,77.7,2.6,3,1.4,9.93,79.2,1
CK-ML-11929,Tandoori Roti,Indian Breads (Roti/Naan),Ambient Room Temp,Covered Degchi / Pot,25.2,30.4,2.6,1,0.8,11.41,81.5,1
CK-ML-11930,Fruit Chaat,Raw Vegetables & Salad,Ambient Room Temp,Covered Degchi / Pot,31.4,50.4,5.0,2,1.1,0.38,7.1,0
CK-ML-11931,Sweet Lassi,Dairy & Desserts,Ambient Room Temp,Open Container,36.6,78.0,8.4,3,1.6,0.0,0.0,0
CK-ML-11932,Puri,Indian Breads (Roti/Naan),Ambient Room Temp,Aluminium Foil Wrap,31.5,69.3,10.5,1,0.8,0.0,0.0,0
CK-ML-11933,Paneer Butter Masala,Cooked Curry / Gravy,Ambient Room Temp,Aluminium Foil Wrap,33.7,56.4,3.8,3,1.4,0.91,19.2,0
CK-ML-11934,White Bread Loaf,Bakery / Packaged Breads,Ambient Room Temp,Airtight Food Box,36.4,56.7,2.0,1,0.5,12.76,86.4,1
CK-ML-11935,Kheer / Payasam,Dairy & Desserts,Insulated Hot Pot (>55C),Airtight Food Box,64.0,69.4,5.7,3,1.6,7.01,55.0,1
CK-ML-11936,Kadhai Paneer,Cooked Curry / Gravy,Ambient Room Temp,Aluminium Foil Wrap,32.1,50.8,3.9,3,1.4,1.43,26.6,0
CK-ML-11937,Dum Aloo,Cooked Curry / Gravy,Ambient Room Temp,Aluminium Foil Wrap,38.1,65.3,9.2,3,1.4,0.0,0.0,0
CK-ML-11938,Dal Makhani,Dal & Lentils,Ambient Room Temp,Open Container,27.9,70.2,11.1,3,1.3,0.0,0.0,0
CK-ML-11939,Fruit Chaat,Raw Vegetables & Salad,Ambient Room Temp,Aluminium Foil Wrap,27.2,54.7,2.6,2,1.1,9.5,78.2,1
CK-ML-11940,Chole Gravy,Cooked Curry / Gravy,Ambient Room Temp,Covered Degchi / Pot,29.7,73.7,7.1,3,1.4,0.0,0.0,0
CK-ML-11941,Fruit Chaat,Raw Vegetables & Salad,Insulated Hot Pot (>55C),Aluminium Foil Wrap,51.5,54.1,1.1,2,1.1,13.53,92.7,1
CK-ML-11942,Cucumber Tomato Salad,Raw Vegetables & Salad,Ambient Room Temp,Open Container,23.9,44.4,2.9,2,1.1,4.2,59.2,1
CK-ML-11943,Dal Makhani,Dal & Lentils,Refrigerated (4-7C),Open Container,3.3,49.0,0.5,3,1.3,11.89,95.7,1
CK-ML-11944,Paneer Butter Masala,Cooked Curry / Gravy,Refrigerated (4-7C),Aluminium Foil Wrap,3.9,47.1,11.6,3,1.4,10.15,46.6,1
CK-ML-11945,Puri,Indian Breads (Roti/Naan),Ambient Room Temp,Open Container,34.0,36.5,7.8,1,0.8,0.0,0.0,0
CK-ML-11946,Aloo Samosa,Fried Items (Samosa/Puri),Ambient Room Temp,Covered Degchi / Pot,36.8,45.4,6.8,1,0.7,0.0,0.0,0
CK-ML-11947,Veg Cutlet,Fried Items (Samosa/Puri),Ambient Room Temp,Covered Degchi / Pot,26.7,76.3,6.1,1,0.7,9.61,61.0,1
CK-ML-11948,Veg Cutlet,Fried Items (Samosa/Puri),Insulated Hot Pot (>55C),Airtight Food Box,51.6,51.4,5.8,1,0.7,24.0,79.5,1
CK-ML-11949,White Bread Loaf,Bakery / Packaged Breads,Insulated Hot Pot (>55C),Open Container,53.8,61.7,2.4,1,0.5,17.14,87.7,1
CK-ML-11950,Dum Aloo,Cooked Curry / Gravy,Ambient Room Temp,Airtight Food Box,26.2,77.0,9.8,3,1.4,2.18,18.2,0
CK-ML-11951,Kheer / Payasam,Dairy & Desserts,Ambient Room Temp,Covered Degchi / Pot,22.6,68.4,10.1,3,1.6,0.0,0.0,0
CK-ML-11952,Dum Aloo,Cooked Curry / Gravy,Ambient Room Temp,Aluminium Foil Wrap,30.2,44.6,7.4,3,1.4,0.0,0.0,0
CK-ML-11953,Aloo Samosa,Fried Items (Samosa/Puri),Refrigerated (4-7C),Aluminium Foil Wrap,5.4,31.6,7.6,1,0.7,24.0,57.1,1
CK-ML-11954,Aloo Samosa,Fried Items (Samosa/Puri),Ambient Room Temp,Covered Degchi / Pot,38.8,45.1,3.7,1,0.7,1.95,34.5,0
CK-ML-11955,Boiled Corn Salad,Raw Vegetables & Salad,Ambient Room Temp,Aluminium Foil Wrap,22.1,68.0,9.3,2,1.1,3.03,24.7,0
CK-ML-11956,Cucumber Tomato Salad,Raw Vegetables & Salad,Ambient Room Temp,Aluminium Foil Wrap,33.1,44.5,7.2,2,1.1,0.0,0.0,0
CK-ML-11957,Phulka Chapati,Indian Breads (Roti/Naan),Refrigerated (4-7C),Aluminium Foil Wrap,5.2,44.9,1.9,1,0.8,24.0,65.6,1
CK-ML-11958,Pulao,Cooked Rice / Biryani,Insulated Hot Pot (>55C),Open Container,51.6,53.1,11.3,2,1.2,0.0,0.0,0
CK-ML-11959,Steamed Rice,Cooked Rice / Biryani,Ambient Room Temp,Aluminium Foil Wrap,30.7,31.7,8.0,2,1.2,0.0,0.0,0
CK-ML-11960,Jeera Rice,Cooked Rice / Biryani,Insulated Hot Pot (>55C),Covered Degchi / Pot,54.1,67.8,7.1,2,1.2,4.63,39.4,0
CK-ML-11961,Dum Aloo,Cooked Curry / Gravy,Refrigerated (4-7C),Aluminium Foil Wrap,7.2,48.8,6.3,3,1.4,14.15,69.1,1
CK-ML-11962,Veg Cutlet,Fried Items (Samosa/Puri),Ambient Room Temp,Covered Degchi / Pot,34.1,75.9,8.2,1,0.7,0.0,0.0,0
CK-ML-11963,Chana Dal,Dal & Lentils,Refrigerated (4-7C),Open Container,4.9,41.1,1.5,3,1.3,12.16,89.1,1
CK-ML-11964,Butter Naan,Indian Breads (Roti/Naan),Refrigerated (4-7C),Airtight Food Box,6.0,43.3,1.8,1,0.8,24.0,53.4,1
CK-ML-11965,Paneer Butter Masala,Cooked Curry / Gravy,Ambient Room Temp,Covered Degchi / Pot,23.1,36.8,2.6,3,1.4,5.85,69.4,1
CK-ML-11966,Paratha,Indian Breads (Roti/Naan),Refrigerated (4-7C),Open Container,3.2,65.9,11.0,1,0.8,10.64,49.2,1
CK-ML-11967,Pulao,Cooked Rice / Biryani,Refrigerated (4-7C),Airtight Food Box,3.1,79.8,1.6,2,1.2,24.0,80.3,1
CK-ML-11968,Yellow Dal,Dal & Lentils,Refrigerated (4-7C),Covered Degchi / Pot,4.5,42.8,10.6,3,1.3,8.03,43.1,1
CK-ML-11969,Tandoori Roti,Indian Breads (Roti/Naan),Refrigerated (4-7C),Open Container,3.7,40.5,4.7,1,0.8,16.28,77.5,1
CK-ML-11970,Pulao,Cooked Rice / Biryani,Ambient Room Temp,Covered Degchi / Pot,24.4,71.1,10.7,2,1.2,0.0,0.0,0
CK-ML-11971,Khichdi,Cooked Rice / Biryani,Ambient Room Temp,Aluminium Foil Wrap,33.3,75.0,8.9,2,1.2,0.0,0.0,0
CK-ML-11972,Sprouts Salad,Raw Vegetables & Salad,Ambient Room Temp,Open Container,36.8,69.6,7.1,2,1.1,0.0,0.0,0
CK-ML-11973,Chole Gravy,Cooked Curry / Gravy,Ambient Room Temp,Aluminium Foil Wrap,34.9,39.1,2.5,3,1.4,2.12,46.4,0
CK-ML-11974,Steamed Rice,Cooked Rice / Biryani,Refrigerated (4-7C),Airtight Food Box,4.6,54.2,9.2,2,1.2,21.64,70.3,1
CK-ML-11975,Kadhai Paneer,Cooked Curry / Gravy,Refrigerated (4-7C),Covered Degchi / Pot,4.5,44.9,1.0,3,1.4,17.03,94.6,1
CK-ML-11976,Dal Tadka,Dal & Lentils,Insulated Hot Pot (>55C),Open Container,53.5,44.6,10.3,3,1.3,0.0,0.0,0
CK-ML-11977,Yellow Dal,Dal & Lentils,Insulated Hot Pot (>55C),Covered Degchi / Pot,55.9,52.0,9.7,3,1.3,0.8,7.6,0
CK-ML-11978,Chole Gravy,Cooked Curry / Gravy,Ambient Room Temp,Covered Degchi / Pot,33.1,56.7,5.8,3,1.4,0.0,0.0,0
CK-ML-11979,Boiled Corn Salad,Raw Vegetables & Salad,Ambient Room Temp,Aluminium Foil Wrap,32.7,74.3,9.7,2,1.1,0.0,0.0,0
CK-ML-11980,Jeera Rice,Cooked Rice / Biryani,Ambient Room Temp,Covered Degchi / Pot,24.3,38.2,4.4,2,1.2,4.43,49.9,1
CK-ML-11981,Puri,Indian Breads (Roti/Naan),Refrigerated (4-7C),Aluminium Foil Wrap,4.9,36.2,6.6,1,0.8,24.0,66.0,1
CK-ML-11982,Pav Buns,Bakery / Packaged Breads,Ambient Room Temp,Covered Degchi / Pot,25.3,36.5,11.2,1,0.5,10.73,48.8,1
CK-ML-11983,Paneer Butter Masala,Cooked Curry / Gravy,Insulated Hot Pot (>55C),Open Container,56.9,31.5,4.4,3,1.4,1.75,28.4,0
CK-ML-11984,Kadhai Paneer,Cooked Curry / Gravy,Refrigerated (4-7C),Aluminium Foil Wrap,3.2,44.5,5.3,3,1.4,16.09,75.4,1
CK-ML-11985,Puri,Indian Breads (Roti/Naan),Ambient Room Temp,Airtight Food Box,36.6,46.5,4.7,1,0.8,4.12,46.6,1
CK-ML-11986,Fruit Chaat,Raw Vegetables & Salad,Ambient Room Temp,Open Container,38.5,49.0,7.0,2,1.1,0.0,0.0,0
CK-ML-11987,Kachori,Fried Items (Samosa/Puri),Ambient Room Temp,Covered Degchi / Pot,32.0,37.1,3.5,1,0.7,5.09,59.4,1
CK-ML-11988,Paratha,Indian Breads (Roti/Naan),Ambient Room Temp,Airtight Food Box,24.9,37.0,3.7,1,0.8,17.5,82.4,1
CK-ML-11989,Pulao,Cooked Rice / Biryani,Refrigerated (4-7C),Aluminium Foil Wrap,5.2,56.9,1.2,2,1.2,23.88,95.3,1
CK-ML-11990,Puri,Indian Breads (Roti/Naan),Ambient Room Temp,Aluminium Foil Wrap,31.3,54.4,4.9,1,0.8,5.83,54.4,1
CK-ML-11991,Veg Cutlet,Fried Items (Samosa/Puri),Ambient Room Temp,Covered Degchi / Pot,22.6,50.1,11.1,1,0.7,4.31,28.0,0
CK-ML-11992,Paneer Butter Masala,Cooked Curry / Gravy,Insulated Hot Pot (>55C),Aluminium Foil Wrap,63.4,62.2,6.5,3,1.4,4.98,43.2,1
CK-ML-11993,Steamed Rice,Cooked Rice / Biryani,Ambient Room Temp,Aluminium Foil Wrap,32.3,49.7,11.6,2,1.2,0.0,0.0,0
CK-ML-11994,Chole Gravy,Cooked Curry / Gravy,Insulated Hot Pot (>55C),Covered Degchi / Pot,61.3,78.3,11.5,3,1.4,0.0,0.0,0
CK-ML-11995,Veg Biryani,Cooked Rice / Biryani,Insulated Hot Pot (>55C),Open Container,53.3,53.6,1.2,2,1.2,5.86,82.9,1
CK-ML-11996,Paneer Butter Masala,Cooked Curry / Gravy,Insulated Hot Pot (>55C),Covered Degchi / Pot,53.1,57.2,11.9,3,1.4,0.0,0.0,0
CK-ML-11997,Sweet Lassi,Dairy & Desserts,Refrigerated (4-7C),Open Container,3.5,50.2,7.1,3,1.6,3.93,35.7,0
CK-ML-11998,Kadhai Paneer,Cooked Curry / Gravy,Insulated Hot Pot (>55C),Open Container,51.0,51.4,10.5,3,1.4,0.0,0.0,0
CK-ML-11999,Veg Cutlet,Fried Items (Samosa/Puri),Refrigerated (4-7C),Covered Degchi / Pot,5.6,49.5,1.8,1,0.7,24.0,70.9,1
CK-ML-12000,Butter Naan,Indian Breads (Roti/Naan),Ambient Room Temp,Aluminium Foil Wrap,34.4,79.8,9.7,1,0.8,0.0,0.0,0
CK-ML-12001,Veg Biryani,Cooked Rice / Biryani,Refrigerated (4-7C),Aluminium Foil Wrap,6.4,47.7,12.0,2,1.2,12.38,50.9,1
CK-ML-12002,Jeera Rice,Cooked Rice / Biryani,Insulated Hot Pot (>55C),Aluminium Foil Wrap,56.5,58.0,7.7,2,1.2,6.25,44.7,1
CK-ML-12003,Dinner Rolls,Bakery / Packaged Breads,Ambient Room Temp,Open Container,26.6,58.6,11.6,1,0.5,3.78,24.6,0
CK-ML-12004,Chole Gravy,Cooked Curry / Gravy,Ambient Room Temp,Airtight Food Box,24.1,37.2,10.7,3,1.4,1.02,8.7,0
CK-ML-12005,Dinner Rolls,Bakery / Packaged Breads,Ambient Room Temp,Aluminium Foil Wrap,36.8,62.3,11.4,1,0.5,0.26,2.2,0
CK-ML-12006,Pakoda,Fried Items (Samosa/Puri),Refrigerated (4-7C),Covered Degchi / Pot,5.0,44.4,2.3,1,0.7,24.0,71.9,1
CK-ML-12007,Yellow Dal,Dal & Lentils,Ambient Room Temp,Covered Degchi / Pot,31.7,38.4,8.1,3,1.3,0.0,0.0,0
CK-ML-12008,Pakoda,Fried Items (Samosa/Puri),Ambient Room Temp,Open Container,25.9,46.9,12.0,1,0.7,0.0,0.0,0
CK-ML-12009,Sweet Lassi,Dairy & Desserts,Insulated Hot Pot (>55C),Covered Degchi / Pot,53.7,45.8,11.6,3,1.6,0.0,0.0,0
CK-ML-12010,Kachori,Fried Items (Samosa/Puri),Refrigerated (4-7C),Covered Degchi / Pot,3.9,38.0,8.0,1,0.7,24.0,70.4,1
CK-ML-12011,Steamed Rice,Cooked Rice / Biryani,Ambient Room Temp,Open Container,30.1,51.6,7.9,2,1.2,0.0,0.0,0
CK-ML-12012,Sprouts Salad,Raw Vegetables & Salad,Ambient Room Temp,Open Container,36.4,78.9,2.3,2,1.1,0.62,21.1,0
CK-ML-12013,Dal Tadka,Dal & Lentils,Ambient Room Temp,Airtight Food Box,31.6,44.9,7.2,3,1.3,0.0,0.0,0
CK-ML-12014,Mixed Veg Curry,Cooked Curry / Gravy,Ambient Room Temp,Open Container,32.2,60.4,5.0,3,1.4,0.0,0.0,0
CK-ML-12015,Dal Makhani,Dal & Lentils,Ambient Room Temp,Aluminium Foil Wrap,29.1,70.1,6.7,3,1.3,0.95,12.4,0
CK-ML-12016,Steamed Rice,Cooked Rice / Biryani,Ambient Room Temp,Airtight Food Box,31.8,52.5,7.0,2,1.2,1.02,12.7,0
CK-ML-12017,Chole Gravy,Cooked Curry / Gravy,Ambient Room Temp,Airtight Food Box,26.8,37.0,8.4,3,1.4,3.94,32.0,0
CK-ML-12018,Phulka Chapati,Indian Breads (Roti/Naan),Ambient Room Temp,Covered Degchi / Pot,37.8,61.4,11.9,1,0.8,0.0,0.0,0
CK-ML-12019,Chana Dal,Dal & Lentils,Ambient Room Temp,Covered Degchi / Pot,27.9,59.2,10.5,3,1.3,0.0,0.0,0
CK-ML-12020,Phulka Chapati,Indian Breads (Roti/Naan),Ambient Room Temp,Aluminium Foil Wrap,25.9,50.0,7.3,1,0.8,9.6,56.7,1
CK-ML-12021,Butter Naan,Indian Breads (Roti/Naan),Ambient Room Temp,Covered Degchi / Pot,33.0,36.6,8.7,1,0.8,0.0,0.0,0
CK-ML-12022,Steamed Rice,Cooked Rice / Biryani,Ambient Room Temp,Airtight Food Box,37.4,34.2,10.0,2,1.2,0.0,0.0,0
CK-ML-12023,Dum Aloo,Cooked Curry / Gravy,Ambient Room Temp,Aluminium Foil Wrap,34.1,57.8,1.8,3,1.4,3.04,63.4,1
CK-ML-12024,Veg Cutlet,Fried Items (Samosa/Puri),Ambient Room Temp,Airtight Food Box,33.3,69.2,11.8,1,0.7,1.22,9.4,0
CK-ML-12025,Jeera Rice,Cooked Rice / Biryani,Ambient Room Temp,Airtight Food Box,32.2,49.5,5.1,2,1.2,2.65,34.1,0
CK-ML-12026,Aloo Samosa,Fried Items (Samosa/Puri),Ambient Room Temp,Covered Degchi / Pot,34.7,45.7,7.8,1,0.7,0.26,3.2,0
CK-ML-12027,Aloo Samosa,Fried Items (Samosa/Puri),Ambient Room Temp,Aluminium Foil Wrap,28.3,58.2,1.2,1,0.7,15.16,92.5,1
CK-ML-12028,Jeera Rice,Cooked Rice / Biryani,Ambient Room Temp,Airtight Food Box,34.6,34.1,6.5,2,1.2,0.27,4.0,0
CK-ML-12029,Sprouts Salad,Raw Vegetables & Salad,Ambient Room Temp,Aluminium Foil Wrap,35.5,70.4,5.8,2,1.1,0.0,0.0,0
CK-ML-12030,Pav Buns,Bakery / Packaged Breads,Refrigerated (4-7C),Aluminium Foil Wrap,3.6,70.9,9.0,1,0.5,24.0,41.1,1
CK-ML-12031,Kachori,Fried Items (Samosa/Puri),Ambient Room Temp,Covered Degchi / Pot,26.0,75.4,6.3,1,0.7,9.12,59.2,1
CK-ML-12032,Paratha,Indian Breads (Roti/Naan),Ambient Room Temp,Open Container,37.0,41.1,1.8,1,0.8,2.93,62.0,0
CK-ML-12033,Veg Cutlet,Fried Items (Samosa/Puri),Refrigerated (4-7C),Covered Degchi / Pot,7.1,31.8,3.3,1,0.7,24.0,70.6,1
CK-ML-12034,Sambhar,Dal & Lentils,Ambient Room Temp,Covered Degchi / Pot,38.2,69.8,2.7,3,1.3,0.01,0.4,0
CK-ML-12035,Veg Biryani,Cooked Rice / Biryani,Refrigerated (4-7C),Covered Degchi / Pot,5.0,73.2,8.6,2,1.2,11.55,57.3,1
CK-ML-12036,Dum Aloo,Cooked Curry / Gravy,Ambient Room Temp,Covered Degchi / Pot,31.2,49.2,0.5,3,1.4,4.44,89.5,1
CK-ML-12037,Kachori,Fried Items (Samosa/Puri),Insulated Hot Pot (>55C),Covered Degchi / Pot,57.0,67.5,2.5,1,0.7,16.87,86.9,1
CK-ML-12038,Puri,Indian Breads (Roti/Naan),Ambient Room Temp,Airtight Food Box,27.3,75.8,5.2,1,0.8,15.02,74.3,1
CK-ML-12039,Khichdi,Cooked Rice / Biryani,Insulated Hot Pot (>55C),Covered Degchi / Pot,55.6,30.8,5.0,2,1.2,5.85,54.0,1
CK-ML-12040,Yellow Dal,Dal & Lentils,Ambient Room Temp,Open Container,28.4,77.3,2.9,3,1.3,2.42,45.7,0
CK-ML-12041,Dal Makhani,Dal & Lentils,Insulated Hot Pot (>55C),Aluminium Foil Wrap,53.6,51.4,1.9,3,1.3,10.58,84.7,1
CK-ML-12042,Yellow Dal,Dal & Lentils,Ambient Room Temp,Open Container,33.4,47.3,0.7,3,1.3,2.37,77.0,0
CK-ML-12043,Steamed Rice,Cooked Rice / Biryani,Ambient Room Temp,Covered Degchi / Pot,24.1,78.3,3.7,2,1.2,5.4,59.1,1
CK-ML-12044,Yellow Dal,Dal & Lentils,Ambient Room Temp,Open Container,27.1,73.4,6.6,3,1.3,0.0,0.0,0
CK-ML-12045,Jeera Rice,Cooked Rice / Biryani,Ambient Room Temp,Airtight Food Box,33.1,65.4,9.5,2,1.2,0.0,0.0,0
CK-ML-12046,Dinner Rolls,Bakery / Packaged Breads,Ambient Room Temp,Aluminium Foil Wrap,34.7,77.5,6.2,1,0.5,7.27,53.8,1
CK-ML-12047,Yellow Dal,Dal & Lentils,Ambient Room Temp,Aluminium Foil Wrap,32.2,52.2,7.4,3,1.3,0.0,0.0,0
CK-ML-12048,Paneer Tikka,Dairy & Desserts,Ambient Room Temp,Covered Degchi / Pot,38.0,66.3,11.1,3,1.6,0.0,0.0,0
CK-ML-12049,Steamed Rice,Cooked Rice / Biryani,Ambient Room Temp,Covered Degchi / Pot,24.7,64.6,1.6,2,1.2,8.08,83.7,1
CK-ML-12050,Dum Aloo,Cooked Curry / Gravy,Ambient Room Temp,Aluminium Foil Wrap,37.6,62.2,3.6,3,1.4,0.13,3.5,0
CK-ML-12051,Chole Gravy,Cooked Curry / Gravy,Refrigerated (4-7C),Open Container,3.8,64.9,3.1,3,1.4,8.91,74.3,1
CK-ML-12052,Chole Gravy,Cooked Curry / Gravy,Refrigerated (4-7C),Aluminium Foil Wrap,4.8,34.1,9.3,3,1.4,11.36,54.9,1
CK-ML-12053,Chole Gravy,Cooked Curry / Gravy,Ambient Room Temp,Open Container,27.6,51.2,6.7,3,1.4,0.0,0.0,0
CK-ML-12054,Kadhai Paneer,Cooked Curry / Gravy,Ambient Room Temp,Open Container,34.5,37.5,6.3,3,1.4,0.0,0.0,0
CK-ML-12055,Steamed Rice,Cooked Rice / Biryani,Insulated Hot Pot (>55C),Aluminium Foil Wrap,54.7,59.0,11.5,2,1.2,3.07,21.1,0
CK-ML-12056,Mixed Veg Curry,Cooked Curry / Gravy,Ambient Room Temp,Airtight Food Box,34.1,60.6,5.4,3,1.4,1.03,16.0,0
CK-ML-12057,Khichdi,Cooked Rice / Biryani,Insulated Hot Pot (>55C),Covered Degchi / Pot,58.6,33.5,6.9,2,1.2,3.91,36.3,0
CK-ML-12058,Sambhar,Dal & Lentils,Ambient Room Temp,Aluminium Foil Wrap,31.9,42.0,5.6,3,1.3,0.7,11.1,0
CK-ML-12059,Kadhai Paneer,Cooked Curry / Gravy,Ambient Room Temp,Covered Degchi / Pot,28.9,78.1,6.5,3,1.4,0.0,0.0,0
CK-ML-12060,Pav Buns,Bakery / Packaged Breads,Refrigerated (4-7C),Aluminium Foil Wrap,4.4,38.0,5.2,1,0.5,24.0,40.8,1
CK-ML-12061,Paratha,Indian Breads (Roti/Naan),Ambient Room Temp,Airtight Food Box,28.7,49.7,5.4,1,0.8,11.33,67.8,1
CK-ML-12062,Fruit Buns,Bakery / Packaged Breads,Insulated Hot Pot (>55C),Covered Degchi / Pot,50.8,54.6,1.6,1,0.5,24.0,89.8,1
CK-ML-12063,Paneer Butter Masala,Cooked Curry / Gravy,Refrigerated (4-7C),Open Container,7.1,66.3,1.4,3,1.4,10.08,88.1,1
CK-ML-12064,Boiled Corn Salad,Raw Vegetables & Salad,Ambient Room Temp,Aluminium Foil Wrap,37.3,75.4,6.5,2,1.1,0.0,0.0,0
CK-ML-12065,Butter Naan,Indian Breads (Roti/Naan),Insulated Hot Pot (>55C),Covered Degchi / Pot,61.0,77.7,2.4,1,0.8,14.4,85.8,1
CK-ML-12066,Steamed Rice,Cooked Rice / Biryani,Ambient Room Temp,Airtight Food Box,30.6,64.9,6.7,2,1.2,2.4,26.3,0
CK-ML-12067,Tandoori Roti,Indian Breads (Roti/Naan),Refrigerated (4-7C),Covered Degchi / Pot,3.7,43.5,1.0,1,0.8,24.0,82.1,1
CK-ML-12068,Sweet Lassi,Dairy & Desserts,Ambient Room Temp,Aluminium Foil Wrap,32.3,49.1,11.9,3,1.6,0.0,0.0,0
CK-ML-12069,Spring Roll,Fried Items (Samosa/Puri),Ambient Room Temp,Aluminium Foil Wrap,34.3,64.2,11.6,1,0.7,0.0,0.0,0
CK-ML-12070,Puri,Indian Breads (Roti/Naan),Ambient Room Temp,Open Container,37.1,53.4,5.3,1,0.8,0.0,0.0,0
CK-ML-12071,Butter Naan,Indian Breads (Roti/Naan),Ambient Room Temp,Covered Degchi / Pot,25.1,46.2,1.1,1,0.8,12.79,92.3,1
CK-ML-12072,Kheer / Payasam,Dairy & Desserts,Ambient Room Temp,Open Container,32.2,37.1,8.0,3,1.6,0.0,0.0,0
CK-ML-12073,Boiled Corn Salad,Raw Vegetables & Salad,Ambient Room Temp,Covered Degchi / Pot,32.3,54.5,1.6,2,1.1,4.25,72.6,1
CK-ML-12074,Rasgulla,Dairy & Desserts,Insulated Hot Pot (>55C),Aluminium Foil Wrap,60.7,75.2,2.4,3,1.6,7.09,74.5,1
CK-ML-12075,Dal Makhani,Dal & Lentils,Insulated Hot Pot (>55C),Covered Degchi / Pot,64.2,47.9,2.1,3,1.3,8.32,79.7,1
CK-ML-12076,Pav Buns,Bakery / Packaged Breads,Ambient Room Temp,Aluminium Foil Wrap,33.7,52.6,6.4,1,0.5,7.42,53.5,1
CK-ML-12077,Chole Gravy,Cooked Curry / Gravy,Insulated Hot Pot (>55C),Open Container,59.6,41.5,2.3,3,1.4,4.86,67.7,1
CK-ML-12078,Kachori,Fried Items (Samosa/Puri),Ambient Room Temp,Covered Degchi / Pot,39.0,67.4,7.6,1,0.7,0.0,0.0,0
CK-ML-12079,Dal Tadka,Dal & Lentils,Ambient Room Temp,Covered Degchi / Pot,28.7,76.5,7.7,3,1.3,0.0,0.0,0
CK-ML-12080,Khichdi,Cooked Rice / Biryani,Ambient Room Temp,Aluminium Foil Wrap,33.1,58.8,1.9,2,1.2,3.8,66.1,1
CK-ML-12081,Pulao,Cooked Rice / Biryani,Refrigerated (4-7C),Aluminium Foil Wrap,6.1,54.1,8.2,2,1.2,16.96,67.5,1
CK-ML-12082,Dum Aloo,Cooked Curry / Gravy,Ambient Room Temp,Covered Degchi / Pot,25.3,66.5,9.7,3,1.4,0.0,0.0,0
CK-ML-12083,Butter Naan,Indian Breads (Roti/Naan),Ambient Room Temp,Airtight Food Box,26.5,50.4,8.5,1,0.8,12.5,59.6,1
CK-ML-12084,Veg Biryani,Cooked Rice / Biryani,Refrigerated (4-7C),Aluminium Foil Wrap,6.7,31.6,1.0,2,1.2,23.85,95.8,1
CK-ML-12085,Gulab Jamun in Chashni,Dairy & Desserts,Ambient Room Temp,Covered Degchi / Pot,26.3,61.9,10.4,3,1.6,0.0,0.0,0
CK-ML-12086,Phulka Chapati,Indian Breads (Roti/Naan),Insulated Hot Pot (>55C),Covered Degchi / Pot,53.0,34.6,1.4,1,0.8,15.97,92.1,1
CK-ML-12087,Rasgulla,Dairy & Desserts,Ambient Room Temp,Aluminium Foil Wrap,35.5,39.1,9.8,3,1.6,0.0,0.0,0
CK-ML-12088,Chana Dal,Dal & Lentils,Ambient Room Temp,Aluminium Foil Wrap,37.3,56.0,6.3,3,1.3,0.0,0.0,0
CK-ML-12089,Kadhai Paneer,Cooked Curry / Gravy,Refrigerated (4-7C),Covered Degchi / Pot,4.0,56.4,3.3,3,1.4,13.88,80.9,1
CK-ML-12090,Paneer Tikka,Dairy & Desserts,Ambient Room Temp,Aluminium Foil Wrap,38.5,78.9,2.0,3,1.6,1.84,47.9,0
CK-ML-12091,Dum Aloo,Cooked Curry / Gravy,Ambient Room Temp,Airtight Food Box,28.2,65.2,2.6,3,1.4,7.21,73.8,1
CK-ML-12092,Puri,Indian Breads (Roti/Naan),Insulated Hot Pot (>55C),Aluminium Foil Wrap,64.3,59.2,1.0,1,0.8,19.64,95.2,1
CK-ML-12093,Pav Buns,Bakery / Packaged Breads,Ambient Room Temp,Open Container,26.8,44.4,1.4,1,0.5,14.24,91.1,1
CK-ML-12094,Tandoori Roti,Indian Breads (Roti/Naan),Refrigerated (4-7C),Aluminium Foil Wrap,7.0,78.4,5.5,1,0.8,24.0,66.7,1
CK-ML-12095,Dinner Rolls,Bakery / Packaged Breads,Insulated Hot Pot (>55C),Covered Degchi / Pot,57.8,71.6,9.2,1,0.5,18.87,67.2,1
CK-ML-12096,Yellow Dal,Dal & Lentils,Refrigerated (4-7C),Covered Degchi / Pot,3.9,56.4,2.8,3,1.3,15.57,84.5,1
CK-ML-12097,Dum Aloo,Cooked Curry / Gravy,Ambient Room Temp,Open Container,22.5,35.3,6.8,3,1.4,0.0,0.0,0
CK-ML-12098,Paratha,Indian Breads (Roti/Naan),Ambient Room Temp,Open Container,23.6,40.1,4.1,1,0.8,5.72,58.5,1
CK-ML-12099,Spring Roll,Fried Items (Samosa/Puri),Refrigerated (4-7C),Airtight Food Box,6.4,61.7,8.3,1,0.7,24.0,46.0,1
CK-ML-12100,Jeera Rice,Cooked Rice / Biryani,Ambient Room Temp,Airtight Food Box,33.9,77.7,8.6,2,1.2,0.0,0.0,0
CK-ML-12101,White Bread Loaf,Bakery / Packaged Breads,Refrigerated (4-7C),Open Container,4.6,35.1,4.9,1,0.5,24.0,70.7,1
CK-ML-12102,Dal Tadka,Dal & Lentils,Ambient Room Temp,Covered Degchi / Pot,33.3,63.5,10.9,3,1.3,0.0,0.0,0
CK-ML-12103,Chole Gravy,Cooked Curry / Gravy,Insulated Hot Pot (>55C),Covered Degchi / Pot,62.2,37.8,5.0,3,1.4,4.93,49.8,1
CK-ML-12104,Dinner Rolls,Bakery / Packaged Breads,Ambient Room Temp,Aluminium Foil Wrap,31.2,51.4,11.7,1,0.5,5.49,32.0,0
CK-ML-12105,Phulka Chapati,Indian Breads (Roti/Naan),Ambient Room Temp,Airtight Food Box,35.5,72.6,7.7,1,0.8,2.33,23.3,0
CK-ML-12106,Phulka Chapati,Indian Breads (Roti/Naan),Insulated Hot Pot (>55C),Covered Degchi / Pot,62.9,44.3,2.3,1,0.8,14.08,85.9,1
CK-ML-12107,Dal Tadka,Dal & Lentils,Ambient Room Temp,Airtight Food Box,30.0,73.9,1.4,3,1.3,7.81,84.6,1
CK-ML-12108,Chole Gravy,Cooked Curry / Gravy,Ambient Room Temp,Open Container,22.8,33.6,10.7,3,1.4,0.0,0.0,0
CK-ML-12109,Pakoda,Fried Items (Samosa/Puri),Refrigerated (4-7C),Aluminium Foil Wrap,3.7,66.7,8.9,1,0.7,24.0,56.7,1
CK-ML-12110,Chole Gravy,Cooked Curry / Gravy,Ambient Room Temp,Open Container,27.8,38.2,3.8,3,1.4,1.17,23.7,0
CK-ML-12111,Veg Cutlet,Fried Items (Samosa/Puri),Ambient Room Temp,Covered Degchi / Pot,25.3,52.4,7.7,1,0.7,8.36,52.1,1
CK-ML-12112,Paneer Butter Masala,Cooked Curry / Gravy,Insulated Hot Pot (>55C),Open Container,64.1,33.9,4.5,3,1.4,2.31,33.8,0
CK-ML-12113,Dinner Rolls,Bakery / Packaged Breads,Refrigerated (4-7C),Airtight Food Box,5.4,43.6,10.3,1,0.5,24.0,32.5,0
CK-ML-12114,Kadhai Paneer,Cooked Curry / Gravy,Refrigerated (4-7C),Aluminium Foil Wrap,6.3,63.1,10.0,3,1.4,10.84,52.0,1
CK-ML-12115,Kachori,Fried Items (Samosa/Puri),Refrigerated (4-7C),Open Container,5.1,44.7,9.7,1,0.7,14.43,59.8,1
CK-ML-12116,Chole Gravy,Cooked Curry / Gravy,Ambient Room Temp,Aluminium Foil Wrap,27.9,45.9,10.4,3,1.4,0.0,0.0,0
CK-ML-12117,Dum Aloo,Cooked Curry / Gravy,Insulated Hot Pot (>55C),Airtight Food Box,54.4,30.4,3.9,3,1.4,11.18,74.1,1
CK-ML-12118,Dinner Rolls,Bakery / Packaged Breads,Ambient Room Temp,Airtight Food Box,22.6,34.4,10.2,1,0.5,23.44,69.6,1
CK-ML-12119,Phulka Chapati,Indian Breads (Roti/Naan),Refrigerated (4-7C),Aluminium Foil Wrap,3.6,70.6,8.3,1,0.8,24.0,65.4,1
CK-ML-12120,Boiled Corn Salad,Raw Vegetables & Salad,Ambient Room Temp,Aluminium Foil Wrap,36.0,45.0,9.9,2,1.1,0.0,0.0,0
CK-ML-12121,Dal Makhani,Dal & Lentils,Ambient Room Temp,Aluminium Foil Wrap,27.0,78.4,4.2,3,1.3,6.44,60.7,1
CK-ML-12122,Aloo Samosa,Fried Items (Samosa/Puri),Ambient Room Temp,Aluminium Foil Wrap,27.7,35.4,7.4,1,0.7,10.19,57.8,1
CK-ML-12123,Sweet Lassi,Dairy & Desserts,Ambient Room Temp,Aluminium Foil Wrap,30.8,52.2,4.4,3,1.6,1.12,20.3,0
CK-ML-12124,Rasgulla,Dairy & Desserts,Refrigerated (4-7C),Covered Degchi / Pot,7.0,62.1,4.9,3,1.6,10.48,68.3,1
CK-ML-12125,Kadhai Paneer,Cooked Curry / Gravy,Refrigerated (4-7C),Open Container,3.8,34.6,3.4,3,1.4,8.98,72.6,1
CK-ML-12126,Dum Aloo,Cooked Curry / Gravy,Ambient Room Temp,Open Container,23.4,53.5,11.2,3,1.4,0.0,0.0,0
CK-ML-12127,Spring Roll,Fried Items (Samosa/Puri),Refrigerated (4-7C),Open Container,7.0,31.6,9.8,1,0.7,14.81,60.1,1
CK-ML-12128,Pav Buns,Bakery / Packaged Breads,Ambient Room Temp,Covered Degchi / Pot,23.1,32.2,10.0,1,0.5,13.02,56.7,1
CK-ML-12129,Sweet Lassi,Dairy & Desserts,Ambient Room Temp,Open Container,28.4,67.0,11.0,3,1.6,0.0,0.0,0
CK-ML-12130,Kadhai Paneer,Cooked Curry / Gravy,Refrigerated (4-7C),Aluminium Foil Wrap,6.0,30.9,6.5,3,1.4,14.21,68.5,1
CK-ML-12131,Gulab Jamun in Chashni,Dairy & Desserts,Refrigerated (4-7C),Open Container,7.3,45.0,10.4,3,1.6,0.11,1.0,0
CK-ML-12132,Veg Biryani,Cooked Rice / Biryani,Ambient Room Temp,Aluminium Foil Wrap,22.7,36.8,3.8,2,1.2,7.62,66.8,1
CK-ML-12133,Khichdi,Cooked Rice / Biryani,Ambient Room Temp,Covered Degchi / Pot,22.6,34.5,4.6,2,1.2,4.65,50.5,1
CK-ML-12134,Pulao,Cooked Rice / Biryani,Ambient Room Temp,Aluminium Foil Wrap,23.4,44.5,6.8,2,1.2,4.53,40.1,1
CK-ML-12135,Steamed Rice,Cooked Rice / Biryani,Insulated Hot Pot (>55C),Open Container,52.5,69.4,8.6,2,1.2,0.0,0.0,0
CK-ML-12136,Puri,Indian Breads (Roti/Naan),Refrigerated (4-7C),Open Container,4.1,79.4,11.4,1,0.8,9.06,44.2,1
CK-ML-12137,Tandoori Roti,Indian Breads (Roti/Naan),Ambient Room Temp,Covered Degchi / Pot,36.1,75.3,1.8,1,0.8,4.5,71.5,1
CK-ML-12138,Chole Gravy,Cooked Curry / Gravy,Ambient Room Temp,Aluminium Foil Wrap,28.3,37.4,6.3,3,1.4,1.85,22.6,0
CK-ML-12139,Sambhar,Dal & Lentils,Refrigerated (4-7C),Aluminium Foil Wrap,4.5,71.6,7.6,3,1.3,14.61,65.9,1
CK-ML-12140,Paratha,Indian Breads (Roti/Naan),Insulated Hot Pot (>55C),Open Container,59.4,37.6,2.5,1,0.8,9.93,80.0,1
CK-ML-12141,Butter Naan,Indian Breads (Roti/Naan),Ambient Room Temp,Aluminium Foil Wrap,29.3,41.9,0.5,1,0.8,12.12,95.7,1
CK-ML-12142,Veg Biryani,Cooked Rice / Biryani,Ambient Room Temp,Covered Degchi / Pot,25.3,64.0,3.0,2,1.2,6.83,69.2,1
CK-ML-12143,Dum Aloo,Cooked Curry / Gravy,Ambient Room Temp,Open Container,38.9,30.0,2.8,3,1.4,0.0,0.0,0
CK-ML-12144,Steamed Rice,Cooked Rice / Biryani,Ambient Room Temp,Open Container,23.8,56.7,1.6,2,1.2,4.53,73.6,1
CK-ML-12145,Rasgulla,Dairy & Desserts,Ambient Room Temp,Open Container,31.3,61.5,11.5,3,1.6,0.0,0.0,0
CK-ML-12146,Boiled Corn Salad,Raw Vegetables & Salad,Refrigerated (4-7C),Aluminium Foil Wrap,3.6,61.1,1.4,2,1.1,24.0,91.9,1
CK-ML-12147,Pakoda,Fried Items (Samosa/Puri),Insulated Hot Pot (>55C),Open Container,56.7,41.9,3.5,1,0.7,9.91,73.8,1
CK-ML-12148,Sweet Lassi,Dairy & Desserts,Ambient Room Temp,Open Container,35.6,56.3,1.5,3,1.6,0.45,22.5,0
CK-ML-12149,Puri,Indian Breads (Roti/Naan),Refrigerated (4-7C),Aluminium Foil Wrap,6.5,63.2,3.0,1,0.8,24.0,64.3,1
CK-ML-12150,White Bread Loaf,Bakery / Packaged Breads,Ambient Room Temp,Covered Degchi / Pot,25.5,50.0,9.0,1,0.5,12.9,58.9,1
CK-ML-12151,Steamed Rice,Cooked Rice / Biryani,Insulated Hot Pot (>55C),Covered Degchi / Pot,53.5,52.5,1.6,2,1.2,9.76,85.9,1
CK-ML-12152,Spring Roll,Fried Items (Samosa/Puri),Insulated Hot Pot (>55C),Open Container,62.1,67.6,9.2,1,0.7,3.63,28.2,0
CK-ML-12153,Yellow Dal,Dal & Lentils,Refrigerated (4-7C),Aluminium Foil Wrap,6.6,61.9,1.2,3,1.3,21.52,94.5,1
CK-ML-12154,Gulab Jamun in Chashni,Dairy & Desserts,Ambient Room Temp,Covered Degchi / Pot,28.9,55.8,9.1,3,1.6,0.0,0.0,0
CK-ML-12155,Mixed Veg Curry,Cooked Curry / Gravy,Ambient Room Temp,Aluminium Foil Wrap,23.9,43.3,3.5,3,1.4,5.07,59.3,1
CK-ML-12156,Dal Tadka,Dal & Lentils,Ambient Room Temp,Aluminium Foil Wrap,29.9,40.0,6.9,3,1.3,0.08,1.1,0
CK-ML-12157,Veg Biryani,Cooked Rice / Biryani,Refrigerated (4-7C),Aluminium Foil Wrap,4.9,57.4,1.2,2,1.2,23.54,95.1,1
CK-ML-12158,Paratha,Indian Breads (Roti/Naan),Ambient Room Temp,Aluminium Foil Wrap,31.6,57.2,7.2,1,0.8,2.38,24.8,0
CK-ML-12159,Chole Gravy,Cooked Curry / Gravy,Ambient Room Temp,Open Container,32.6,35.8,9.4,3,1.4,0.0,0.0,0
CK-ML-12160,Veg Biryani,Cooked Rice / Biryani,Ambient Room Temp,Open Container,34.2,40.9,3.5,2,1.2,0.5,12.4,0
CK-ML-12161,Spring Roll,Fried Items (Samosa/Puri),Ambient Room Temp,Covered Degchi / Pot,22.2,66.6,8.5,1,0.7,7.04,45.4,1
CK-ML-12162,Dal Makhani,Dal & Lentils,Refrigerated (4-7C),Covered Degchi / Pot,5.9,35.7,9.5,3,1.3,9.15,49.1,1
CK-ML-12163,Spring Roll,Fried Items (Samosa/Puri),Ambient Room Temp,Covered Degchi / Pot,30.0,74.1,9.9,1,0.7,1.73,14.9,0
CK-ML-12164,Mixed Veg Curry,Cooked Curry / Gravy,Insulated Hot Pot (>55C),Open Container,52.9,69.7,11.6,3,1.4,0.0,0.0,0
CK-ML-12165,Aloo Samosa,Fried Items (Samosa/Puri),Refrigerated (4-7C),Open Container,4.1,48.4,10.0,1,0.7,13.48,57.5,1
CK-ML-12166,Kadhai Paneer,Cooked Curry / Gravy,Ambient Room Temp,Airtight Food Box,34.3,67.8,3.0,3,1.4,3.38,52.7,1
CK-ML-12167,Chana Dal,Dal & Lentils,Refrigerated (4-7C),Aluminium Foil Wrap,5.1,69.0,3.2,3,1.3,19.64,86.0,1
CK-ML-12168,Boiled Corn Salad,Raw Vegetables & Salad,Ambient Room Temp,Open Container,24.4,51.9,1.8,2,1.1,5.47,75.5,1
CK-ML-12169,Khichdi,Cooked Rice / Biryani,Refrigerated (4-7C),Aluminium Foil Wrap,3.3,68.2,9.4,2,1.2,14.61,60.8,1
CK-ML-12170,Yellow Dal,Dal & Lentils,Refrigerated (4-7C),Covered Degchi / Pot,5.4,48.9,5.0,3,1.3,13.75,73.5,1
CK-ML-12171,Paratha,Indian Breads (Roti/Naan),Ambient Room Temp,Airtight Food Box,28.7,56.8,7.7,1,0.8,9.1,54.1,1
CK-ML-12172,Paneer Butter Masala,Cooked Curry / Gravy,Ambient Room Temp,Aluminium Foil Wrap,34.9,57.3,3.7,3,1.4,0.86,18.8,0
CK-ML-12173,Fruit Chaat,Raw Vegetables & Salad,Ambient Room Temp,Open Container,28.9,60.3,5.5,2,1.1,0.05,0.9,0
CK-ML-12174,Veg Cutlet,Fried Items (Samosa/Puri),Ambient Room Temp,Covered Degchi / Pot,27.4,69.0,8.4,1,0.7,6.8,44.8,1
CK-ML-12175,Dal Makhani,Dal & Lentils,Ambient Room Temp,Open Container,31.0,50.9,9.7,3,1.3,0.0,0.0,0
CK-ML-12176,Kadhai Paneer,Cooked Curry / Gravy,Ambient Room Temp,Open Container,24.5,41.5,7.6,3,1.4,0.0,0.0,0
CK-ML-12177,Dum Aloo,Cooked Curry / Gravy,Ambient Room Temp,Aluminium Foil Wrap,38.3,46.3,11.8,3,1.4,0.0,0.0,0
CK-ML-12178,Steamed Rice,Cooked Rice / Biryani,Ambient Room Temp,Covered Degchi / Pot,25.4,45.6,7.3,2,1.2,1.87,20.4,0
CK-ML-12179,Pulao,Cooked Rice / Biryani,Refrigerated (4-7C),Airtight Food Box,3.7,73.4,4.0,2,1.2,24.0,77.6,1
CK-ML-12180,Paneer Tikka,Dairy & Desserts,Ambient Room Temp,Open Container,22.1,30.5,4.9,3,1.6,0.0,0.0,0
CK-ML-12181,Gulab Jamun in Chashni,Dairy & Desserts,Ambient Room Temp,Aluminium Foil Wrap,37.9,42.0,3.7,3,1.6,0.32,8.1,0
CK-ML-12182,Yellow Dal,Dal & Lentils,Ambient Room Temp,Covered Degchi / Pot,23.7,75.1,7.7,3,1.3,1.14,12.8,0
CK-ML-12183,Khichdi,Cooked Rice / Biryani,Insulated Hot Pot (>55C),Aluminium Foil Wrap,61.1,57.1,11.2,2,1.2,3.85,25.5,0
CK-ML-12184,Paratha,Indian Breads (Roti/Naan),Ambient Room Temp,Aluminium Foil Wrap,31.4,66.1,10.9,1,0.8,0.0,0.0,0
CK-ML-12185,Sprouts Salad,Raw Vegetables & Salad,Refrigerated (4-7C),Aluminium Foil Wrap,4.1,61.7,7.9,2,1.1,18.75,70.4,1
CK-ML-12186,Pakoda,Fried Items (Samosa/Puri),Ambient Room Temp,Airtight Food Box,30.8,69.0,7.0,1,0.7,7.63,52.3,1
CK-ML-12187,White Bread Loaf,Bakery / Packaged Breads,Refrigerated (4-7C),Covered Degchi / Pot,3.3,40.3,4.4,1,0.5,24.0,49.8,1
CK-ML-12188,Dal Tadka,Dal & Lentils,Insulated Hot Pot (>55C),Aluminium Foil Wrap,53.8,47.8,2.3,3,1.3,10.22,81.8,1
CK-ML-12189,Pakoda,Fried Items (Samosa/Puri),Refrigerated (4-7C),Covered Degchi / Pot,6.9,77.1,6.7,1,0.7,24.0,70.1,1
CK-ML-12190,Cucumber Tomato Salad,Raw Vegetables & Salad,Ambient Room Temp,Covered Degchi / Pot,29.8,69.4,0.8,2,1.1,6.47,88.8,1
CK-ML-12191,Paneer Butter Masala,Cooked Curry / Gravy,Ambient Room Temp,Aluminium Foil Wrap,28.3,35.3,8.9,3,1.4,0.0,0.0,0
CK-ML-12192,Butter Naan,Indian Breads (Roti/Naan),Insulated Hot Pot (>55C),Airtight Food Box,53.8,72.9,6.2,1,0.8,19.42,75.7,1
CK-ML-12193,Tandoori Roti,Indian Breads (Roti/Naan),Ambient Room Temp,Aluminium Foil Wrap,24.0,71.9,9.4,1,0.8,8.1,46.2,1
CK-ML-12194,Mixed Veg Curry,Cooked Curry / Gravy,Ambient Room Temp,Aluminium Foil Wrap,34.5,52.8,11.8,3,1.4,0.0,0.0,0
CK-ML-12195,Butter Naan,Indian Breads (Roti/Naan),Ambient Room Temp,Open Container,34.9,48.4,8.7,1,0.8,0.0,0.0,0
CK-ML-12196,Phulka Chapati,Indian Breads (Roti/Naan),Refrigerated (4-7C),Aluminium Foil Wrap,4.1,76.6,11.2,1,0.8,24.0,66.7,1
CK-ML-12197,Pulao,Cooked Rice / Biryani,Refrigerated (4-7C),Covered Degchi / Pot,5.5,61.7,10.6,2,1.2,9.27,46.8,1
CK-ML-12198,Chana Dal,Dal & Lentils,Ambient Room Temp,Covered Degchi / Pot,29.7,34.5,1.1,3,1.3,5.75,84.4,1
CK-ML-12199,Kheer / Payasam,Dairy & Desserts,Ambient Room Temp,Covered Degchi / Pot,27.9,35.2,11.5,3,1.6,0.0,0.0,0
CK-ML-12200,White Bread Loaf,Bakery / Packaged Breads,Refrigerated (4-7C),Covered Degchi / Pot,3.7,41.9,7.1,1,0.5,24.0,49.9,1
CK-ML-12201,Pav Buns,Bakery / Packaged Breads,Ambient Room Temp,Airtight Food Box,37.5,54.5,5.7,1,0.5,7.49,57.0,1
CK-ML-12202,Dal Makhani,Dal & Lentils,Refrigerated (4-7C),Open Container,6.1,57.1,9.8,3,1.3,3.24,24.8,0
CK-ML-12203,Paratha,Indian Breads (Roti/Naan),Ambient Room Temp,Covered Degchi / Pot,33.6,34.3,7.7,1,0.8,0.0,0.0,0
CK-ML-12204,Spring Roll,Fried Items (Samosa/Puri),Insulated Hot Pot (>55C),Covered Degchi / Pot,64.3,77.5,8.5,1,0.7,10.16,54.3,1
CK-ML-12205,Yellow Dal,Dal & Lentils,Ambient Room Temp,Open Container,22.3,73.9,9.8,3,1.3,0.0,0.0,0
CK-ML-12206,Yellow Dal,Dal & Lentils,Ambient Room Temp,Covered Degchi / Pot,28.8,77.1,4.4,3,1.3,2.51,36.2,0
CK-ML-12207,Kadhai Paneer,Cooked Curry / Gravy,Ambient Room Temp,Airtight Food Box,24.4,66.7,10.4,3,1.4,0.9,7.9,0
CK-ML-12208,Pulao,Cooked Rice / Biryani,Insulated Hot Pot (>55C),Aluminium Foil Wrap,53.9,34.8,2.1,2,1.2,12.05,85.3,1
CK-ML-12209,Rasgulla,Dairy & Desserts,Refrigerated (4-7C),Aluminium Foil Wrap,7.2,38.3,2.2,3,1.6,17.11,88.8,1
CK-ML-12210,Dal Makhani,Dal & Lentils,Ambient Room Temp,Open Container,33.2,51.6,8.3,3,1.3,0.0,0.0,0
CK-ML-12211,Yellow Dal,Dal & Lentils,Refrigerated (4-7C),Aluminium Foil Wrap,6.5,64.8,2.7,3,1.3,19.51,87.7,1
CK-ML-12212,Paratha,Indian Breads (Roti/Naan),Ambient Room Temp,Covered Degchi / Pot,29.1,35.9,4.3,1,0.8,6.74,61.1,1
CK-ML-12213,Spring Roll,Fried Items (Samosa/Puri),Ambient Room Temp,Open Container,32.9,70.7,4.5,1,0.7,1.06,19.0,0
CK-ML-12214,Khichdi,Cooked Rice / Biryani,Ambient Room Temp,Aluminium Foil Wrap,35.9,65.4,10.0,2,1.2,0.0,0.0,0
CK-ML-12215,Khichdi,Cooked Rice / Biryani,Refrigerated (4-7C),Airtight Food Box,6.8,30.7,4.6,2,1.2,24.0,79.4,1
CK-ML-12216,Phulka Chapati,Indian Breads (Roti/Naan),Ambient Room Temp,Airtight Food Box,36.0,66.3,10.3,1,0.8,0.0,0.0,0
CK-ML-12217,Paneer Butter Masala,Cooked Curry / Gravy,Insulated Hot Pot (>55C),Covered Degchi / Pot,57.0,49.6,8.8,3,1.4,1.75,16.5,0
CK-ML-12218,Veg Biryani,Cooked Rice / Biryani,Insulated Hot Pot (>55C),Airtight Food Box,54.0,41.3,11.5,2,1.2,5.42,32.0,0
CK-ML-12219,Dal Tadka,Dal & Lentils,Refrigerated (4-7C),Open Container,6.6,75.4,9.9,3,1.3,3.04,23.6,0
CK-ML-12220,Steamed Rice,Cooked Rice / Biryani,Refrigerated (4-7C),Covered Degchi / Pot,6.8,41.5,9.9,2,1.2,10.08,50.4,1
CK-ML-12221,Khichdi,Cooked Rice / Biryani,Ambient Room Temp,Covered Degchi / Pot,34.1,40.9,2.5,2,1.2,2.58,50.5,0
CK-ML-12222,Pulao,Cooked Rice / Biryani,Ambient Room Temp,Covered Degchi / Pot,37.6,51.5,2.8,2,1.2,0.31,9.9,0
CK-ML-12223,Tandoori Roti,Indian Breads (Roti/Naan),Refrigerated (4-7C),Aluminium Foil Wrap,6.9,30.5,11.6,1,0.8,24.0,65.4,1
CK-ML-12224,Jeera Rice,Cooked Rice / Biryani,Refrigerated (4-7C),Aluminium Foil Wrap,7.5,60.7,5.8,2,1.2,18.01,75.6,1
CK-ML-12225,Paneer Butter Masala,Cooked Curry / Gravy,Ambient Room Temp,Covered Degchi / Pot,38.0,38.3,3.9,3,1.4,0.0,0.0,0
CK-ML-12226,Kadhai Paneer,Cooked Curry / Gravy,Ambient Room Temp,Covered Degchi / Pot,28.9,32.2,11.5,3,1.4,0.0,0.0,0
CK-ML-12227,Pav Buns,Bakery / Packaged Breads,Ambient Room Temp,Open Container,25.3,52.8,0.7,1,0.5,15.03,95.3,1
CK-ML-12228,Aloo Samosa,Fried Items (Samosa/Puri),Ambient Room Temp,Open Container,27.7,75.8,9.4,1,0.7,0.54,5.4,0
CK-ML-12229,Jeera Rice,Cooked Rice / Biryani,Refrigerated (4-7C),Covered Degchi / Pot,7.2,61.3,2.2,2,1.2,17.35,88.7,1
CK-ML-12230,Boiled Corn Salad,Raw Vegetables & Salad,Ambient Room Temp,Airtight Food Box,32.5,65.8,10.6,2,1.1,0.0,0.0,0
CK-ML-12231,Kadhai Paneer,Cooked Curry / Gravy,Ambient Room Temp,Airtight Food Box,29.3,58.9,5.8,3,1.4,3.57,38.0,0
CK-ML-12232,Dum Aloo,Cooked Curry / Gravy,Ambient Room Temp,Aluminium Foil Wrap,30.8,75.9,1.8,3,1.4,4.58,71.5,1
CK-ML-12233,Chole Gravy,Cooked Curry / Gravy,Refrigerated (4-7C),Covered Degchi / Pot,4.7,69.1,2.4,3,1.4,14.53,85.7,1
CK-ML-12234,Rasgulla,Dairy & Desserts,Ambient Room Temp,Aluminium Foil Wrap,31.0,31.5,1.2,3,1.6,4.06,77.7,1
CK-ML-12235,Paratha,Indian Breads (Roti/Naan),Insulated Hot Pot (>55C),Airtight Food Box,59.7,48.6,7.6,1,0.8,17.64,69.9,1
CK-ML-12236,Jeera Rice,Cooked Rice / Biryani,Insulated Hot Pot (>55C),Aluminium Foil Wrap,52.0,78.3,7.4,2,1.2,7.13,49.0,1
CK-ML-12237,Paneer Tikka,Dairy & Desserts,Insulated Hot Pot (>55C),Covered Degchi / Pot,61.3,46.2,11.3,3,1.6,0.0,0.0,0
CK-ML-12238,Dal Makhani,Dal & Lentils,Insulated Hot Pot (>55C),Covered Degchi / Pot,51.7,45.3,0.9,3,1.3,9.18,90.9,1
CK-ML-12239,Paneer Butter Masala,Cooked Curry / Gravy,Ambient Room Temp,Aluminium Foil Wrap,25.4,57.0,2.6,3,1.4,7.7,74.8,1
CK-ML-12240,Sambhar,Dal & Lentils,Ambient Room Temp,Aluminium Foil Wrap,34.6,54.0,5.7,3,1.3,0.0,0.0,0
CK-ML-12241,Paneer Tikka,Dairy & Desserts,Ambient Room Temp,Open Container,32.2,48.4,8.6,3,1.6,0.0,0.0,0
CK-ML-12242,White Bread Loaf,Bakery / Packaged Breads,Refrigerated (4-7C),Aluminium Foil Wrap,6.7,62.3,5.1,1,0.5,24.0,40.5,1
CK-ML-12243,Dal Makhani,Dal & Lentils,Ambient Room Temp,Airtight Food Box,38.4,47.8,2.1,3,1.3,2.77,56.8,0
CK-ML-12244,Butter Naan,Indian Breads (Roti/Naan),Ambient Room Temp,Covered Degchi / Pot,26.3,45.5,11.9,1,0.8,0.95,7.4,0
CK-ML-12245,Pulao,Cooked Rice / Biryani,Ambient Room Temp,Open Container,26.6,65.8,11.5,2,1.2,0.0,0.0,0
CK-ML-12246,Dal Tadka,Dal & Lentils,Refrigerated (4-7C),Covered Degchi / Pot,5.8,63.3,3.5,3,1.3,14.9,80.8,1
CK-ML-12247,Sambhar,Dal & Lentils,Insulated Hot Pot (>55C),Aluminium Foil Wrap,57.0,65.1,9.0,3,1.3,4.18,31.8,0
CK-ML-12248,Boiled Corn Salad,Raw Vegetables & Salad,Insulated Hot Pot (>55C),Airtight Food Box,63.7,34.2,4.3,2,1.1,15.38,78.0,1
CK-ML-12249,Fruit Buns,Bakery / Packaged Breads,Ambient Room Temp,Airtight Food Box,35.8,71.2,8.7,1,0.5,6.51,42.9,1
CK-ML-12250,Cucumber Tomato Salad,Raw Vegetables & Salad,Refrigerated (4-7C),Covered Degchi / Pot,3.6,42.2,2.7,2,1.1,18.58,87.2,1
CK-ML-12251,Khichdi,Cooked Rice / Biryani,Ambient Room Temp,Aluminium Foil Wrap,33.3,62.5,10.9,2,1.2,0.0,0.0,0
CK-ML-12252,Paneer Butter Masala,Cooked Curry / Gravy,Ambient Room Temp,Covered Degchi / Pot,30.5,76.7,2.2,3,1.4,3.62,62.0,1
CK-ML-12253,Sambhar,Dal & Lentils,Refrigerated (4-7C),Covered Degchi / Pot,4.8,70.2,11.8,3,1.3,6.96,37.1,0
CK-ML-12254,White Bread Loaf,Bakery / Packaged Breads,Ambient Room Temp,Covered Degchi / Pot,38.2,43.8,0.7,1,0.5,7.69,91.8,1
CK-ML-12255,Chole Gravy,Cooked Curry / Gravy,Ambient Room Temp,Aluminium Foil Wrap,37.3,70.5,4.2,3,1.4,0.41,8.9,0
CK-ML-12256,Paneer Butter Masala,Cooked Curry / Gravy,Ambient Room Temp,Covered Degchi / Pot,22.8,56.0,3.4,3,1.4,4.56,57.7,1
CK-ML-12257,Chole Gravy,Cooked Curry / Gravy,Refrigerated (4-7C),Aluminium Foil Wrap,6.9,78.6,9.3,3,1.4,11.08,54.4,1
CK-ML-12258,Paneer Butter Masala,Cooked Curry / Gravy,Refrigerated (4-7C),Open Container,6.6,59.3,9.6,3,1.4,2.95,23.6,0
CK-ML-12259,Aloo Samosa,Fried Items (Samosa/Puri),Ambient Room Temp,Covered Degchi / Pot,22.7,33.2,11.3,1,0.7,4.14,26.7,0
CK-ML-12260,Sweet Lassi,Dairy & Desserts,Ambient Room Temp,Open Container,34.3,46.3,7.7,3,1.6,0.0,0.0,0
CK-ML-12261,Puri,Indian Breads (Roti/Naan),Ambient Room Temp,Airtight Food Box,25.3,76.3,1.7,1,0.8,19.15,91.8,1
CK-ML-12262,Spring Roll,Fried Items (Samosa/Puri),Refrigerated (4-7C),Aluminium Foil Wrap,6.1,52.0,11.8,1,0.7,24.0,56.2,1
CK-ML-12263,Paratha,Indian Breads (Roti/Naan),Ambient Room Temp,Covered Degchi / Pot,23.1,51.6,8.4,1,0.8,4.64,35.5,0
CK-ML-12264,Gulab Jamun in Chashni,Dairy & Desserts,Refrigerated (4-7C),Covered Degchi / Pot,4.5,73.9,1.7,3,1.6,13.85,88.9,1
CK-ML-12265,Paneer Butter Masala,Cooked Curry / Gravy,Ambient Room Temp,Airtight Food Box,30.7,38.9,7.0,3,1.4,0.45,6.0,0
CK-ML-12266,Dal Tadka,Dal & Lentils,Ambient Room Temp,Open Container,31.8,58.0,9.3,3,1.3,0.0,0.0,0
CK-ML-12267,Kachori,Fried Items (Samosa/Puri),Ambient Room Temp,Airtight Food Box,23.9,53.0,8.1,1,0.7,15.62,65.9,1
CK-ML-12268,Sweet Lassi,Dairy & Desserts,Ambient Room Temp,Aluminium Foil Wrap,35.4,44.1,2.6,3,1.6,1.06,28.8,0
CK-ML-12269,Paneer Butter Masala,Cooked Curry / Gravy,Ambient Room Temp,Open Container,25.9,31.2,4.5,3,1.4,1.2,21.2,0
CK-ML-12270,Yellow Dal,Dal & Lentils,Ambient Room Temp,Airtight Food Box,30.3,66.7,9.4,3,1.3,0.0,0.0,0
CK-ML-12271,Sweet Lassi,Dairy & Desserts,Refrigerated (4-7C),Open Container,7.4,31.3,8.4,3,1.6,1.99,19.1,0
CK-ML-12272,Dum Aloo,Cooked Curry / Gravy,Ambient Room Temp,Open Container,32.1,47.9,0.7,3,1.4,2.45,76.9,0
CK-ML-12273,Paneer Butter Masala,Cooked Curry / Gravy,Refrigerated (4-7C),Aluminium Foil Wrap,4.5,33.2,2.8,3,1.4,18.42,86.8,1
CK-ML-12274,Pakoda,Fried Items (Samosa/Puri),Refrigerated (4-7C),Covered Degchi / Pot,3.4,37.2,4.0,1,0.7,24.0,70.6,1
CK-ML-12275,Spring Roll,Fried Items (Samosa/Puri),Insulated Hot Pot (>55C),Covered Degchi / Pot,56.4,38.8,5.9,1,0.7,13.64,69.7,1
CK-ML-12276,Mixed Veg Curry,Cooked Curry / Gravy,Refrigerated (4-7C),Open Container,3.7,50.7,7.7,3,1.4,3.66,32.1,0
CK-ML-12277,Kheer / Payasam,Dairy & Desserts,Ambient Room Temp,Open Container,33.8,42.2,9.0,3,1.6,0.0,0.0,0
CK-ML-12278,Jeera Rice,Cooked Rice / Biryani,Ambient Room Temp,Covered Degchi / Pot,38.6,71.4,2.0,2,1.2,1.47,42.2,0
CK-ML-12279,White Bread Loaf,Bakery / Packaged Breads,Ambient Room Temp,Open Container,30.7,75.2,1.4,1,0.5,9.12,86.3,1
CK-ML-12280,Paneer Tikka,Dairy & Desserts,Insulated Hot Pot (>55C),Open Container,56.3,62.7,6.3,3,1.6,0.54,7.9,0
CK-ML-12281,Kachori,Fried Items (Samosa/Puri),Ambient Room Temp,Covered Degchi / Pot,36.6,53.4,3.0,1,0.7,3.36,53.2,1
CK-ML-12282,Steamed Rice,Cooked Rice / Biryani,Ambient Room Temp,Covered Degchi / Pot,25.4,66.9,10.7,2,1.2,0.0,0.0,0
CK-ML-12283,Veg Biryani,Cooked Rice / Biryani,Refrigerated (4-7C),Open Container,6.5,55.0,4.7,2,1.2,8.52,64.5,1
CK-ML-12284,Fruit Buns,Bakery / Packaged Breads,Ambient Room Temp,Airtight Food Box,23.9,67.5,8.6,1,0.5,24.0,72.0,1
CK-ML-12285,Gulab Jamun in Chashni,Dairy & Desserts,Ambient Room Temp,Aluminium Foil Wrap,36.5,67.6,9.5,3,1.6,0.0,0.0,0
CK-ML-12286,Spring Roll,Fried Items (Samosa/Puri),Refrigerated (4-7C),Covered Degchi / Pot,5.9,77.4,1.7,1,0.7,24.0,70.9,1
CK-ML-12287,Jeera Rice,Cooked Rice / Biryani,Refrigerated (4-7C),Open Container,4.6,35.3,4.2,2,1.2,9.33,68.9,1
CK-ML-12288,Gulab Jamun in Chashni,Dairy & Desserts,Refrigerated (4-7C),Aluminium Foil Wrap,7.3,40.4,11.9,3,1.6,6.0,33.6,0
CK-ML-12289,Rasgulla,Dairy & Desserts,Ambient Room Temp,Aluminium Foil Wrap,22.2,55.8,1.6,3,1.6,7.2,81.4,1
CK-ML-12290,Dum Aloo,Cooked Curry / Gravy,Refrigerated (4-7C),Open Container,6.3,38.3,11.5,3,1.4,1.26,9.9,0
CK-ML-12291,Khichdi,Cooked Rice / Biryani,Ambient Room Temp,Open Container,27.3,64.4,7.0,2,1.2,0.0,0.0,0
CK-ML-12292,Paneer Butter Masala,Cooked Curry / Gravy,Ambient Room Temp,Covered Degchi / Pot,22.9,74.2,10.2,3,1.4,0.0,0.0,0
CK-ML-12293,Khichdi,Cooked Rice / Biryani,Ambient Room Temp,Covered Degchi / Pot,35.7,52.2,9.3,2,1.2,0.0,0.0,0
CK-ML-12294,Veg Cutlet,Fried Items (Samosa/Puri),Ambient Room Temp,Open Container,33.7,41.0,5.0,1,0.7,0.45,8.2,0
CK-ML-12295,Phulka Chapati,Indian Breads (Roti/Naan),Refrigerated (4-7C),Open Container,4.5,69.7,2.4,1,0.8,18.87,88.8,1
CK-ML-12296,Paneer Butter Masala,Cooked Curry / Gravy,Ambient Room Temp,Aluminium Foil Wrap,35.2,51.3,2.3,3,1.4,3.46,60.4,1
CK-ML-12297,Fruit Buns,Bakery / Packaged Breads,Ambient Room Temp,Airtight Food Box,37.3,55.3,4.1,1,0.5,9.56,69.8,1
CK-ML-12298,Sweet Lassi,Dairy & Desserts,Ambient Room Temp,Open Container,33.2,53.4,6.2,3,1.6,0.0,0.0,0
CK-ML-12299,Dum Aloo,Cooked Curry / Gravy,Insulated Hot Pot (>55C),Covered Degchi / Pot,54.0,45.8,11.1,3,1.4,0.0,0.0,0
CK-ML-12300,White Bread Loaf,Bakery / Packaged Breads,Ambient Room Temp,Covered Degchi / Pot,37.4,58.8,7.0,1,0.5,1.66,19.1,0
CK-ML-12301,Khichdi,Cooked Rice / Biryani,Ambient Room Temp,Covered Degchi / Pot,38.8,74.1,9.1,2,1.2,0.0,0.0,0
CK-ML-12302,Kadhai Paneer,Cooked Curry / Gravy,Ambient Room Temp,Open Container,33.6,79.9,8.2,3,1.4,0.0,0.0,0
CK-ML-12303,Veg Biryani,Cooked Rice / Biryani,Insulated Hot Pot (>55C),Airtight Food Box,51.7,36.5,2.0,2,1.2,14.92,88.2,1
CK-ML-12304,Kachori,Fried Items (Samosa/Puri),Refrigerated (4-7C),Aluminium Foil Wrap,5.5,57.0,1.5,1,0.7,24.0,56.4,1
CK-ML-12305,Chana Dal,Dal & Lentils,Refrigerated (4-7C),Covered Degchi / Pot,5.2,70.3,5.4,3,1.3,12.78,70.3,1
CK-ML-12306,Aloo Samosa,Fried Items (Samosa/Puri),Ambient Room Temp,Covered Degchi / Pot,38.2,45.7,10.9,1,0.7,0.0,0.0,0
CK-ML-12307,Veg Biryani,Cooked Rice / Biryani,Ambient Room Temp,Covered Degchi / Pot,22.7,79.0,2.2,2,1.2,7.31,77.1,1
CK-ML-12308,Dum Aloo,Cooked Curry / Gravy,Insulated Hot Pot (>55C),Aluminium Foil Wrap,54.2,45.8,10.9,3,1.4,1.06,8.9,0
CK-ML-12309,Khichdi,Cooked Rice / Biryani,Ambient Room Temp,Aluminium Foil Wrap,38.0,63.3,1.0,2,1.2,3.28,75.8,1
CK-ML-12310,Veg Biryani,Cooked Rice / Biryani,Ambient Room Temp,Covered Degchi / Pot,28.2,79.7,1.8,2,1.2,6.0,77.1,1
CK-ML-12311,Butter Naan,Indian Breads (Roti/Naan),Refrigerated (4-7C),Airtight Food Box,5.9,35.8,4.8,1,0.8,24.0,52.4,1
CK-ML-12312,Butter Naan,Indian Breads (Roti/Naan),Ambient Room Temp,Open Container,24.3,66.2,2.3,1,0.8,7.73,76.8,1
CK-ML-12313,Aloo Samosa,Fried Items (Samosa/Puri),Refrigerated (4-7C),Covered Degchi / Pot,6.2,62.8,10.3,1,0.7,24.0,69.8,1
CK-ML-12314,Chole Gravy,Cooked Curry / Gravy,Refrigerated (4-7C),Open Container,6.0,67.4,2.7,3,1.4,8.78,76.7,1
CK-ML-12315,Dum Aloo,Cooked Curry / Gravy,Refrigerated (4-7C),Covered Degchi / Pot,5.5,46.3,1.5,3,1.4,15.74,91.2,1
CK-ML-12316,Steamed Rice,Cooked Rice / Biryani,Ambient Room Temp,Covered Degchi / Pot,34.0,49.4,6.2,2,1.2,0.0,0.0,0
CK-ML-12317,Dal Makhani,Dal & Lentils,Insulated Hot Pot (>55C),Covered Degchi / Pot,53.1,60.2,5.1,3,1.3,5.53,51.8,1
CK-ML-12318,Sambhar,Dal & Lentils,Ambient Room Temp,Airtight Food Box,27.2,64.7,1.0,3,1.3,12.15,92.3,1
CK-ML-12319,Dal Makhani,Dal & Lentils,Refrigerated (4-7C),Airtight Food Box,3.5,40.6,11.7,3,1.3,16.45,58.4,1
CK-ML-12320,Veg Biryani,Cooked Rice / Biryani,Refrigerated (4-7C),Covered Degchi / Pot,6.4,55.9,8.1,2,1.2,11.86,59.5,1
CK-ML-12321,Dal Tadka,Dal & Lentils,Ambient Room Temp,Aluminium Foil Wrap,28.5,71.6,6.1,3,1.3,2.54,29.3,0
CK-ML-12322,Paneer Butter Masala,Cooked Curry / Gravy,Ambient Room Temp,Aluminium Foil Wrap,34.1,66.6,2.5,3,1.4,1.65,39.4,0
CK-ML-12323,Sambhar,Dal & Lentils,Refrigerated (4-7C),Aluminium Foil Wrap,5.7,78.1,2.7,3,1.3,19.86,88.0,1
CK-ML-12324,Sambhar,Dal & Lentils,Ambient Room Temp,Aluminium Foil Wrap,31.7,38.2,9.4,3,1.3,0.0,0.0,0
CK-ML-12325,Cucumber Tomato Salad,Raw Vegetables & Salad,Ambient Room Temp,Airtight Food Box,36.5,40.8,6.3,2,1.1,0.61,8.8,0
CK-ML-12326,Chole Gravy,Cooked Curry / Gravy,Ambient Room Temp,Aluminium Foil Wrap,23.9,35.4,8.8,3,1.4,1.17,11.7,0
CK-ML-12327,Paneer Butter Masala,Cooked Curry / Gravy,Insulated Hot Pot (>55C),Aluminium Foil Wrap,50.4,30.0,3.4,3,1.4,8.72,71.7,1
CK-ML-12328,Khichdi,Cooked Rice / Biryani,Ambient Room Temp,Covered Degchi / Pot,34.6,48.0,10.2,2,1.2,0.0,0.0,0
CK-ML-12329,Steamed Rice,Cooked Rice / Biryani,Ambient Room Temp,Covered Degchi / Pot,35.1,43.3,10.8,2,1.2,0.0,0.0,0
CK-ML-12330,Fruit Buns,Bakery / Packaged Breads,Ambient Room Temp,Covered Degchi / Pot,26.3,76.1,11.1,1,0.5,10.9,49.4,1
CK-ML-12331,Sweet Lassi,Dairy & Desserts,Ambient Room Temp,Aluminium Foil Wrap,26.9,31.5,1.6,3,1.6,6.96,81.5,1
CK-ML-12332,Paneer Tikka,Dairy & Desserts,Ambient Room Temp,Aluminium Foil Wrap,34.3,46.7,11.5,3,1.6,0.0,0.0,0
CK-ML-12333,Kadhai Paneer,Cooked Curry / Gravy,Ambient Room Temp,Covered Degchi / Pot,27.6,63.1,11.9,3,1.4,0.0,0.0,0
CK-ML-12334,Paneer Butter Masala,Cooked Curry / Gravy,Refrigerated (4-7C),Airtight Food Box,3.5,72.9,6.5,3,1.4,19.22,74.7,1
CK-ML-12335,Spring Roll,Fried Items (Samosa/Puri),Refrigerated (4-7C),Covered Degchi / Pot,3.1,42.1,5.5,1,0.7,24.0,70.0,1
CK-ML-12336,Gulab Jamun in Chashni,Dairy & Desserts,Ambient Room Temp,Aluminium Foil Wrap,25.4,46.9,9.6,3,1.6,0.0,0.0,0
CK-ML-12337,Paneer Tikka,Dairy & Desserts,Ambient Room Temp,Airtight Food Box,36.1,52.6,10.5,3,1.6,0.0,0.0,0
CK-ML-12338,Chole Gravy,Cooked Curry / Gravy,Refrigerated (4-7C),Airtight Food Box,3.6,76.7,11.9,3,1.4,13.75,53.7,1
CK-ML-12339,Dal Tadka,Dal & Lentils,Ambient Room Temp,Airtight Food Box,31.2,34.4,5.9,3,1.3,1.95,24.8,0
CK-ML-12340,Pulao,Cooked Rice / Biryani,Ambient Room Temp,Aluminium Foil Wrap,29.2,42.7,9.9,2,1.2,0.0,0.0,0
CK-ML-12341,Fruit Buns,Bakery / Packaged Breads,Ambient Room Temp,Covered Degchi / Pot,22.6,54.4,7.1,1,0.5,14.29,66.8,1
CK-ML-12342,Kadhai Paneer,Cooked Curry / Gravy,Ambient Room Temp,Open Container,38.2,43.9,5.6,3,1.4,0.0,0.0,0
CK-ML-12343,Sprouts Salad,Raw Vegetables & Salad,Ambient Room Temp,Aluminium Foil Wrap,28.3,43.2,1.3,2,1.1,8.41,86.9,1
CK-ML-12344,Spring Roll,Fried Items (Samosa/Puri),Ambient Room Temp,Airtight Food Box,37.4,32.0,5.1,1,0.7,4.72,48.2,1
CK-ML-12345,Dinner Rolls,Bakery / Packaged Breads,Refrigerated (4-7C),Open Container,3.3,39.4,4.6,1,0.5,24.0,70.7,1
CK-ML-12346,Chole Gravy,Cooked Curry / Gravy,Ambient Room Temp,Aluminium Foil Wrap,32.1,69.7,0.9,3,1.4,4.8,84.5,1
CK-ML-12347,Kachori,Fried Items (Samosa/Puri),Ambient Room Temp,Covered Degchi / Pot,26.7,59.0,1.2,1,0.7,14.79,92.6,1
CK-ML-12348,Dum Aloo,Cooked Curry / Gravy,Ambient Room Temp,Aluminium Foil Wrap,29.4,31.2,4.5,3,1.4,2.49,35.7,0
CK-ML-12349,Kachori,Fried Items (Samosa/Puri),Ambient Room Temp,Covered Degchi / Pot,24.7,60.6,8.2,1,0.7,7.18,46.8,1
CK-ML-12350,Puri,Indian Breads (Roti/Naan),Refrigerated (4-7C),Covered Degchi / Pot,6.2,47.5,8.9,1,0.8,21.08,70.2,1
CK-ML-12351,Pav Buns,Bakery / Packaged Breads,Ambient Room Temp,Covered Degchi / Pot,36.8,55.7,7.3,1,0.5,2.52,25.7,0
CK-ML-12352,Yellow Dal,Dal & Lentils,Ambient Room Temp,Open Container,28.1,54.6,11.1,3,1.3,0.0,0.0,0
CK-ML-12353,Dal Makhani,Dal & Lentils,Insulated Hot Pot (>55C),Open Container,53.2,70.8,3.3,3,1.3,4.81,59.1,1
CK-ML-12354,Chole Gravy,Cooked Curry / Gravy,Refrigerated (4-7C),Aluminium Foil Wrap,5.2,47.7,9.8,3,1.4,10.81,52.3,1
CK-ML-12355,Sambhar,Dal & Lentils,Insulated Hot Pot (>55C),Covered Degchi / Pot,58.6,67.1,7.1,3,1.3,3.52,33.1,0
CK-ML-12356,Veg Cutlet,Fried Items (Samosa/Puri),Refrigerated (4-7C),Open Container,4.9,76.1,6.2,1,0.7,17.24,73.4,1
CK-ML-12357,Pakoda,Fried Items (Samosa/Puri),Insulated Hot Pot (>55C),Aluminium Foil Wrap,61.4,72.3,11.0,1,0.7,13.37,55.0,1
CK-ML-12358,Dum Aloo,Cooked Curry / Gravy,Ambient Room Temp,Aluminium Foil Wrap,26.1,53.1,2.7,3,1.4,7.09,72.7,1
CK-ML-12359,Paratha,Indian Breads (Roti/Naan),Insulated Hot Pot (>55C),Covered Degchi / Pot,56.4,70.7,5.0,1,0.8,12.18,71.0,1
CK-ML-12360,Kadhai Paneer,Cooked Curry / Gravy,Ambient Room Temp,Open Container,24.9,31.1,2.9,3,1.4,3.03,50.8,1
CK-ML-12361,Yellow Dal,Dal & Lentils,Refrigerated (4-7C),Airtight Food Box,3.4,63.0,3.6,3,1.3,24.0,86.7,1
CK-ML-12362,Boiled Corn Salad,Raw Vegetables & Salad,Ambient Room Temp,Covered Degchi / Pot,36.7,71.1,1.9,2,1.1,1.95,50.4,0
CK-ML-12363,Khichdi,Cooked Rice / Biryani,Refrigerated (4-7C),Covered Degchi / Pot,4.0,78.3,1.9,2,1.2,17.56,90.1,1
CK-ML-12364,Kadhai Paneer,Cooked Curry / Gravy,Refrigerated (4-7C),Covered Degchi / Pot,3.3,41.4,3.5,3,1.4,13.5,79.5,1
CK-ML-12365,Sambhar,Dal & Lentils,Ambient Room Temp,Covered Degchi / Pot,35.2,34.2,10.4,3,1.3,0.0,0.0,0
CK-ML-12366,Chole Gravy,Cooked Curry / Gravy,Refrigerated (4-7C),Aluminium Foil Wrap,4.7,33.9,0.6,3,1.4,19.88,96.9,1
CK-ML-12367,Veg Biryani,Cooked Rice / Biryani,Ambient Room Temp,Aluminium Foil Wrap,26.2,38.2,9.0,2,1.2,2.4,21.1,0
CK-ML-12368,Dal Makhani,Dal & Lentils,Insulated Hot Pot (>55C),Open Container,58.3,76.3,4.3,3,1.3,2.91,40.2,0
CK-ML-12369,Khichdi,Cooked Rice / Biryani,Ambient Room Temp,Aluminium Foil Wrap,37.7,31.3,8.6,2,1.2,0.0,0.0,0
CK-ML-12370,Chana Dal,Dal & Lentils,Insulated Hot Pot (>55C),Airtight Food Box,64.6,77.6,0.6,3,1.3,15.2,96.3,1
CK-ML-12371,Spring Roll,Fried Items (Samosa/Puri),Insulated Hot Pot (>55C),Airtight Food Box,57.3,79.8,8.2,1,0.7,21.56,72.3,1
CK-ML-12372,Sweet Lassi,Dairy & Desserts,Ambient Room Temp,Covered Degchi / Pot,25.2,33.3,2.7,3,1.6,4.52,62.9,1
CK-ML-12373,Sambhar,Dal & Lentils,Refrigerated (4-7C),Covered Degchi / Pot,6.1,34.6,11.0,3,1.3,6.37,36.8,0
CK-ML-12374,White Bread Loaf,Bakery / Packaged Breads,Insulated Hot Pot (>55C),Open Container,57.6,68.3,3.0,1,0.5,16.1,84.4,1
CK-ML-12375,Rasgulla,Dairy & Desserts,Ambient Room Temp,Airtight Food Box,34.0,72.3,3.2,3,1.6,2.04,38.8,0
CK-ML-12376,Steamed Rice,Cooked Rice / Biryani,Refrigerated (4-7C),Covered Degchi / Pot,5.7,35.4,8.0,2,1.2,11.83,59.5,1
CK-ML-12377,Pav Buns,Bakery / Packaged Breads,Insulated Hot Pot (>55C),Covered Degchi / Pot,57.5,47.4,11.7,1,0.5,14.94,56.1,1
CK-ML-12378,Dum Aloo,Cooked Curry / Gravy,Ambient Room Temp,Covered Degchi / Pot,31.2,49.0,4.6,3,1.4,0.14,2.9,0
CK-ML-12379,Chana Dal,Dal & Lentils,Ambient Room Temp,Aluminium Foil Wrap,22.8,33.9,9.6,3,1.3,1.14,10.6,0
CK-ML-12380,Sweet Lassi,Dairy & Desserts,Ambient Room Temp,Airtight Food Box,28.6,53.2,3.9,3,1.6,5.07,56.4,1
CK-ML-12381,Spring Roll,Fried Items (Samosa/Puri),Insulated Hot Pot (>55C),Covered Degchi / Pot,57.8,56.1,7.4,1,0.7,11.73,61.3,1
CK-ML-12382,Tandoori Roti,Indian Breads (Roti/Naan),Refrigerated (4-7C),Aluminium Foil Wrap,5.5,36.3,2.7,1,0.8,24.0,66.4,1
CK-ML-12383,Steamed Rice,Cooked Rice / Biryani,Insulated Hot Pot (>55C),Open Container,57.8,65.8,1.8,2,1.2,5.87,76.9,1
CK-ML-12384,Chole Gravy,Cooked Curry / Gravy,Refrigerated (4-7C),Open Container,3.3,59.8,3.0,3,1.4,8.55,73.8,1
CK-ML-12385,Pulao,Cooked Rice / Biryani,Refrigerated (4-7C),Open Container,5.9,77.5,1.1,2,1.2,13.2,92.5,1
CK-ML-12386,Steamed Rice,Cooked Rice / Biryani,Ambient Room Temp,Aluminium Foil Wrap,33.7,52.2,4.4,2,1.2,1.84,29.7,0
CK-ML-12387,Sambhar,Dal & Lentils,Insulated Hot Pot (>55C),Covered Degchi / Pot,65.0,76.0,9.4,3,1.3,1.14,10.8,0
CK-ML-12388,Chole Gravy,Cooked Curry / Gravy,Insulated Hot Pot (>55C),Aluminium Foil Wrap,58.1,43.6,8.4,3,1.4,4.16,33.2,0
CK-ML-12389,Dinner Rolls,Bakery / Packaged Breads,Insulated Hot Pot (>55C),Open Container,56.9,58.3,9.1,1,0.5,10.31,53.0,1
CK-ML-12390,Dum Aloo,Cooked Curry / Gravy,Ambient Room Temp,Airtight Food Box,38.2,31.8,9.1,3,1.4,0.0,0.0,0
CK-ML-12391,Phulka Chapati,Indian Breads (Roti/Naan),Ambient Room Temp,Covered Degchi / Pot,36.8,47.9,7.7,1,0.8,0.0,0.0,0
CK-ML-12392,Pav Buns,Bakery / Packaged Breads,Refrigerated (4-7C),Aluminium Foil Wrap,4.0,50.7,2.8,1,0.5,24.0,41.0,1
CK-ML-12393,Fruit Buns,Bakery / Packaged Breads,Ambient Room Temp,Aluminium Foil Wrap,25.2,46.6,7.0,1,0.5,20.26,74.4,1
CK-ML-12394,Yellow Dal,Dal & Lentils,Refrigerated (4-7C),Aluminium Foil Wrap,6.6,41.0,8.0,3,1.3,15.37,65.9,1
CK-ML-12395,Paneer Butter Masala,Cooked Curry / Gravy,Refrigerated (4-7C),Airtight Food Box,5.3,66.3,4.3,3,1.4,22.32,84.0,1
CK-ML-12396,Dum Aloo,Cooked Curry / Gravy,Ambient Room Temp,Covered Degchi / Pot,28.1,72.9,0.9,3,1.4,6.24,87.0,1
CK-ML-12397,Paneer Butter Masala,Cooked Curry / Gravy,Insulated Hot Pot (>55C),Covered Degchi / Pot,52.6,37.3,11.0,3,1.4,0.0,0.0,0
CK-ML-12398,Pakoda,Fried Items (Samosa/Puri),Ambient Room Temp,Airtight Food Box,25.9,71.7,5.3,1,0.7,19.32,78.4,1
CK-ML-12399,Chana Dal,Dal & Lentils,Ambient Room Temp,Covered Degchi / Pot,26.9,74.1,2.4,3,1.3,6.25,72.6,1
CK-ML-12400,Khichdi,Cooked Rice / Biryani,Insulated Hot Pot (>55C),Aluminium Foil Wrap,61.9,41.7,11.8,2,1.2,1.72,12.7,0
CK-ML-12401,Pulao,Cooked Rice / Biryani,Ambient Room Temp,Airtight Food Box,30.5,59.0,4.3,2,1.2,5.33,55.4,1
CK-ML-12402,Veg Cutlet,Fried Items (Samosa/Puri),Refrigerated (4-7C),Covered Degchi / Pot,5.5,45.6,2.3,1,0.7,24.0,70.1,1
CK-ML-12403,Sprouts Salad,Raw Vegetables & Salad,Ambient Room Temp,Open Container,34.4,78.9,9.5,2,1.1,0.0,0.0,0
CK-ML-12404,Rasgulla,Dairy & Desserts,Insulated Hot Pot (>55C),Airtight Food Box,57.1,78.2,5.0,3,1.6,7.98,61.3,1
CK-ML-12405,Mixed Veg Curry,Cooked Curry / Gravy,Ambient Room Temp,Aluminium Foil Wrap,36.7,47.9,6.2,3,1.4,0.0,0.0,0
CK-ML-12406,Paratha,Indian Breads (Roti/Naan),Refrigerated (4-7C),Airtight Food Box,7.4,55.5,7.8,1,0.8,24.0,52.9,1
CK-ML-12407,Tandoori Roti,Indian Breads (Roti/Naan),Ambient Room Temp,Aluminium Foil Wrap,27.9,60.4,11.4,1,0.8,3.16,21.6,0
CK-ML-12408,Sambhar,Dal & Lentils,Insulated Hot Pot (>55C),Aluminium Foil Wrap,50.5,34.6,1.4,3,1.3,11.41,89.2,1
CK-ML-12409,Dal Makhani,Dal & Lentils,Ambient Room Temp,Open Container,37.6,75.6,2.4,3,1.3,0.0,0.0,0
CK-ML-12410,Tandoori Roti,Indian Breads (Roti/Naan),Ambient Room Temp,Aluminium Foil Wrap,28.5,77.9,1.2,1,0.8,12.75,91.2,1
CK-ML-12411,Spring Roll,Fried Items (Samosa/Puri),Ambient Room Temp,Open Container,24.5,53.2,3.3,1,0.7,6.85,67.3,1
CK-ML-12412,Steamed Rice,Cooked Rice / Biryani,Refrigerated (4-7C),Covered Degchi / Pot,5.7,30.6,10.9,2,1.2,9.06,45.5,1
CK-ML-12413,Tandoori Roti,Indian Breads (Roti/Naan),Insulated Hot Pot (>55C),Open Container,60.5,46.0,4.2,1,0.8,7.85,65.3,1
CK-ML-12414,Gulab Jamun in Chashni,Dairy & Desserts,Refrigerated (4-7C),Covered Degchi / Pot,6.5,47.5,4.8,3,1.6,10.13,68.0,1
CK-ML-12415,Veg Cutlet,Fried Items (Samosa/Puri),Ambient Room Temp,Aluminium Foil Wrap,29.8,53.9,2.5,1,0.7,11.37,81.7,1
CK-ML-12416,Boiled Corn Salad,Raw Vegetables & Salad,Ambient Room Temp,Covered Degchi / Pot,30.7,48.4,6.6,2,1.1,0.37,5.3,0
CK-ML-12417,Sambhar,Dal & Lentils,Insulated Hot Pot (>55C),Airtight Food Box,64.4,54.6,6.6,3,1.3,9.61,59.3,1
CK-ML-12418,Gulab Jamun in Chashni,Dairy & Desserts,Ambient Room Temp,Covered Degchi / Pot,33.4,76.9,1.5,3,1.6,2.29,60.7,0
CK-ML-12419,Pulao,Cooked Rice / Biryani,Ambient Room Temp,Covered Degchi / Pot,36.8,38.5,3.0,2,1.2,1.04,25.6,0
CK-ML-12420,Dal Tadka,Dal & Lentils,Ambient Room Temp,Open Container,29.3,76.4,6.5,3,1.3,0.0,0.0,0
CK-ML-12421,Chole Gravy,Cooked Curry / Gravy,Refrigerated (4-7C),Covered Degchi / Pot,6.0,32.0,4.5,3,1.4,12.76,73.8,1
CK-ML-12422,White Bread Loaf,Bakery / Packaged Breads,Ambient Room Temp,Covered Degchi / Pot,27.7,68.6,8.7,1,0.5,12.02,57.9,1
CK-ML-12423,Paratha,Indian Breads (Roti/Naan),Refrigerated (4-7C),Airtight Food Box,7.0,44.1,4.5,1,0.8,24.0,52.6,1
CK-ML-12424,Khichdi,Cooked Rice / Biryani,Ambient Room Temp,Covered Degchi / Pot,23.3,37.6,1.0,2,1.2,8.23,89.0,1
CK-ML-12425,Pulao,Cooked Rice / Biryani,Refrigerated (4-7C),Covered Degchi / Pot,6.0,79.9,2.1,2,1.2,17.57,89.3,1
CK-ML-12426,Paratha,Indian Breads (Roti/Naan),Ambient Room Temp,Covered Degchi / Pot,37.8,79.1,9.9,1,0.8,0.0,0.0,0
CK-ML-12427,Steamed Rice,Cooked Rice / Biryani,Ambient Room Temp,Open Container,31.0,37.7,7.5,2,1.2,0.0,0.0,0
CK-ML-12428,Fruit Buns,Bakery / Packaged Breads,Refrigerated (4-7C),Open Container,7.0,78.5,8.8,1,0.5,24.0,72.4,1
CK-ML-12429,Tandoori Roti,Indian Breads (Roti/Naan),Ambient Room Temp,Airtight Food Box,33.6,64.1,10.2,1,0.8,0.96,8.6,0
CK-ML-12430,Kachori,Fried Items (Samosa/Puri),Ambient Room Temp,Aluminium Foil Wrap,22.9,60.9,6.5,1,0.7,13.16,67.1,1
CK-ML-12431,Spring Roll,Fried Items (Samosa/Puri),Refrigerated (4-7C),Covered Degchi / Pot,4.0,47.2,10.6,1,0.7,23.45,69.0,1
CK-ML-12432,Sambhar,Dal & Lentils,Ambient Room Temp,Covered Degchi / Pot,29.6,58.1,0.5,3,1.3,5.44,91.5,1
CK-ML-12433,Mixed Veg Curry,Cooked Curry / Gravy,Refrigerated (4-7C),Open Container,4.9,74.3,9.2,3,1.4,2.78,23.2,0
CK-ML-12434,Cucumber Tomato Salad,Raw Vegetables & Salad,Ambient Room Temp,Aluminium Foil Wrap,29.5,63.0,11.8,2,1.1,0.0,0.0,0
CK-ML-12435,Pav Buns,Bakery / Packaged Breads,Ambient Room Temp,Covered Degchi / Pot,24.5,39.3,4.3,1,0.5,17.71,80.5,1
CK-ML-12436,Veg Cutlet,Fried Items (Samosa/Puri),Insulated Hot Pot (>55C),Airtight Food Box,53.1,66.0,3.8,1,0.7,24.0,79.9,1
CK-ML-12437,Kachori,Fried Items (Samosa/Puri),Ambient Room Temp,Open Container,23.3,47.4,3.1,1,0.7,8.01,72.1,1
CK-ML-12438,Aloo Samosa,Fried Items (Samosa/Puri),Ambient Room Temp,Airtight Food Box,25.3,65.8,4.2,1,0.7,20.7,83.2,1
CK-ML-12439,Steamed Rice,Cooked Rice / Biryani,Ambient Room Temp,Aluminium Foil Wrap,24.8,33.5,4.2,2,1.2,7.24,63.4,1
CK-ML-12440,Dal Tadka,Dal & Lentils,Ambient Room Temp,Open Container,35.3,77.0,8.1,3,1.3,0.0,0.0,0
CK-ML-12441,Chana Dal,Dal & Lentils,Insulated Hot Pot (>55C),Covered Degchi / Pot,55.7,64.5,7.4,3,1.3,3.06,29.3,0
CK-ML-12442,Aloo Samosa,Fried Items (Samosa/Puri),Insulated Hot Pot (>55C),Covered Degchi / Pot,56.3,41.2,2.4,1,0.7,16.99,87.7,1
CK-ML-12443,Sambhar,Dal & Lentils,Refrigerated (4-7C),Covered Degchi / Pot,5.0,39.6,11.1,3,1.3,7.87,41.5,1
CK-ML-12444,Butter Naan,Indian Breads (Roti/Naan),Ambient Room Temp,Covered Degchi / Pot,28.1,48.1,3.7,1,0.8,8.42,69.6,1
CK-ML-12445,Dinner Rolls,Bakery / Packaged Breads,Ambient Room Temp,Open Container,37.2,56.5,6.1,1,0.5,0.41,6.3,0
CK-ML-12446,Mixed Veg Curry,Cooked Curry / Gravy,Ambient Room Temp,Aluminium Foil Wrap,33.9,51.6,5.0,3,1.4,0.0,0.0,0
CK-ML-12447,White Bread Loaf,Bakery / Packaged Breads,Refrigerated (4-7C),Covered Degchi / Pot,5.0,73.2,10.5,1,0.5,24.0,50.2,1
CK-ML-12448,Mixed Veg Curry,Cooked Curry / Gravy,Refrigerated (4-7C),Covered Degchi / Pot,5.8,53.8,1.9,3,1.4,15.05,88.6,1
CK-ML-12449,Mixed Veg Curry,Cooked Curry / Gravy,Refrigerated (4-7C),Airtight Food Box,6.0,59.9,2.8,3,1.4,23.87,89.4,1
CK-ML-12450,Yellow Dal,Dal & Lentils,Refrigerated (4-7C),Airtight Food Box,4.2,60.8,11.1,3,1.3,16.63,59.9,1
CK-ML-12451,Mixed Veg Curry,Cooked Curry / Gravy,Ambient Room Temp,Open Container,36.0,61.4,11.8,3,1.4,0.0,0.0,0
CK-ML-12452,Mixed Veg Curry,Cooked Curry / Gravy,Ambient Room Temp,Aluminium Foil Wrap,27.7,61.0,11.7,3,1.4,0.0,0.0,0
CK-ML-12453,Yellow Dal,Dal & Lentils,Refrigerated (4-7C),Aluminium Foil Wrap,5.3,49.4,5.8,3,1.3,16.29,73.9,1
CK-ML-12454,Dal Tadka,Dal & Lentils,Ambient Room Temp,Open Container,26.7,54.7,5.5,3,1.3,0.0,0.0,0
CK-ML-12455,Khichdi,Cooked Rice / Biryani,Ambient Room Temp,Airtight Food Box,26.1,53.2,9.7,2,1.2,4.1,29.8,0
CK-ML-12456,Steamed Rice,Cooked Rice / Biryani,Ambient Room Temp,Covered Degchi / Pot,30.3,59.7,3.4,2,1.2,3.11,47.9,1
CK-ML-12457,Kadhai Paneer,Cooked Curry / Gravy,Ambient Room Temp,Covered Degchi / Pot,29.7,74.5,8.5,3,1.4,0.0,0.0,0
CK-ML-12458,White Bread Loaf,Bakery / Packaged Breads,Ambient Room Temp,Airtight Food Box,27.6,34.6,7.2,1,0.5,24.0,76.4,1
CK-ML-12459,Tandoori Roti,Indian Breads (Roti/Naan),Ambient Room Temp,Open Container,33.0,45.8,8.7,1,0.8,0.0,0.0,0
CK-ML-12460,Veg Biryani,Cooked Rice / Biryani,Ambient Room Temp,Aluminium Foil Wrap,37.0,76.3,0.8,2,1.2,3.43,81.4,1
CK-ML-12461,Fruit Buns,Bakery / Packaged Breads,Ambient Room Temp,Airtight Food Box,32.0,64.3,10.9,1,0.5,8.4,43.5,1
CK-ML-12462,Butter Naan,Indian Breads (Roti/Naan),Ambient Room Temp,Covered Degchi / Pot,29.3,33.6,10.8,1,0.8,0.56,4.9,0
CK-ML-12463,Paratha,Indian Breads (Roti/Naan),Ambient Room Temp,Open Container,30.9,59.8,7.8,1,0.8,0.0,0.0,0
CK-ML-12464,Puri,Indian Breads (Roti/Naan),Insulated Hot Pot (>55C),Covered Degchi / Pot,51.1,54.3,7.4,1,0.8,10.04,57.7,1
CK-ML-12465,Khichdi,Cooked Rice / Biryani,Refrigerated (4-7C),Covered Degchi / Pot,5.4,31.5,11.8,2,1.2,8.09,40.6,1
CK-ML-12466,Chana Dal,Dal & Lentils,Ambient Room Temp,Covered Degchi / Pot,35.2,76.5,4.6,3,1.3,0.0,0.0,0
CK-ML-12467,Gulab Jamun in Chashni,Dairy & Desserts,Insulated Hot Pot (>55C),Covered Degchi / Pot,57.7,53.4,8.2,3,1.6,0.0,0.0,0
CK-ML-12468,White Bread Loaf,Bakery / Packaged Breads,Insulated Hot Pot (>55C),Open Container,60.8,70.1,11.3,1,0.5,7.39,39.4,0
CK-ML-12469,Pulao,Cooked Rice / Biryani,Ambient Room Temp,Covered Degchi / Pot,32.6,69.9,4.5,2,1.2,1.18,20.7,0
CK-ML-12470,Steamed Rice,Cooked Rice / Biryani,Ambient Room Temp,Covered Degchi / Pot,38.1,47.9,9.2,2,1.2,0.0,0.0,0
CK-ML-12471,Puri,Indian Breads (Roti/Naan),Ambient Room Temp,Open Container,26.6,69.8,0.6,1,0.8,9.55,94.1,1
CK-ML-12472,Dinner Rolls,Bakery / Packaged Breads,Insulated Hot Pot (>55C),Airtight Food Box,61.5,65.2,1.8,1,0.5,24.0,57.2,1
CK-ML-12473,Chole Gravy,Cooked Curry / Gravy,Refrigerated (4-7C),Aluminium Foil Wrap,3.4,47.8,5.5,3,1.4,15.21,73.5,1
CK-ML-12474,Chole Gravy,Cooked Curry / Gravy,Insulated Hot Pot (>55C),Covered Degchi / Pot,60.7,35.2,2.4,3,1.4,7.14,75.2,1
CK-ML-12475,Dal Tadka,Dal & Lentils,Refrigerated (4-7C),Open Container,4.4,43.5,10.9,3,1.3,2.11,16.3,0
CK-ML-12476,Mixed Veg Curry,Cooked Curry / Gravy,Ambient Room Temp,Open Container,34.7,43.5,7.7,3,1.4,0.0,0.0,0
CK-ML-12477,Boiled Corn Salad,Raw Vegetables & Salad,Ambient Room Temp,Aluminium Foil Wrap,24.5,67.0,9.7,2,1.1,2.63,21.3,0
CK-ML-12478,Khichdi,Cooked Rice / Biryani,Refrigerated (4-7C),Airtight Food Box,5.4,35.1,8.7,2,1.2,21.85,71.6,1
CK-ML-12479,Jeera Rice,Cooked Rice / Biryani,Ambient Room Temp,Open Container,29.5,38.7,2.5,2,1.2,1.75,41.1,0
CK-ML-12480,Mixed Veg Curry,Cooked Curry / Gravy,Ambient Room Temp,Open Container,38.2,43.1,11.0,3,1.4,0.0,0.0,0
CK-ML-12481,Dinner Rolls,Bakery / Packaged Breads,Insulated Hot Pot (>55C),Open Container,51.8,43.8,9.8,1,0.5,9.52,49.3,1
CK-ML-12482,Mixed Veg Curry,Cooked Curry / Gravy,Ambient Room Temp,Covered Degchi / Pot,38.9,46.8,2.9,3,1.4,0.27,8.5,0
CK-ML-12483,Paneer Butter Masala,Cooked Curry / Gravy,Ambient Room Temp,Covered Degchi / Pot,30.2,53.2,6.5,3,1.4,0.0,0.0,0
CK-ML-12484,Tandoori Roti,Indian Breads (Roti/Naan),Ambient Room Temp,Aluminium Foil Wrap,30.7,71.9,11.8,1,0.8,0.0,0.0,0
CK-ML-12485,Mixed Veg Curry,Cooked Curry / Gravy,Ambient Room Temp,Open Container,26.8,78.5,6.9,3,1.4,0.0,0.0,0
CK-ML-12486,Pav Buns,Bakery / Packaged Breads,Refrigerated (4-7C),Covered Degchi / Pot,5.5,73.4,9.3,1,0.5,24.0,50.6,1
CK-ML-12487,Boiled Corn Salad,Raw Vegetables & Salad,Ambient Room Temp,Airtight Food Box,26.6,37.7,6.6,2,1.1,8.39,55.8,1
CK-ML-12488,Spring Roll,Fried Items (Samosa/Puri),Ambient Room Temp,Airtight Food Box,35.4,41.8,11.4,1,0.7,0.0,0.0,0
CK-ML-12489,Paratha,Indian Breads (Roti/Naan),Refrigerated (4-7C),Open Container,3.3,30.3,2.3,1,0.8,18.69,89.0,1
CK-ML-12490,Dum Aloo,Cooked Curry / Gravy,Ambient Room Temp,Aluminium Foil Wrap,27.9,63.2,6.0,3,1.4,2.77,31.4,0
CK-ML-12491,Aloo Samosa,Fried Items (Samosa/Puri),Refrigerated (4-7C),Aluminium Foil Wrap,6.4,41.4,8.1,1,0.7,24.0,57.5,1
CK-ML-12492,Jeera Rice,Cooked Rice / Biryani,Ambient Room Temp,Airtight Food Box,25.2,31.3,11.4,2,1.2,2.62,18.7,0
CK-ML-12493,Veg Cutlet,Fried Items (Samosa/Puri),Refrigerated (4-7C),Covered Degchi / Pot,5.4,49.3,2.2,1,0.7,24.0,70.4,1
CK-ML-12494,Mixed Veg Curry,Cooked Curry / Gravy,Ambient Room Temp,Covered Degchi / Pot,34.8,65.6,3.0,3,1.4,0.62,17.2,0
CK-ML-12495,Paratha,Indian Breads (Roti/Naan),Refrigerated (4-7C),Open Container,6.2,44.5,1.2,1,0.8,19.62,94.2,1
CK-ML-12496,Paneer Butter Masala,Cooked Curry / Gravy,Refrigerated (4-7C),Covered Degchi / Pot,6.3,69.4,11.9,3,1.4,5.39,31.1,0
CK-ML-12497,Sweet Lassi,Dairy & Desserts,Insulated Hot Pot (>55C),Airtight Food Box,64.6,68.8,2.7,3,1.6,10.09,78.6,1
CK-ML-12498,Khichdi,Cooked Rice / Biryani,Ambient Room Temp,Airtight Food Box,27.0,62.0,5.3,2,1.2,8.88,62.7,1
CK-ML-12499,Butter Naan,Indian Breads (Roti/Naan),Ambient Room Temp,Open Container,33.7,70.0,6.2,1,0.8,0.0,0.0,0
CK-ML-12500,Kheer / Payasam,Dairy & Desserts,Ambient Room Temp,Covered Degchi / Pot,38.4,69.7,4.3,3,1.6,0.0,0.0,0
CK-ML-12501,Dal Tadka,Dal & Lentils,Ambient Room Temp,Open Container,30.5,55.0,8.6,3,1.3,0.0,0.0,0
CK-ML-12502,Sambhar,Dal & Lentils,Ambient Room Temp,Covered Degchi / Pot,38.1,39.6,10.9,3,1.3,0.0,0.0,0
CK-ML-12503,Mixed Veg Curry,Cooked Curry / Gravy,Refrigerated (4-7C),Covered Degchi / Pot,6.1,74.2,9.3,3,1.4,8.17,46.7,1
CK-ML-12504,Dinner Rolls,Bakery / Packaged Breads,Ambient Room Temp,Aluminium Foil Wrap,33.9,58.3,7.3,1,0.5,6.57,47.5,1
CK-ML-12505,Pulao,Cooked Rice / Biryani,Insulated Hot Pot (>55C),Aluminium Foil Wrap,57.5,50.5,10.9,2,1.2,3.52,24.3,0
CK-ML-12506,Dal Makhani,Dal & Lentils,Refrigerated (4-7C),Covered Degchi / Pot,4.4,32.5,10.1,3,1.3,7.41,42.4,1
CK-ML-12507,Jeera Rice,Cooked Rice / Biryani,Ambient Room Temp,Airtight Food Box,38.6,79.2,7.4,2,1.2,0.0,0.0,0
CK-ML-12508,Rasgulla,Dairy & Desserts,Ambient Room Temp,Airtight Food Box,30.4,74.2,1.4,3,1.6,6.09,81.3,1
CK-ML-12509,Kadhai Paneer,Cooked Curry / Gravy,Insulated Hot Pot (>55C),Airtight Food Box,50.2,79.0,4.7,3,1.4,10.56,69.0,1
CK-ML-12510,Sprouts Salad,Raw Vegetables & Salad,Refrigerated (4-7C),Airtight Food Box,6.5,48.3,3.6,2,1.1,24.0,71.7,1
CK-ML-12511,Dal Tadka,Dal & Lentils,Ambient Room Temp,Covered Degchi / Pot,32.3,67.9,5.4,3,1.3,0.03,0.5,0
CK-ML-12512,Chole Gravy,Cooked Curry / Gravy,Ambient Room Temp,Covered Degchi / Pot,29.1,74.4,4.7,3,1.4,2.07,30.5,0
CK-ML-12513,Kheer / Payasam,Dairy & Desserts,Ambient Room Temp,Open Container,34.0,32.0,1.1,3,1.6,1.98,64.4,0
CK-ML-12514,Butter Naan,Indian Breads (Roti/Naan),Refrigerated (4-7C),Airtight Food Box,4.1,79.2,10.9,1,0.8,24.0,52.2,1
CK-ML-12515,Sambhar,Dal & Lentils,Ambient Room Temp,Covered Degchi / Pot,36.8,44.2,9.5,3,1.3,0.0,0.0,0
CK-ML-12516,Chole Gravy,Cooked Curry / Gravy,Ambient Room Temp,Open Container,29.3,50.7,9.5,3,1.4,0.0,0.0,0
CK-ML-12517,Veg Biryani,Cooked Rice / Biryani,Refrigerated (4-7C),Covered Degchi / Pot,7.4,42.0,10.4,2,1.2,9.88,48.7,1
CK-ML-12518,Paratha,Indian Breads (Roti/Naan),Ambient Room Temp,Aluminium Foil Wrap,36.0,39.0,4.9,1,0.8,2.7,35.3,0
CK-ML-12519,Jeera Rice,Cooked Rice / Biryani,Refrigerated (4-7C),Aluminium Foil Wrap,4.3,30.7,1.9,2,1.2,22.22,92.3,1
CK-ML-12520,Rasgulla,Dairy & Desserts,Ambient Room Temp,Aluminium Foil Wrap,30.9,41.7,9.8,3,1.6,0.0,0.0,0
CK-ML-12521,Dal Makhani,Dal & Lentils,Ambient Room Temp,Covered Degchi / Pot,33.9,72.7,7.8,3,1.3,0.0,0.0,0
CK-ML-12522,Chana Dal,Dal & Lentils,Refrigerated (4-7C),Covered Degchi / Pot,6.9,56.1,11.2,3,1.3,6.98,38.5,0
CK-ML-12523,Mixed Veg Curry,Cooked Curry / Gravy,Ambient Room Temp,Covered Degchi / Pot,31.0,34.3,3.1,3,1.4,2.14,40.5,0
CK-ML-12524,Mixed Veg Curry,Cooked Curry / Gravy,Insulated Hot Pot (>55C),Open Container,51.6,62.7,7.5,3,1.4,0.0,0.0,0
CK-ML-12525,Chana Dal,Dal & Lentils,Refrigerated (4-7C),Airtight Food Box,4.0,41.0,10.4,3,1.3,17.46,62.6,1
CK-ML-12526,Chana Dal,Dal & Lentils,Refrigerated (4-7C),Aluminium Foil Wrap,5.7,48.3,3.1,3,1.3,19.73,86.5,1
CK-ML-12527,Butter Naan,Indian Breads (Roti/Naan),Insulated Hot Pot (>55C),Covered Degchi / Pot,51.2,72.2,3.9,1,0.8,13.0,77.1,1
CK-ML-12528,Puri,Indian Breads (Roti/Naan),Insulated Hot Pot (>55C),Covered Degchi / Pot,56.7,75.8,9.3,1,0.8,7.78,45.6,1
CK-ML-12529,Khichdi,Cooked Rice / Biryani,Ambient Room Temp,Airtight Food Box,22.1,69.1,8.5,2,1.2,5.55,39.4,0
CK-ML-12530,Yellow Dal,Dal & Lentils,Ambient Room Temp,Open Container,24.1,68.0,7.3,3,1.3,0.0,0.0,0
CK-ML-12531,Butter Naan,Indian Breads (Roti/Naan),Refrigerated (4-7C),Aluminium Foil Wrap,4.6,70.1,4.5,1,0.8,24.0,65.0,1
CK-ML-12532,Pav Buns,Bakery / Packaged Breads,Ambient Room Temp,Airtight Food Box,34.3,33.8,7.4,1,0.5,9.17,55.4,1
CK-ML-12533,Mixed Veg Curry,Cooked Curry / Gravy,Insulated Hot Pot (>55C),Open Container,62.4,33.9,7.4,3,1.4,0.0,0.0,0
CK-ML-12534,Fruit Chaat,Raw Vegetables & Salad,Ambient Room Temp,Aluminium Foil Wrap,26.3,79.2,4.0,2,1.1,8.07,66.9,1
CK-ML-12535,Pulao,Cooked Rice / Biryani,Refrigerated (4-7C),Open Container,7.2,43.8,4.3,2,1.2,9.52,68.7,1
CK-ML-12536,Paratha,Indian Breads (Roti/Naan),Ambient Room Temp,Aluminium Foil Wrap,29.3,57.8,7.2,1,0.8,5.25,42.2,1
CK-ML-12537,Gulab Jamun in Chashni,Dairy & Desserts,Ambient Room Temp,Covered Degchi / Pot,38.1,48.0,1.7,3,1.6,1.22,42.6,0
CK-ML-12538,Kheer / Payasam,Dairy & Desserts,Ambient Room Temp,Open Container,22.4,43.6,10.4,3,1.6,0.0,0.0,0
CK-ML-12539,Dum Aloo,Cooked Curry / Gravy,Refrigerated (4-7C),Open Container,5.2,68.0,2.9,3,1.4,9.18,75.8,1
CK-ML-12540,Paneer Butter Masala,Cooked Curry / Gravy,Ambient Room Temp,Aluminium Foil Wrap,25.8,66.2,7.5,3,1.4,1.71,18.6,0
CK-ML-12541,Sambhar,Dal & Lentils,Refrigerated (4-7C),Open Container,7.3,74.6,4.2,3,1.3,9.23,68.7,1
CK-ML-12542,Phulka Chapati,Indian Breads (Roti/Naan),Ambient Room Temp,Aluminium Foil Wrap,29.0,61.7,10.3,1,0.8,2.75,21.0,0
CK-ML-12543,Dal Makhani,Dal & Lentils,Refrigerated (4-7C),Open Container,4.5,49.3,7.1,3,1.3,4.91,41.0,1
CK-ML-12544,Pulao,Cooked Rice / Biryani,Ambient Room Temp,Open Container,26.6,44.1,8.2,2,1.2,0.0,0.0,0
CK-ML-12545,Jeera Rice,Cooked Rice / Biryani,Ambient Room Temp,Covered Degchi / Pot,37.0,68.7,1.4,2,1.2,2.54,65.2,0
CK-ML-12546,Cucumber Tomato Salad,Raw Vegetables & Salad,Ambient Room Temp,Open Container,28.6,52.1,6.5,2,1.1,0.0,0.0,0
CK-ML-12547,Kadhai Paneer,Cooked Curry / Gravy,Insulated Hot Pot (>55C),Airtight Food Box,59.9,66.6,1.0,3,1.4,14.55,93.9,1
CK-ML-12548,Paneer Butter Masala,Cooked Curry / Gravy,Ambient Room Temp,Open Container,29.4,70.3,7.2,3,1.4,0.0,0.0,0
CK-ML-12549,Phulka Chapati,Indian Breads (Roti/Naan),Ambient Room Temp,Aluminium Foil Wrap,35.4,52.6,1.8,1,0.8,5.38,74.5,1
CK-ML-12550,Dum Aloo,Cooked Curry / Gravy,Refrigerated (4-7C),Aluminium Foil Wrap,4.0,78.6,1.5,3,1.4,19.29,92.9,1
CK-ML-12551,Kadhai Paneer,Cooked Curry / Gravy,Refrigerated (4-7C),Aluminium Foil Wrap,3.6,63.1,5.7,3,1.4,15.42,73.0,1
CK-ML-12552,White Bread Loaf,Bakery / Packaged Breads,Ambient Room Temp,Open Container,29.2,65.6,7.9,1,0.5,4.13,34.3,0
CK-ML-12553,Dum Aloo,Cooked Curry / Gravy,Ambient Room Temp,Covered Degchi / Pot,33.2,79.7,8.0,3,1.4,0.0,0.0,0
CK-ML-12554,Khichdi,Cooked Rice / Biryani,Insulated Hot Pot (>55C),Aluminium Foil Wrap,59.2,38.6,12.0,2,1.2,2.74,18.7,0
CK-ML-12555,Sambhar,Dal & Lentils,Insulated Hot Pot (>55C),Aluminium Foil Wrap,58.0,44.4,2.0,3,1.3,10.57,84.3,1
CK-ML-12556,Kachori,Fried Items (Samosa/Puri),Refrigerated (4-7C),Covered Degchi / Pot,3.3,46.7,0.7,1,0.7,24.0,71.7,1
CK-ML-12557,Pakoda,Fried Items (Samosa/Puri),Ambient Room Temp,Covered Degchi / Pot,28.2,30.1,7.2,1,0.7,5.93,45.3,1
CK-ML-12558,Paratha,Indian Breads (Roti/Naan),Ambient Room Temp,Covered Degchi / Pot,35.1,50.2,8.4,1,0.8,0.0,0.0,0
CK-ML-12559,Paneer Butter Masala,Cooked Curry / Gravy,Ambient Room Temp,Aluminium Foil Wrap,24.5,59.6,3.9,3,1.4,5.81,59.9,1
CK-ML-12560,Steamed Rice,Cooked Rice / Biryani,Ambient Room Temp,Covered Degchi / Pot,34.1,38.1,0.6,2,1.2,4.27,86.7,1
CK-ML-12561,Puri,Indian Breads (Roti/Naan),Refrigerated (4-7C),Aluminium Foil Wrap,6.0,54.9,8.8,1,0.8,24.0,65.7,1
CK-ML-12562,Pulao,Cooked Rice / Biryani,Ambient Room Temp,Airtight Food Box,28.4,73.0,6.4,2,1.2,5.6,46.6,1
CK-ML-12563,Dal Tadka,Dal & Lentils,Ambient Room Temp,Aluminium Foil Wrap,35.6,53.4,8.4,3,1.3,0.0,0.0,0
CK-ML-12564,Jeera Rice,Cooked Rice / Biryani,Insulated Hot Pot (>55C),Covered Degchi / Pot,60.3,49.6,8.6,2,1.2,3.07,26.4,0
CK-ML-12565,Chole Gravy,Cooked Curry / Gravy,Ambient Room Temp,Covered Degchi / Pot,35.6,47.9,11.3,3,1.4,0.0,0.0,0
CK-ML-12566,Veg Biryani,Cooked Rice / Biryani,Ambient Room Temp,Covered Degchi / Pot,30.5,74.2,7.4,2,1.2,0.0,0.0,0
CK-ML-12567,Veg Cutlet,Fried Items (Samosa/Puri),Ambient Room Temp,Airtight Food Box,28.4,75.7,4.5,1,0.7,15.32,77.4,1
CK-ML-12568,Dal Makhani,Dal & Lentils,Ambient Room Temp,Aluminium Foil Wrap,28.7,78.6,4.5,3,1.3,4.08,47.4,1
CK-ML-12569,Boiled Corn Salad,Raw Vegetables & Salad,Ambient Room Temp,Aluminium Foil Wrap,36.9,34.8,5.3,2,1.1,0.0,0.0,0
CK-ML-12570,Chole Gravy,Cooked Curry / Gravy,Ambient Room Temp,Covered Degchi / Pot,35.8,68.3,9.5,3,1.4,0.0,0.0,0
CK-ML-12571,Chana Dal,Dal & Lentils,Ambient Room Temp,Open Container,26.2,38.4,8.9,3,1.3,0.0,0.0,0
CK-ML-12572,Pulao,Cooked Rice / Biryani,Insulated Hot Pot (>55C),Covered Degchi / Pot,58.8,56.1,8.2,2,1.2,3.17,27.8,0
CK-ML-12573,Chole Gravy,Cooked Curry / Gravy,Ambient Room Temp,Aluminium Foil Wrap,32.7,59.8,1.2,3,1.4,3.84,75.5,1
CK-ML-12574,Jeera Rice,Cooked Rice / Biryani,Ambient Room Temp,Covered Degchi / Pot,33.3,77.8,8.1,2,1.2,0.0,0.0,0
CK-ML-12575,Paratha,Indian Breads (Roti/Naan),Refrigerated (4-7C),Covered Degchi / Pot,5.5,46.6,11.4,1,0.8,17.98,61.2,1
CK-ML-12576,Steamed Rice,Cooked Rice / Biryani,Ambient Room Temp,Covered Degchi / Pot,28.0,69.6,1.5,2,1.2,7.22,83.0,1
CK-ML-12577,Puri,Indian Breads (Roti/Naan),Insulated Hot Pot (>55C),Covered Degchi / Pot,52.9,31.7,5.4,1,0.8,10.9,66.8,1
CK-ML-12578,Phulka Chapati,Indian Breads (Roti/Naan),Refrigerated (4-7C),Open Container,3.5,50.2,9.8,1,0.8,11.51,54.1,1
CK-ML-12579,Chana Dal,Dal & Lentils,Insulated Hot Pot (>55C),Covered Degchi / Pot,53.1,31.9,10.5,3,1.3,0.0,0.0,0
CK-ML-12580,Fruit Buns,Bakery / Packaged Breads,Ambient Room Temp,Aluminium Foil Wrap,26.6,76.9,0.6,1,0.5,24.0,86.9,1
CK-ML-12581,Aloo Samosa,Fried Items (Samosa/Puri),Ambient Room Temp,Covered Degchi / Pot,27.5,30.8,8.9,1,0.7,6.3,41.5,1
CK-ML-12582,Sprouts Salad,Raw Vegetables & Salad,Ambient Room Temp,Airtight Food Box,25.2,50.2,5.9,2,1.1,9.97,62.8,1
CK-ML-12583,Fruit Chaat,Raw Vegetables & Salad,Insulated Hot Pot (>55C),Covered Degchi / Pot,52.7,47.6,4.3,2,1.1,7.9,64.7,1
CK-ML-12584,Jeera Rice,Cooked Rice / Biryani,Ambient Room Temp,Covered Degchi / Pot,30.0,67.6,4.6,2,1.2,1.76,27.5,0
CK-ML-12585,Jeera Rice,Cooked Rice / Biryani,Ambient Room Temp,Covered Degchi / Pot,33.0,46.3,1.1,2,1.2,3.96,78.6,1
CK-ML-12586,Paneer Butter Masala,Cooked Curry / Gravy,Ambient Room Temp,Covered Degchi / Pot,34.1,76.9,10.8,3,1.4,0.0,0.0,0
CK-ML-12587,Mixed Veg Curry,Cooked Curry / Gravy,Refrigerated (4-7C),Aluminium Foil Wrap,3.6,55.1,9.5,3,1.4,11.69,55.2,1
CK-ML-12588,Dum Aloo,Cooked Curry / Gravy,Ambient Room Temp,Open Container,25.0,64.0,6.1,3,1.4,0.0,0.0,0
CK-ML-12589,Chole Gravy,Cooked Curry / Gravy,Ambient Room Temp,Covered Degchi / Pot,24.3,65.4,9.9,3,1.4,0.0,0.0,0
CK-ML-12590,Dal Tadka,Dal & Lentils,Refrigerated (4-7C),Covered Degchi / Pot,5.0,57.9,0.5,3,1.3,17.35,97.1,1
CK-ML-12591,Veg Biryani,Cooked Rice / Biryani,Ambient Room Temp,Aluminium Foil Wrap,27.1,53.4,2.9,2,1.2,8.27,74.0,1
CK-ML-12592,Paratha,Indian Breads (Roti/Naan),Refrigerated (4-7C),Airtight Food Box,4.3,72.3,1.8,1,0.8,24.0,52.2,1
CK-ML-12593,Chole Gravy,Cooked Curry / Gravy,Ambient Room Temp,Covered Degchi / Pot,33.7,72.5,4.2,3,1.4,0.0,0.0,0
CK-ML-12594,Paratha,Indian Breads (Roti/Naan),Ambient Room Temp,Airtight Food Box,39.0,77.7,11.3,1,0.8,0.0,0.0,0
CK-ML-12595,Rasgulla,Dairy & Desserts,Ambient Room Temp,Covered Degchi / Pot,26.4,60.5,1.0,3,1.6,6.06,86.2,1
CK-ML-12596,Dal Makhani,Dal & Lentils,Ambient Room Temp,Airtight Food Box,34.9,77.6,7.9,3,1.3,0.0,0.0,0
CK-ML-12597,Paratha,Indian Breads (Roti/Naan),Insulated Hot Pot (>55C),Open Container,63.5,73.6,6.4,1,0.8,5.93,48.2,1
CK-ML-12598,Kadhai Paneer,Cooked Curry / Gravy,Insulated Hot Pot (>55C),Open Container,61.1,48.2,3.9,3,1.4,3.68,48.3,1
CK-ML-12599,Kachori,Fried Items (Samosa/Puri),Refrigerated (4-7C),Covered Degchi / Pot,6.4,55.1,10.6,1,0.7,23.45,68.8,1
CK-ML-12600,Yellow Dal,Dal & Lentils,Ambient Room Temp,Open Container,24.9,31.3,4.4,3,1.3,1.57,26.5,0
CK-ML-12601,Dum Aloo,Cooked Curry / Gravy,Ambient Room Temp,Open Container,30.6,71.5,2.2,3,1.4,2.21,50.2,0
CK-ML-12602,Sprouts Salad,Raw Vegetables & Salad,Refrigerated (4-7C),Airtight Food Box,4.7,63.3,2.6,2,1.1,24.0,72.2,1
CK-ML-12603,Chana Dal,Dal & Lentils,Ambient Room Temp,Aluminium Foil Wrap,30.4,60.7,8.4,3,1.3,0.0,0.0,0
CK-ML-12604,Khichdi,Cooked Rice / Biryani,Ambient Room Temp,Aluminium Foil Wrap,27.5,76.1,10.7,2,1.2,0.63,5.6,0
CK-ML-12605,Yellow Dal,Dal & Lentils,Ambient Room Temp,Open Container,32.7,59.2,7.8,3,1.3,0.0,0.0,0
CK-ML-12606,Kadhai Paneer,Cooked Curry / Gravy,Ambient Room Temp,Airtight Food Box,38.9,68.5,6.4,3,1.4,0.0,0.0,0
CK-ML-12607,Dal Tadka,Dal & Lentils,Ambient Room Temp,Airtight Food Box,25.6,44.4,11.7,3,1.3,1.43,10.9,0
CK-ML-12608,White Bread Loaf,Bakery / Packaged Breads,Ambient Room Temp,Open Container,23.7,44.1,1.5,1,0.5,15.0,90.8,1
CK-ML-12609,Dinner Rolls,Bakery / Packaged Breads,Insulated Hot Pot (>55C),Covered Degchi / Pot,55.1,65.8,6.1,1,0.5,21.18,77.8,1
CK-ML-12610,White Bread Loaf,Bakery / Packaged Breads,Insulated Hot Pot (>55C),Open Container,60.1,51.0,2.1,1,0.5,18.01,89.4,1
CK-ML-12611,Spring Roll,Fried Items (Samosa/Puri),Ambient Room Temp,Covered Degchi / Pot,37.6,70.3,2.1,1,0.7,4.22,66.5,1
CK-ML-12612,Dum Aloo,Cooked Curry / Gravy,Refrigerated (4-7C),Covered Degchi / Pot,5.2,64.9,0.9,3,1.4,16.16,94.8,1
CK-ML-12613,Kachori,Fried Items (Samosa/Puri),Ambient Room Temp,Covered Degchi / Pot,28.6,47.3,7.3,1,0.7,5.47,42.8,1
CK-ML-12614,Kachori,Fried Items (Samosa/Puri),Insulated Hot Pot (>55C),Open Container,51.1,75.1,2.4,1,0.7,11.73,83.1,1
CK-ML-12615,Steamed Rice,Cooked Rice / Biryani,Refrigerated (4-7C),Open Container,4.8,71.3,1.3,2,1.2,12.42,90.3,1
CK-ML-12616,Paratha,Indian Breads (Roti/Naan),Insulated Hot Pot (>55C),Open Container,55.1,65.7,6.5,1,0.8,5.09,43.8,1
CK-ML-12617,Khichdi,Cooked Rice / Biryani,Ambient Room Temp,Airtight Food Box,28.1,71.8,2.0,2,1.2,10.59,84.3,1
CK-ML-12618,Dinner Rolls,Bakery / Packaged Breads,Ambient Room Temp,Open Container,25.2,55.4,2.8,1,0.5,12.3,81.2,1
CK-ML-12619,Aloo Samosa,Fried Items (Samosa/Puri),Insulated Hot Pot (>55C),Covered Degchi / Pot,65.0,73.5,9.2,1,0.7,10.75,53.8,1
CK-ML-12620,Pav Buns,Bakery / Packaged Breads,Insulated Hot Pot (>55C),Open Container,51.8,61.0,7.6,1,0.5,11.32,59.7,1
CK-ML-12621,Boiled Corn Salad,Raw Vegetables & Salad,Ambient Room Temp,Airtight Food Box,36.4,46.0,5.5,2,1.1,0.31,5.3,0
CK-ML-12622,Jeera Rice,Cooked Rice / Biryani,Refrigerated (4-7C),Covered Degchi / Pot,4.6,45.8,7.5,2,1.2,12.2,61.8,1
CK-ML-12623,Kadhai Paneer,Cooked Curry / Gravy,Ambient Room Temp,Open Container,22.3,42.3,8.0,3,1.4,0.0,0.0,0
CK-ML-12624,Cucumber Tomato Salad,Raw Vegetables & Salad,Refrigerated (4-7C),Airtight Food Box,4.2,71.8,2.4,2,1.1,24.0,73.1,1
CK-ML-12625,Dum Aloo,Cooked Curry / Gravy,Refrigerated (4-7C),Covered Degchi / Pot,6.0,39.7,2.8,3,1.4,14.55,83.9,1
CK-ML-12626,Chole Gravy,Cooked Curry / Gravy,Ambient Room Temp,Aluminium Foil Wrap,34.6,50.4,6.4,3,1.4,0.0,0.0,0
CK-ML-12627,Sprouts Salad,Raw Vegetables & Salad,Ambient Room Temp,Covered Degchi / Pot,24.3,63.2,6.5,2,1.1,3.6,35.7,0
CK-ML-12628,Cucumber Tomato Salad,Raw Vegetables & Salad,Ambient Room Temp,Open Container,39.0,59.1,2.6,2,1.1,0.0,0.0,0
CK-ML-12629,Steamed Rice,Cooked Rice / Biryani,Refrigerated (4-7C),Covered Degchi / Pot,4.9,41.7,6.4,2,1.2,13.62,68.0,1
CK-ML-12630,Sweet Lassi,Dairy & Desserts,Ambient Room Temp,Covered Degchi / Pot,25.0,49.3,11.6,3,1.6,0.0,0.0,0
CK-ML-12631,Pulao,Cooked Rice / Biryani,Refrigerated (4-7C),Aluminium Foil Wrap,3.8,78.6,7.6,2,1.2,17.02,69.2,1
CK-ML-12632,Butter Naan,Indian Breads (Roti/Naan),Refrigerated (4-7C),Covered Degchi / Pot,3.2,54.9,4.3,1,0.8,24.0,81.9,1
CK-ML-12633,Paratha,Indian Breads (Roti/Naan),Ambient Room Temp,Aluminium Foil Wrap,31.1,58.1,8.6,1,0.8,1.97,18.7,0
CK-ML-12634,Puri,Indian Breads (Roti/Naan),Ambient Room Temp,Open Container,27.5,73.2,9.4,1,0.8,0.0,0.0,0
CK-ML-12635,Mixed Veg Curry,Cooked Curry / Gravy,Ambient Room Temp,Open Container,38.8,66.3,1.1,3,1.4,0.93,46.5,0
CK-ML-12636,Jeera Rice,Cooked Rice / Biryani,Ambient Room Temp,Aluminium Foil Wrap,36.3,42.7,10.9,2,1.2,0.0,0.0,0
CK-ML-12637,Paratha,Indian Breads (Roti/Naan),Ambient Room Temp,Open Container,37.9,45.5,4.6,1,0.8,0.21,4.3,0
CK-ML-12638,Gulab Jamun in Chashni,Dairy & Desserts,Refrigerated (4-7C),Aluminium Foil Wrap,3.4,31.1,7.3,3,1.6,10.59,59.1,1
CK-ML-12639,Sprouts Salad,Raw Vegetables & Salad,Ambient Room Temp,Covered Degchi / Pot,22.7,50.7,9.2,2,1.1,0.13,1.4,0
CK-ML-12640,Veg Biryani,Cooked Rice / Biryani,Ambient Room Temp,Covered Degchi / Pot,25.6,78.0,5.7,2,1.2,3.53,38.0,0
CK-ML-12641,Paratha,Indian Breads (Roti/Naan),Refrigerated (4-7C),Airtight Food Box,4.1,77.7,5.7,1,0.8,24.0,53.1,1
CK-ML-12642,Dum Aloo,Cooked Curry / Gravy,Ambient Room Temp,Aluminium Foil Wrap,33.7,30.5,4.0,3,1.4,1.75,30.4,0
CK-ML-12643,Chana Dal,Dal & Lentils,Refrigerated (4-7C),Aluminium Foil Wrap,5.1,73.2,11.2,3,1.3,11.02,49.7,1
CK-ML-12644,Dal Tadka,Dal & Lentils,Ambient Room Temp,Airtight Food Box,31.8,59.7,6.4,3,1.3,1.01,13.6,0
CK-ML-12645,Paneer Butter Masala,Cooked Curry / Gravy,Ambient Room Temp,Covered Degchi / Pot,30.7,79.0,1.9,3,1.4,3.49,64.4,1
CK-ML-12646,Cucumber Tomato Salad,Raw Vegetables & Salad,Ambient Room Temp,Covered Degchi / Pot,34.8,59.1,1.9,2,1.1,2.82,60.2,0
CK-ML-12647,Veg Cutlet,Fried Items (Samosa/Puri),Refrigerated (4-7C),Open Container,5.7,62.6,0.8,1,0.7,24.0,96.4,1
CK-ML-12648,Pulao,Cooked Rice / Biryani,Ambient Room Temp,Aluminium Foil Wrap,22.2,60.5,9.6,2,1.2,2.25,19.0,0
CK-ML-12649,Veg Cutlet,Fried Items (Samosa/Puri),Ambient Room Temp,Aluminium Foil Wrap,23.6,42.8,11.5,1,0.7,7.56,39.7,0
CK-ML-12650,Chole Gravy,Cooked Curry / Gravy,Ambient Room Temp,Covered Degchi / Pot,29.0,51.7,5.2,3,1.4,0.39,6.9,0
CK-ML-12651,Dal Makhani,Dal & Lentils,Ambient Room Temp,Aluminium Foil Wrap,35.6,36.0,1.9,3,1.3,3.2,62.4,1
CK-ML-12652,Pav Buns,Bakery / Packaged Breads,Refrigerated (4-7C),Aluminium Foil Wrap,6.6,68.3,2.9,1,0.5,24.0,40.8,1
CK-ML-12653,Yellow Dal,Dal & Lentils,Insulated Hot Pot (>55C),Covered Degchi / Pot,58.7,53.1,8.1,3,1.3,2.24,21.7,0
CK-ML-12654,Kadhai Paneer,Cooked Curry / Gravy,Refrigerated (4-7C),Airtight Food Box,3.8,42.4,11.0,3,1.4,15.52,58.6,1
CK-ML-12655,Kadhai Paneer,Cooked Curry / Gravy,Ambient Room Temp,Open Container,31.1,39.6,7.8,3,1.4,0.0,0.0,0
CK-ML-12656,Khichdi,Cooked Rice / Biryani,Ambient Room Temp,Aluminium Foil Wrap,22.7,58.3,10.7,2,1.2,1.2,10.1,0
CK-ML-12657,Steamed Rice,Cooked Rice / Biryani,Refrigerated (4-7C),Aluminium Foil Wrap,5.5,37.5,2.5,2,1.2,21.62,89.6,1
CK-ML-12658,Fruit Buns,Bakery / Packaged Breads,Ambient Room Temp,Covered Degchi / Pot,26.9,52.8,4.4,1,0.5,17.46,80.0,1
CK-ML-12659,Phulka Chapati,Indian Breads (Roti/Naan),Ambient Room Temp,Aluminium Foil Wrap,31.0,72.0,1.3,1,0.8,9.63,88.3,1
CK-ML-12660,Tandoori Roti,Indian Breads (Roti/Naan),Ambient Room Temp,Aluminium Foil Wrap,24.7,73.5,1.8,1,0.8,14.98,89.5,1
CK-ML-12661,Kachori,Fried Items (Samosa/Puri),Ambient Room Temp,Covered Degchi / Pot,28.6,72.2,0.6,1,0.7,11.69,95.5,1
CK-ML-12662,Veg Cutlet,Fried Items (Samosa/Puri),Insulated Hot Pot (>55C),Open Container,57.8,75.7,0.8,1,0.7,13.0,94.5,1
CK-ML-12663,Tandoori Roti,Indian Breads (Roti/Naan),Refrigerated (4-7C),Aluminium Foil Wrap,5.4,66.5,1.6,1,0.8,24.0,66.6,1
CK-ML-12664,Dinner Rolls,Bakery / Packaged Breads,Insulated Hot Pot (>55C),Airtight Food Box,51.9,45.5,3.3,1,0.5,24.0,57.6,1
CK-ML-12665,Tandoori Roti,Indian Breads (Roti/Naan),Ambient Room Temp,Open Container,22.3,79.9,1.9,1,0.8,8.42,81.5,1
CK-ML-12666,Jeera Rice,Cooked Rice / Biryani,Ambient Room Temp,Open Container,24.5,77.6,2.7,2,1.2,3.88,58.9,1
CK-ML-12667,Fruit Chaat,Raw Vegetables & Salad,Insulated Hot Pot (>55C),Covered Degchi / Pot,63.2,54.2,4.6,2,1.1,7.26,61.0,1
CK-ML-12668,Paratha,Indian Breads (Roti/Naan),Insulated Hot Pot (>55C),Covered Degchi / Pot,62.4,38.3,7.1,1,0.8,9.52,57.2,1
CK-ML-12669,Cucumber Tomato Salad,Raw Vegetables & Salad,Ambient Room Temp,Covered Degchi / Pot,37.4,34.5,10.5,2,1.1,0.0,0.0,0
CK-ML-12670,Pakoda,Fried Items (Samosa/Puri),Ambient Room Temp,Covered Degchi / Pot,34.1,48.1,3.0,1,0.7,4.67,60.6,1
CK-ML-12671,Dal Makhani,Dal & Lentils,Refrigerated (4-7C),Aluminium Foil Wrap,6.0,68.3,7.1,3,1.3,15.65,68.7,1
CK-ML-12672,Chole Gravy,Cooked Curry / Gravy,Refrigerated (4-7C),Open Container,4.6,67.4,10.9,3,1.4,0.97,8.1,0
CK-ML-12673,White Bread Loaf,Bakery / Packaged Breads,Ambient Room Temp,Covered Degchi / Pot,27.4,42.8,0.7,1,0.5,19.98,96.4,1
CK-ML-12674,Kadhai Paneer,Cooked Curry / Gravy,Refrigerated (4-7C),Covered Degchi / Pot,7.2,72.4,3.3,3,1.4,12.99,79.6,1
CK-ML-12675,Butter Naan,Indian Breads (Roti/Naan),Refrigerated (4-7C),Open Container,6.5,66.3,11.4,1,0.8,9.91,46.4,1
CK-ML-12676,Veg Biryani,Cooked Rice / Biryani,Insulated Hot Pot (>55C),Open Container,54.7,36.5,10.0,2,1.2,0.0,0.0,0
CK-ML-12677,Mixed Veg Curry,Cooked Curry / Gravy,Ambient Room Temp,Covered Degchi / Pot,35.6,48.3,9.3,3,1.4,0.0,0.0,0
CK-ML-12678,Paneer Butter Masala,Cooked Curry / Gravy,Ambient Room Temp,Aluminium Foil Wrap,25.4,37.0,1.9,3,1.4,7.44,79.5,1
CK-ML-12679,Cucumber Tomato Salad,Raw Vegetables & Salad,Ambient Room Temp,Airtight Food Box,35.0,31.7,7.7,2,1.1,0.0,0.0,0
CK-ML-12680,Tandoori Roti,Indian Breads (Roti/Naan),Ambient Room Temp,Aluminium Foil Wrap,24.7,38.8,11.1,1,0.8,6.09,35.5,0
CK-ML-12681,Kadhai Paneer,Cooked Curry / Gravy,Ambient Room Temp,Covered Degchi / Pot,31.9,79.4,7.3,3,1.4,0.0,0.0,0
CK-ML-12682,Paneer Tikka,Dairy & Desserts,Insulated Hot Pot (>55C),Aluminium Foil Wrap,55.0,55.4,9.5,3,1.6,0.47,4.7,0
CK-ML-12683,Jeera Rice,Cooked Rice / Biryani,Ambient Room Temp,Covered Degchi / Pot,26.4,52.0,3.7,2,1.2,5.33,58.8,1
CK-ML-12684,Gulab Jamun in Chashni,Dairy & Desserts,Ambient Room Temp,Aluminium Foil Wrap,29.2,35.7,2.1,3,1.6,4.08,66.1,1
CK-ML-12685,Tandoori Roti,Indian Breads (Roti/Naan),Insulated Hot Pot (>55C),Covered Degchi / Pot,52.6,31.0,8.0,1,0.8,8.75,52.3,1
CK-ML-12686,Yellow Dal,Dal & Lentils,Insulated Hot Pot (>55C),Aluminium Foil Wrap,51.1,79.1,11.4,3,1.3,2.44,17.6,0
CK-ML-12687,Kheer / Payasam,Dairy & Desserts,Refrigerated (4-7C),Open Container,5.9,59.2,2.6,3,1.6,7.65,74.5,1
CK-ML-12688,Tandoori Roti,Indian Breads (Roti/Naan),Refrigerated (4-7C),Covered Degchi / Pot,4.3,73.6,6.8,1,0.8,23.04,77.3,1
CK-ML-12689,Sambhar,Dal & Lentils,Insulated Hot Pot (>55C),Airtight Food Box,60.9,33.8,1.1,3,1.3,14.92,93.3,1
CK-ML-12690,Paneer Tikka,Dairy & Desserts,Ambient Room Temp,Covered Degchi / Pot,36.8,30.4,8.7,3,1.6,0.0,0.0,0
CK-ML-12691,Khichdi,Cooked Rice / Biryani,Insulated Hot Pot (>55C),Open Container,63.7,33.1,6.5,2,1.2,1.68,20.5,0
CK-ML-12692,Paratha,Indian Breads (Roti/Naan),Ambient Room Temp,Aluminium Foil Wrap,36.1,73.4,6.5,1,0.8,0.66,9.2,0
CK-ML-12693,Sprouts Salad,Raw Vegetables & Salad,Ambient Room Temp,Covered Degchi / Pot,31.9,61.0,7.9,2,1.1,0.0,0.0,0
CK-ML-12694,Veg Biryani,Cooked Rice / Biryani,Ambient Room Temp,Airtight Food Box,38.4,46.0,5.0,2,1.2,0.55,9.9,0
CK-ML-12695,Dum Aloo,Cooked Curry / Gravy,Ambient Room Temp,Covered Degchi / Pot,30.1,61.1,7.2,3,1.4,0.0,0.0,0
CK-ML-12696,Phulka Chapati,Indian Breads (Roti/Naan),Refrigerated (4-7C),Covered Degchi / Pot,3.5,67.5,4.6,1,0.8,24.0,81.0,1
CK-ML-12697,Butter Naan,Indian Breads (Roti/Naan),Refrigerated (4-7C),Open Container,7.2,63.8,2.9,1,0.8,17.91,85.9,1
CK-ML-12698,Paratha,Indian Breads (Roti/Naan),Insulated Hot Pot (>55C),Covered Degchi / Pot,51.2,53.3,9.4,1,0.8,6.69,41.5,1
CK-ML-12699,Dum Aloo,Cooked Curry / Gravy,Ambient Room Temp,Covered Degchi / Pot,30.7,38.4,7.9,3,1.4,0.0,0.0,0
CK-ML-12700,Paneer Butter Masala,Cooked Curry / Gravy,Ambient Room Temp,Aluminium Foil Wrap,28.4,40.0,11.7,3,1.4,0.0,0.0,0
CK-ML-12701,Sambhar,Dal & Lentils,Ambient Room Temp,Aluminium Foil Wrap,24.3,48.2,1.8,3,1.3,8.52,82.9,1
CK-ML-12702,Sweet Lassi,Dairy & Desserts,Ambient Room Temp,Open Container,29.7,66.2,5.1,3,1.6,0.0,0.0,0
CK-ML-12703,Paneer Butter Masala,Cooked Curry / Gravy,Refrigerated (4-7C),Open Container,3.9,44.3,6.2,3,1.4,6.28,50.4,1
CK-ML-12704,Puri,Indian Breads (Roti/Naan),Refrigerated (4-7C),Open Container,4.8,55.3,7.9,1,0.8,11.98,60.2,1
CK-ML-12705,Cucumber Tomato Salad,Raw Vegetables & Salad,Insulated Hot Pot (>55C),Covered Degchi / Pot,61.5,45.8,7.6,2,1.1,4.96,39.4,0
CK-ML-12706,Yellow Dal,Dal & Lentils,Ambient Room Temp,Open Container,27.0,49.8,6.8,3,1.3,0.0,0.0,0
CK-ML-12707,Khichdi,Cooked Rice / Biryani,Refrigerated (4-7C),Open Container,6.3,44.7,6.0,2,1.2,8.03,57.3,1
CK-ML-12708,Veg Biryani,Cooked Rice / Biryani,Ambient Room Temp,Open Container,37.7,42.0,4.1,2,1.2,0.0,0.0,0
CK-ML-12709,Butter Naan,Indian Breads (Roti/Naan),Ambient Room Temp,Covered Degchi / Pot,28.0,59.8,11.7,1,0.8,0.22,1.8,0
CK-ML-12710,Jeera Rice,Cooked Rice / Biryani,Ambient Room Temp,Aluminium Foil Wrap,22.2,56.0,11.8,2,1.2,0.0,0.0,0
CK-ML-12711,Yellow Dal,Dal & Lentils,Ambient Room Temp,Covered Degchi / Pot,31.0,51.1,3.1,3,1.3,1.88,37.6,0
CK-ML-12712,Sprouts Salad,Raw Vegetables & Salad,Refrigerated (4-7C),Covered Degchi / Pot,4.9,63.5,1.9,2,1.1,20.08,91.4,1
CK-ML-12713,Jeera Rice,Cooked Rice / Biryani,Ambient Room Temp,Covered Degchi / Pot,22.3,63.3,7.3,2,1.2,1.39,16.1,0
CK-ML-12714,Steamed Rice,Cooked Rice / Biryani,Insulated Hot Pot (>55C),Covered Degchi / Pot,52.4,35.2,0.5,2,1.2,11.08,95.4,1
CK-ML-12715,Jeera Rice,Cooked Rice / Biryani,Ambient Room Temp,Open Container,25.9,46.6,0.9,2,1.2,6.14,87.7,1
CK-ML-12716,Dum Aloo,Cooked Curry / Gravy,Ambient Room Temp,Open Container,33.2,72.4,9.5,3,1.4,0.0,0.0,0
CK-ML-12717,Pulao,Cooked Rice / Biryani,Refrigerated (4-7C),Covered Degchi / Pot,6.4,42.3,4.2,2,1.2,15.23,78.4,1
CK-ML-12718,Dinner Rolls,Bakery / Packaged Breads,Ambient Room Temp,Aluminium Foil Wrap,33.3,56.4,10.0,1,0.5,3.8,27.5,0
CK-ML-12719,Steamed Rice,Cooked Rice / Biryani,Ambient Room Temp,Aluminium Foil Wrap,27.0,68.7,10.3,2,1.2,1.73,14.4,0
CK-ML-12720,Dum Aloo,Cooked Curry / Gravy,Ambient Room Temp,Open Container,32.4,45.2,9.0,3,1.4,0.0,0.0,0
CK-ML-12721,Fruit Chaat,Raw Vegetables & Salad,Ambient Room Temp,Aluminium Foil Wrap,25.1,31.1,3.1,2,1.1,9.67,75.9,1
CK-ML-12722,Mixed Veg Curry,Cooked Curry / Gravy,Ambient Room Temp,Covered Degchi / Pot,30.0,39.1,7.4,3,1.4,0.0,0.0,0
CK-ML-12723,Kachori,Fried Items (Samosa/Puri),Ambient Room Temp,Open Container,23.4,64.1,9.6,1,0.7,2.55,21.0,0
CK-ML-12724,Fruit Buns,Bakery / Packaged Breads,Ambient Room Temp,Covered Degchi / Pot,27.3,77.8,5.4,1,0.5,16.25,75.1,1
CK-ML-12725,Kadhai Paneer,Cooked Curry / Gravy,Ambient Room Temp,Airtight Food Box,38.7,72.9,8.1,3,1.4,0.0,0.0,0
CK-ML-12726,Paneer Butter Masala,Cooked Curry / Gravy,Ambient Room Temp,Aluminium Foil Wrap,29.8,41.9,5.6,3,1.4,1.35,19.3,0
CK-ML-12727,Fruit Buns,Bakery / Packaged Breads,Ambient Room Temp,Covered Degchi / Pot,27.8,69.8,7.2,1,0.5,12.83,63.9,1
CK-ML-12728,Paneer Butter Masala,Cooked Curry / Gravy,Refrigerated (4-7C),Covered Degchi / Pot,7.2,67.5,5.6,3,1.4,11.19,66.7,1
CK-ML-12729,Kadhai Paneer,Cooked Curry / Gravy,Ambient Room Temp,Airtight Food Box,38.1,69.8,9.4,3,1.4,0.0,0.0,0
CK-ML-12730,Fruit Chaat,Raw Vegetables & Salad,Ambient Room Temp,Aluminium Foil Wrap,30.3,34.5,9.1,2,1.1,0.0,0.0,0
CK-ML-12731,Sweet Lassi,Dairy & Desserts,Ambient Room Temp,Open Container,33.4,48.5,1.4,3,1.6,0.98,40.8,0
CK-ML-12732,Fruit Buns,Bakery / Packaged Breads,Insulated Hot Pot (>55C),Covered Degchi / Pot,59.1,75.4,7.2,1,0.5,19.61,73.1,1
CK-ML-12733,Mixed Veg Curry,Cooked Curry / Gravy,Ambient Room Temp,Aluminium Foil Wrap,24.8,57.4,8.1,3,1.4,1.63,16.8,0
CK-ML-12734,Spring Roll,Fried Items (Samosa/Puri),Ambient Room Temp,Airtight Food Box,35.4,75.9,8.4,1,0.7,2.84,25.4,0
CK-ML-12735,Steamed Rice,Cooked Rice / Biryani,Insulated Hot Pot (>55C),Airtight Food Box,59.6,74.3,2.8,2,1.2,14.42,83.7,1
CK-ML-12736,Yellow Dal,Dal & Lentils,Ambient Room Temp,Covered Degchi / Pot,34.7,54.6,4.0,3,1.3,0.0,0.0,0
CK-ML-12737,Butter Naan,Indian Breads (Roti/Naan),Ambient Room Temp,Aluminium Foil Wrap,29.0,47.4,3.2,1,0.8,10.77,77.1,1
CK-ML-12738,Kachori,Fried Items (Samosa/Puri),Ambient Room Temp,Covered Degchi / Pot,37.3,34.4,9.5,1,0.7,0.0,0.0,0
CK-ML-12739,Sweet Lassi,Dairy & Desserts,Refrigerated (4-7C),Covered Degchi / Pot,7.1,58.3,9.7,3,1.6,4.98,33.9,0
CK-ML-12740,Veg Biryani,Cooked Rice / Biryani,Refrigerated (4-7C),Open Container,5.2,56.0,11.6,2,1.2,2.47,17.6,0
CK-ML-12741,Jeera Rice,Cooked Rice / Biryani,Refrigerated (4-7C),Covered Degchi / Pot,4.3,34.8,6.5,2,1.2,13.92,68.2,1
CK-ML-12742,Fruit Buns,Bakery / Packaged Breads,Refrigerated (4-7C),Covered Degchi / Pot,5.1,57.8,11.9,1,0.5,24.0,50.4,1
CK-ML-12743,White Bread Loaf,Bakery / Packaged Breads,Ambient Room Temp,Open Container,31.9,66.3,7.8,1,0.5,1.11,12.4,0
CK-ML-12744,Kachori,Fried Items (Samosa/Puri),Ambient Room Temp,Aluminium Foil Wrap,33.2,54.4,3.1,1,0.7,7.9,71.7,1
CK-ML-12745,Pakoda,Fried Items (Samosa/Puri),Insulated Hot Pot (>55C),Covered Degchi / Pot,58.8,40.5,3.8,1,0.7,15.61,80.6,1
CK-ML-12746,Paratha,Indian Breads (Roti/Naan),Ambient Room Temp,Covered Degchi / Pot,33.7,65.9,3.7,1,0.8,3.73,50.5,1
CK-ML-12747,Sweet Lassi,Dairy & Desserts,Refrigerated (4-7C),Open Container,7.1,45.0,7.2,3,1.6,3.39,32.1,0
CK-ML-12748,Chole Gravy,Cooked Curry / Gravy,Insulated Hot Pot (>55C),Open Container,59.3,77.8,0.7,3,1.4,6.22,89.5,1
CK-ML-12749,Dal Makhani,Dal & Lentils,Ambient Room Temp,Covered Degchi / Pot,32.6,52.3,11.0,3,1.3,0.0,0.0,0
CK-ML-12750,Dal Tadka,Dal & Lentils,Insulated Hot Pot (>55C),Covered Degchi / Pot,53.9,50.7,10.6,3,1.3,0.0,0.0,0
CK-ML-12751,Kheer / Payasam,Dairy & Desserts,Ambient Room Temp,Aluminium Foil Wrap,22.6,70.5,2.0,3,1.6,6.38,76.3,1
CK-ML-12752,Pulao,Cooked Rice / Biryani,Refrigerated (4-7C),Airtight Food Box,5.2,65.6,7.5,2,1.2,22.92,75.3,1
CK-ML-12753,Fruit Buns,Bakery / Packaged Breads,Insulated Hot Pot (>55C),Aluminium Foil Wrap,64.6,74.9,4.2,1,0.5,24.0,71.5,1
CK-ML-12754,Khichdi,Cooked Rice / Biryani,Ambient Room Temp,Covered Degchi / Pot,26.7,36.6,11.4,2,1.2,0.0,0.0,0
CK-ML-12755,Chole Gravy,Cooked Curry / Gravy,Insulated Hot Pot (>55C),Covered Degchi / Pot,56.2,36.2,0.6,3,1.4,9.48,93.9,1
CK-ML-12756,Sambhar,Dal & Lentils,Insulated Hot Pot (>55C),Aluminium Foil Wrap,55.2,44.5,7.4,3,1.3,5.91,44.4,1
CK-ML-12757,Kachori,Fried Items (Samosa/Puri),Refrigerated (4-7C),Aluminium Foil Wrap,7.1,50.5,6.7,1,0.7,24.0,57.6,1
CK-ML-12758,Kadhai Paneer,Cooked Curry / Gravy,Refrigerated (4-7C),Covered Degchi / Pot,4.8,36.3,6.1,3,1.4,10.48,63.1,1
CK-ML-12759,Chana Dal,Dal & Lentils,Ambient Room Temp,Covered Degchi / Pot,30.0,75.6,7.0,3,1.3,0.0,0.0,0
CK-ML-12760,Mixed Veg Curry,Cooked Curry / Gravy,Refrigerated (4-7C),Open Container,5.9,47.0,1.0,3,1.4,10.99,91.3,1
CK-ML-12761,Boiled Corn Salad,Raw Vegetables & Salad,Insulated Hot Pot (>55C),Aluminium Foil Wrap,55.2,72.3,8.7,2,1.1,6.5,42.8,1
CK-ML-12762,White Bread Loaf,Bakery / Packaged Breads,Refrigerated (4-7C),Airtight Food Box,4.1,39.2,3.1,1,0.5,24.0,32.9,0
CK-ML-12763,Veg Biryani,Cooked Rice / Biryani,Ambient Room Temp,Open Container,28.8,50.5,5.6,2,1.2,0.0,0.0,0
CK-ML-12764,Mixed Veg Curry,Cooked Curry / Gravy,Ambient Room Temp,Aluminium Foil Wrap,28.6,43.9,7.1,3,1.4,1.14,13.8,0
CK-ML-12765,Chana Dal,Dal & Lentils,Refrigerated (4-7C),Covered Degchi / Pot,4.5,51.5,6.0,3,1.3,12.54,67.6,1
CK-ML-12766,Paratha,Indian Breads (Roti/Naan),Ambient Room Temp,Aluminium Foil Wrap,32.7,47.5,9.3,1,0.8,0.0,0.0,0
CK-ML-12767,Sprouts Salad,Raw Vegetables & Salad,Ambient Room Temp,Covered Degchi / Pot,30.6,63.0,1.0,2,1.1,5.98,85.5,1
CK-ML-12768,Dum Aloo,Cooked Curry / Gravy,Refrigerated (4-7C),Open Container,4.2,69.8,6.7,3,1.4,5.6,45.5,1
CK-ML-12769,Veg Cutlet,Fried Items (Samosa/Puri),Refrigerated (4-7C),Aluminium Foil Wrap,3.4,59.1,9.9,1,0.7,24.0,56.3,1
CK-ML-12770,Kadhai Paneer,Cooked Curry / Gravy,Ambient Room Temp,Covered Degchi / Pot,26.9,52.3,6.6,3,1.4,1.61,19.5,0
CK-ML-12771,Fruit Buns,Bakery / Packaged Breads,Ambient Room Temp,Open Container,33.9,57.5,8.0,1,0.5,0.0,0.0,0
CK-ML-12772,Kadhai Paneer,Cooked Curry / Gravy,Insulated Hot Pot (>55C),Airtight Food Box,60.7,48.2,9.6,3,1.4,5.77,37.5,0
CK-ML-12773,Jeera Rice,Cooked Rice / Biryani,Refrigerated (4-7C),Airtight Food Box,4.8,58.0,5.3,2,1.2,24.0,79.2,1
CK-ML-12774,Kheer / Payasam,Dairy & Desserts,Ambient Room Temp,Aluminium Foil Wrap,34.8,73.4,5.0,3,1.6,0.0,0.0,0
CK-ML-12775,Chole Gravy,Cooked Curry / Gravy,Ambient Room Temp,Covered Degchi / Pot,24.0,38.0,9.1,3,1.4,0.0,0.0,0
CK-ML-12776,Kheer / Payasam,Dairy & Desserts,Ambient Room Temp,Covered Degchi / Pot,23.6,61.2,3.2,3,1.6,3.92,54.7,1
CK-ML-12777,Gulab Jamun in Chashni,Dairy & Desserts,Refrigerated (4-7C),Airtight Food Box,4.9,61.4,1.9,3,1.6,20.98,91.7,1
CK-ML-12778,Veg Biryani,Cooked Rice / Biryani,Refrigerated (4-7C),Covered Degchi / Pot,4.4,46.6,1.3,2,1.2,18.53,93.4,1
CK-ML-12779,Pulao,Cooked Rice / Biryani,Ambient Room Temp,Aluminium Foil Wrap,31.6,60.8,6.3,2,1.2,0.43,6.4,0
CK-ML-12780,Dal Makhani,Dal & Lentils,Ambient Room Temp,Covered Degchi / Pot,28.6,51.8,8.2,3,1.3,0.0,0.0,0
CK-ML-12781,Kadhai Paneer,Cooked Curry / Gravy,Ambient Room Temp,Covered Degchi / Pot,33.2,43.0,0.8,3,1.4,3.36,81.4,1
CK-ML-12782,Steamed Rice,Cooked Rice / Biryani,Insulated Hot Pot (>55C),Open Container,63.4,75.4,9.0,2,1.2,0.0,0.0,0
CK-ML-12783,Mixed Veg Curry,Cooked Curry / Gravy,Ambient Room Temp,Covered Degchi / Pot,30.9,53.1,11.5,3,1.4,0.0,0.0,0
CK-ML-12784,Pakoda,Fried Items (Samosa/Puri),Insulated Hot Pot (>55C),Open Container,58.2,32.0,11.1,1,0.7,2.49,18.4,0
CK-ML-12785,Yellow Dal,Dal & Lentils,Refrigerated (4-7C),Covered Degchi / Pot,6.3,70.7,2.8,3,1.3,15.04,84.4,1
CK-ML-12786,Paratha,Indian Breads (Roti/Naan),Ambient Room Temp,Open Container,30.6,54.4,2.4,1,0.8,3.89,62.1,1
CK-ML-12787,Sambhar,Dal & Lentils,Ambient Room Temp,Open Container,24.5,37.3,2.8,3,1.3,3.51,55.3,1
CK-ML-12788,Cucumber Tomato Salad,Raw Vegetables & Salad,Ambient Room Temp,Covered Degchi / Pot,33.1,57.7,1.4,2,1.1,3.76,73.0,1
CK-ML-12789,Dal Makhani,Dal & Lentils,Insulated Hot Pot (>55C),Open Container,58.7,77.5,2.2,3,1.3,5.43,71.1,1
CK-ML-12790,Mixed Veg Curry,Cooked Curry / Gravy,Insulated Hot Pot (>55C),Covered Degchi / Pot,58.6,64.7,8.3,3,1.4,2.52,23.3,0
CK-ML-12791,Kheer / Payasam,Dairy & Desserts,Ambient Room Temp,Covered Degchi / Pot,28.1,46.7,4.2,3,1.6,2.02,32.3,0
CK-ML-12792,Veg Biryani,Cooked Rice / Biryani,Insulated Hot Pot (>55C),Covered Degchi / Pot,59.0,52.7,3.1,2,1.2,8.95,74.5,1
CK-ML-12793,Kachori,Fried Items (Samosa/Puri),Ambient Room Temp,Open Container,26.6,60.8,3.0,1,0.7,7.85,72.3,1
CK-ML-12794,Sprouts Salad,Raw Vegetables & Salad,Refrigerated (4-7C),Airtight Food Box,5.7,43.7,11.3,2,1.1,22.09,66.2,1
CK-ML-12795,Tandoori Roti,Indian Breads (Roti/Naan),Ambient Room Temp,Covered Degchi / Pot,26.7,62.3,0.7,1,0.8,12.63,94.9,1
CK-ML-12796,Kadhai Paneer,Cooked Curry / Gravy,Insulated Hot Pot (>55C),Open Container,60.3,78.7,10.3,3,1.4,0.0,0.0,0
CK-ML-12797,Dal Tadka,Dal & Lentils,Refrigerated (4-7C),Covered Degchi / Pot,3.8,64.0,5.0,3,1.3,13.75,73.2,1
CK-ML-12798,Fruit Buns,Bakery / Packaged Breads,Ambient Room Temp,Covered Degchi / Pot,37.6,67.8,8.0,1,0.5,1.29,13.8,0
CK-ML-12799,Khichdi,Cooked Rice / Biryani,Refrigerated (4-7C),Covered Degchi / Pot,6.9,78.8,11.5,2,1.2,8.06,41.3,1
CK-ML-12800,Chole Gravy,Cooked Curry / Gravy,Refrigerated (4-7C),Aluminium Foil Wrap,4.1,77.0,3.0,3,1.4,17.31,85.3,1
CK-ML-12801,Pav Buns,Bakery / Packaged Breads,Ambient Room Temp,Covered Degchi / Pot,28.2,79.1,10.1,1,0.5,9.18,47.6,1
CK-ML-12802,Pulao,Cooked Rice / Biryani,Refrigerated (4-7C),Open Container,5.1,35.4,3.6,2,1.2,10.34,74.0,1
CK-ML-12803,Sambhar,Dal & Lentils,Ambient Room Temp,Open Container,25.2,35.2,7.0,3,1.3,0.0,0.0,0
CK-ML-12804,Sambhar,Dal & Lentils,Refrigerated (4-7C),Aluminium Foil Wrap,6.3,46.7,8.6,3,1.3,14.18,62.4,1
CK-ML-12805,Fruit Chaat,Raw Vegetables & Salad,Ambient Room Temp,Aluminium Foil Wrap,34.3,76.9,4.1,2,1.1,2.24,35.6,0
CK-ML-12806,Khichdi,Cooked Rice / Biryani,Ambient Room Temp,Aluminium Foil Wrap,28.0,51.6,9.0,2,1.2,1.38,13.2,0
CK-ML-12807,Sambhar,Dal & Lentils,Ambient Room Temp,Aluminium Foil Wrap,32.7,51.8,5.8,3,1.3,0.11,1.9,0
CK-ML-12808,Fruit Chaat,Raw Vegetables & Salad,Insulated Hot Pot (>55C),Open Container,62.7,54.3,7.6,2,1.1,1.66,17.9,0
CK-ML-12809,Steamed Rice,Cooked Rice / Biryani,Insulated Hot Pot (>55C),Open Container,58.1,63.1,3.7,2,1.2,3.83,50.8,1
CK-ML-12810,Pakoda,Fried Items (Samosa/Puri),Ambient Room Temp,Covered Degchi / Pot,35.1,34.5,9.4,1,0.7,0.0,0.0,0
CK-ML-12811,Phulka Chapati,Indian Breads (Roti/Naan),Ambient Room Temp,Aluminium Foil Wrap,23.8,64.2,9.5,1,0.8,7.07,42.7,1
CK-ML-12812,Dal Makhani,Dal & Lentils,Refrigerated (4-7C),Airtight Food Box,6.3,60.5,7.2,3,1.3,20.92,74.5,1
CK-ML-12813,Fruit Buns,Bakery / Packaged Breads,Ambient Room Temp,Airtight Food Box,27.2,49.1,6.2,1,0.5,24.0,72.8,1
CK-ML-12814,Spring Roll,Fried Items (Samosa/Puri),Ambient Room Temp,Covered Degchi / Pot,36.8,53.0,3.9,1,0.7,1.98,33.4,0
CK-ML-12815,Paratha,Indian Breads (Roti/Naan),Insulated Hot Pot (>55C),Covered Degchi / Pot,53.6,34.8,1.3,1,0.8,16.6,92.7,1
CK-ML-12816,Jeera Rice,Cooked Rice / Biryani,Ambient Room Temp,Covered Degchi / Pot,25.0,62.5,6.2,2,1.2,3.0,32.5,0
CK-ML-12817,Kheer / Payasam,Dairy & Desserts,Refrigerated (4-7C),Covered Degchi / Pot,3.6,45.7,1.9,3,1.6,13.86,88.1,1
CK-ML-12818,Jeera Rice,Cooked Rice / Biryani,Ambient Room Temp,Covered Degchi / Pot,34.2,60.0,6.3,2,1.2,0.0,0.0,0
CK-ML-12819,Dinner Rolls,Bakery / Packaged Breads,Ambient Room Temp,Open Container,30.8,72.7,8.9,1,0.5,0.92,9.3,0
CK-ML-12820,Chana Dal,Dal & Lentils,Refrigerated (4-7C),Open Container,3.3,58.6,9.9,3,1.3,2.86,22.4,0
CK-ML-12821,Veg Cutlet,Fried Items (Samosa/Puri),Ambient Room Temp,Airtight Food Box,27.9,78.5,9.5,1,0.7,12.13,56.1,1
CK-ML-12822,Sambhar,Dal & Lentils,Ambient Room Temp,Aluminium Foil Wrap,33.3,47.7,7.1,3,1.3,0.0,0.0,0
CK-ML-12823,Sambhar,Dal & Lentils,Ambient Room Temp,Aluminium Foil Wrap,29.3,75.1,5.7,3,1.3,2.02,26.1,0
CK-ML-12824,Chana Dal,Dal & Lentils,Refrigerated (4-7C),Airtight Food Box,3.5,57.9,5.2,3,1.3,22.63,81.3,1
CK-ML-12825,Rasgulla,Dairy & Desserts,Ambient Room Temp,Airtight Food Box,37.7,33.8,8.7,3,1.6,0.0,0.0,0
CK-ML-12826,Paratha,Indian Breads (Roti/Naan),Ambient Room Temp,Open Container,35.6,55.1,8.6,1,0.8,0.0,0.0,0
CK-ML-12827,Tandoori Roti,Indian Breads (Roti/Naan),Ambient Room Temp,Open Container,23.6,49.4,7.3,1,0.8,3.0,29.2,0
CK-ML-12828,Veg Biryani,Cooked Rice / Biryani,Refrigerated (4-7C),Open Container,4.4,59.4,1.0,2,1.2,13.97,93.6,1
CK-ML-12829,Pakoda,Fried Items (Samosa/Puri),Ambient Room Temp,Covered Degchi / Pot,34.6,31.4,6.9,1,0.7,0.86,11.1,0
CK-ML-12830,Mixed Veg Curry,Cooked Curry / Gravy,Ambient Room Temp,Covered Degchi / Pot,23.2,50.8,2.3,3,1.4,5.93,72.1,1
CK-ML-12831,Steamed Rice,Cooked Rice / Biryani,Insulated Hot Pot (>55C),Airtight Food Box,52.9,75.0,2.1,2,1.2,16.1,88.3,1
CK-ML-12832,Yellow Dal,Dal & Lentils,Ambient Room Temp,Covered Degchi / Pot,23.3,72.6,5.3,3,1.3,3.29,38.5,0
CK-ML-12833,Spring Roll,Fried Items (Samosa/Puri),Ambient Room Temp,Covered Degchi / Pot,22.2,57.2,5.5,1,0.7,9.4,63.1,1
CK-ML-12834,Boiled Corn Salad,Raw Vegetables & Salad,Refrigerated (4-7C),Covered Degchi / Pot,4.4,65.1,11.2,2,1.1,9.99,47.1,1
CK-ML-12835,Dal Makhani,Dal & Lentils,Ambient Room Temp,Covered Degchi / Pot,26.5,36.6,3.9,3,1.3,4.92,55.8,1
CK-ML-12836,White Bread Loaf,Bakery / Packaged Breads,Ambient Room Temp,Aluminium Foil Wrap,25.4,64.8,10.5,1,0.5,16.3,60.9,1
CK-ML-12837,Pulao,Cooked Rice / Biryani,Ambient Room Temp,Covered Degchi / Pot,35.5,44.3,0.6,2,1.2,3.58,85.3,1
CK-ML-12838,Pakoda,Fried Items (Samosa/Puri),Insulated Hot Pot (>55C),Aluminium Foil Wrap,52.5,57.2,1.2,1,0.7,23.39,95.2,1
CK-ML-12839,Khichdi,Cooked Rice / Biryani,Ambient Room Temp,Open Container,30.0,53.2,8.0,2,1.2,0.0,0.0,0
CK-ML-12840,Sambhar,Dal & Lentils,Ambient Room Temp,Covered Degchi / Pot,35.4,44.8,5.7,3,1.3,0.0,0.0,0
CK-ML-12841,Dal Makhani,Dal & Lentils,Refrigerated (4-7C),Aluminium Foil Wrap,4.1,67.0,9.5,3,1.3,12.48,56.8,1
CK-ML-12842,Puri,Indian Breads (Roti/Naan),Ambient Room Temp,Aluminium Foil Wrap,25.2,63.2,1.6,1,0.8,14.86,90.1,1
CK-ML-12843,Fruit Buns,Bakery / Packaged Breads,Ambient Room Temp,Open Container,35.6,57.0,2.3,1,0.5,4.38,65.5,1
CK-ML-12844,Puri,Indian Breads (Roti/Naan),Ambient Room Temp,Open Container,27.9,70.3,2.5,1,0.8,6.15,71.1,1
CK-ML-12845,Kadhai Paneer,Cooked Curry / Gravy,Ambient Room Temp,Open Container,32.7,52.5,2.4,3,1.4,0.15,5.8,0
CK-ML-12846,Dum Aloo,Cooked Curry / Gravy,Refrigerated (4-7C),Airtight Food Box,4.6,63.4,7.1,3,1.4,18.5,72.3,1
CK-ML-12847,Paneer Tikka,Dairy & Desserts,Ambient Room Temp,Aluminium Foil Wrap,29.1,47.2,0.6,3,1.6,5.9,90.4,1
CK-ML-12848,Phulka Chapati,Indian Breads (Roti/Naan),Ambient Room Temp,Aluminium Foil Wrap,36.8,79.8,9.5,1,0.8,0.0,0.0,0
CK-ML-12849,Butter Naan,Indian Breads (Roti/Naan),Ambient Room Temp,Covered Degchi / Pot,37.0,65.4,3.3,1,0.8,2.53,43.6,0
CK-ML-12850,Dinner Rolls,Bakery / Packaged Breads,Ambient Room Temp,Aluminium Foil Wrap,22.2,61.7,1.8,1,0.5,24.0,86.8,1
CK-ML-12851,Tandoori Roti,Indian Breads (Roti/Naan),Ambient Room Temp,Open Container,35.0,59.6,6.8,1,0.8,0.0,0.0,0
CK-ML-12852,Sweet Lassi,Dairy & Desserts,Refrigerated (4-7C),Covered Degchi / Pot,4.8,64.2,7.4,3,1.6,7.34,49.7,1
CK-ML-12853,Pav Buns,Bakery / Packaged Breads,Ambient Room Temp,Covered Degchi / Pot,32.1,44.0,7.6,1,0.5,5.56,42.4,1
CK-ML-12854,Jeera Rice,Cooked Rice / Biryani,Ambient Room Temp,Aluminium Foil Wrap,33.3,33.3,10.6,2,1.2,0.0,0.0,0
CK-ML-12855,Pav Buns,Bakery / Packaged Breads,Ambient Room Temp,Covered Degchi / Pot,34.1,42.4,10.0,1,0.5,1.34,11.9,0
CK-ML-12856,Dal Tadka,Dal & Lentils,Refrigerated (4-7C),Airtight Food Box,4.0,46.8,10.2,3,1.3,17.61,63.2,1
CK-ML-12857,Dal Makhani,Dal & Lentils,Insulated Hot Pot (>55C),Open Container,63.5,42.4,10.4,3,1.3,0.0,0.0,0
CK-ML-12858,Kheer / Payasam,Dairy & Desserts,Ambient Room Temp,Airtight Food Box,35.4,32.3,1.7,3,1.6,3.01,63.6,1
CK-ML-12859,Sweet Lassi,Dairy & Desserts,Ambient Room Temp,Aluminium Foil Wrap,33.6,34.2,7.2,3,1.6,0.0,0.0,0
CK-ML-12860,Khichdi,Cooked Rice / Biryani,Ambient Room Temp,Aluminium Foil Wrap,34.1,68.2,8.9,2,1.2,0.0,0.0,0
CK-ML-12861,Sweet Lassi,Dairy & Desserts,Ambient Room Temp,Open Container,35.5,42.6,1.2,3,1.6,1.51,56.3,0
CK-ML-12862,Kadhai Paneer,Cooked Curry / Gravy,Refrigerated (4-7C),Open Container,6.8,43.9,3.0,3,1.4,8.88,74.9,1
CK-ML-12863,Sprouts Salad,Raw Vegetables & Salad,Ambient Room Temp,Aluminium Foil Wrap,30.9,39.2,3.7,2,1.1,4.93,56.9,1
CK-ML-12864,Kadhai Paneer,Cooked Curry / Gravy,Ambient Room Temp,Aluminium Foil Wrap,34.7,56.0,3.1,3,1.4,1.62,34.4,0
CK-ML-12865,Khichdi,Cooked Rice / Biryani,Ambient Room Temp,Aluminium Foil Wrap,26.3,69.2,5.5,2,1.2,6.12,52.7,1
CK-ML-12866,Pakoda,Fried Items (Samosa/Puri),Ambient Room Temp,Covered Degchi / Pot,28.5,68.2,8.7,1,0.7,3.91,31.0,0
CK-ML-12867,Tandoori Roti,Indian Breads (Roti/Naan),Ambient Room Temp,Aluminium Foil Wrap,34.0,68.6,9.0,1,0.8,0.0,0.0,0
CK-ML-12868,Khichdi,Cooked Rice / Biryani,Ambient Room Temp,Covered Degchi / Pot,37.1,78.3,2.8,2,1.2,0.72,20.3,0
CK-ML-12869,Aloo Samosa,Fried Items (Samosa/Puri),Ambient Room Temp,Open Container,36.1,52.6,10.3,1,0.7,0.0,0.0,0
CK-ML-12870,Sambhar,Dal & Lentils,Ambient Room Temp,Covered Degchi / Pot,24.1,55.9,6.8,3,1.3,1.53,18.4,0
CK-ML-12871,Steamed Rice,Cooked Rice / Biryani,Ambient Room Temp,Open Container,36.8,36.1,11.8,2,1.2,0.0,0.0,0
CK-ML-12872,Chole Gravy,Cooked Curry / Gravy,Refrigerated (4-7C),Covered Degchi / Pot,5.3,59.6,9.2,3,1.4,7.61,45.1,1
CK-ML-12873,Puri,Indian Breads (Roti/Naan),Ambient Room Temp,Covered Degchi / Pot,23.6,44.1,7.8,1,0.8,6.29,44.7,1
CK-ML-12874,Fruit Buns,Bakery / Packaged Breads,Refrigerated (4-7C),Covered Degchi / Pot,3.1,53.2,10.9,1,0.5,24.0,50.9,1
CK-ML-12875,Khichdi,Cooked Rice / Biryani,Ambient Room Temp,Open Container,30.5,47.4,2.4,2,1.2,1.26,34.0,0
CK-ML-12876,Chole Gravy,Cooked Curry / Gravy,Ambient Room Temp,Open Container,30.0,66.6,5.8,3,1.4,0.0,0.0,0
CK-ML-12877,Kadhai Paneer,Cooked Curry / Gravy,Ambient Room Temp,Aluminium Foil Wrap,35.5,54.0,6.7,3,1.4,0.0,0.0,0
CK-ML-12878,Jeera Rice,Cooked Rice / Biryani,Ambient Room Temp,Covered Degchi / Pot,34.6,33.3,11.1,2,1.2,0.0,0.0,0
CK-ML-12879,Khichdi,Cooked Rice / Biryani,Refrigerated (4-7C),Open Container,6.2,76.4,4.4,2,1.2,9.98,69.5,1
CK-ML-12880,Spring Roll,Fried Items (Samosa/Puri),Ambient Room Temp,Airtight Food Box,28.7,55.2,10.8,1,0.7,8.32,43.6,1
CK-ML-12881,Cucumber Tomato Salad,Raw Vegetables & Salad,Ambient Room Temp,Aluminium Foil Wrap,27.4,49.8,3.4,2,1.1,8.31,71.3,1
CK-ML-12882,Gulab Jamun in Chashni,Dairy & Desserts,Insulated Hot Pot (>55C),Aluminium Foil Wrap,57.6,54.0,4.4,3,1.6,6.02,57.7,1
CK-ML-12883,Kadhai Paneer,Cooked Curry / Gravy,Refrigerated (4-7C),Covered Degchi / Pot,6.2,69.5,11.3,3,1.4,6.05,34.9,0
CK-ML-12884,Dum Aloo,Cooked Curry / Gravy,Ambient Room Temp,Open Container,28.8,40.8,4.0,3,1.4,0.53,11.7,0
CK-ML-12885,Dinner Rolls,Bakery / Packaged Breads,Ambient Room Temp,Aluminium Foil Wrap,34.6,53.1,7.4,1,0.5,5.28,41.7,1
CK-ML-12886,Mixed Veg Curry,Cooked Curry / Gravy,Refrigerated (4-7C),Covered Degchi / Pot,6.0,54.0,6.0,3,1.4,10.93,64.7,1
CK-ML-12887,Jeera Rice,Cooked Rice / Biryani,Ambient Room Temp,Open Container,25.9,50.0,3.1,2,1.2,3.94,56.1,1
CK-ML-12888,Phulka Chapati,Indian Breads (Roti/Naan),Ambient Room Temp,Open Container,22.8,35.2,2.1,1,0.8,7.28,77.4,1
CK-ML-12889,Paneer Butter Masala,Cooked Curry / Gravy,Insulated Hot Pot (>55C),Open Container,57.4,63.9,2.2,3,1.4,4.9,69.3,1
CK-ML-12890,Veg Biryani,Cooked Rice / Biryani,Refrigerated (4-7C),Open Container,3.6,79.7,4.3,2,1.2,9.12,68.1,1
CK-ML-12891,Fruit Buns,Bakery / Packaged Breads,Ambient Room Temp,Open Container,37.9,51.6,1.0,1,0.5,4.61,82.4,1
CK-ML-12892,Dal Makhani,Dal & Lentils,Insulated Hot Pot (>55C),Covered Degchi / Pot,64.4,73.4,7.1,3,1.3,3.53,33.3,0
CK-ML-12893,Yellow Dal,Dal & Lentils,Ambient Room Temp,Aluminium Foil Wrap,30.6,78.4,8.1,3,1.3,0.0,0.0,0
CK-ML-12894,Veg Biryani,Cooked Rice / Biryani,Ambient Room Temp,Open Container,32.3,55.1,3.9,2,1.2,0.0,0.0,0
CK-ML-12895,Cucumber Tomato Salad,Raw Vegetables & Salad,Ambient Room Temp,Open Container,33.2,78.9,1.8,2,1.1,1.45,44.9,0
CK-ML-12896,Pakoda,Fried Items (Samosa/Puri),Ambient Room Temp,Covered Degchi / Pot,34.6,59.8,11.5,1,0.7,0.0,0.0,0
CK-ML-12897,Phulka Chapati,Indian Breads (Roti/Naan),Ambient Room Temp,Covered Degchi / Pot,38.8,40.2,2.1,1,0.8,2.48,53.9,0
CK-ML-12898,Butter Naan,Indian Breads (Roti/Naan),Ambient Room Temp,Open Container,32.0,63.1,9.0,1,0.8,0.0,0.0,0
CK-ML-12899,Paratha,Indian Breads (Roti/Naan),Ambient Room Temp,Covered Degchi / Pot,36.3,76.0,6.1,1,0.8,0.0,0.0,0
CK-ML-12900,Chole Gravy,Cooked Curry / Gravy,Refrigerated (4-7C),Open Container,6.6,52.7,10.6,3,1.4,1.05,9.0,0
CK-ML-12901,Kheer / Payasam,Dairy & Desserts,Ambient Room Temp,Aluminium Foil Wrap,34.2,35.0,2.1,3,1.6,2.54,54.6,0
CK-ML-12902,Paratha,Indian Breads (Roti/Naan),Ambient Room Temp,Airtight Food Box,31.2,44.0,6.7,1,0.8,6.94,50.7,1
CK-ML-12903,Paneer Butter Masala,Cooked Curry / Gravy,Refrigerated (4-7C),Aluminium Foil Wrap,5.8,50.9,5.1,3,1.4,16.38,76.4,1
CK-ML-12904,Yellow Dal,Dal & Lentils,Ambient Room Temp,Aluminium Foil Wrap,23.9,55.8,5.0,3,1.3,5.81,53.6,1
CK-ML-12905,Chana Dal,Dal & Lentils,Insulated Hot Pot (>55C),Covered Degchi / Pot,61.7,69.3,2.3,3,1.3,7.62,76.5,1
CK-ML-12906,Khichdi,Cooked Rice / Biryani,Ambient Room Temp,Covered Degchi / Pot,29.5,44.3,1.6,2,1.2,4.95,75.6,1
CK-ML-12907,Boiled Corn Salad,Raw Vegetables & Salad,Ambient Room Temp,Covered Degchi / Pot,24.5,62.8,6.9,2,1.1,2.98,30.1,0
CK-ML-12908,Sweet Lassi,Dairy & Desserts,Ambient Room Temp,Covered Degchi / Pot,22.2,31.0,7.5,3,1.6,0.0,0.0,0
CK-ML-12909,Paneer Butter Masala,Cooked Curry / Gravy,Ambient Room Temp,Open Container,28.5,55.6,10.7,3,1.4,0.0,0.0,0
CK-ML-12910,Steamed Rice,Cooked Rice / Biryani,Insulated Hot Pot (>55C),Airtight Food Box,63.8,33.9,1.9,2,1.2,15.28,89.0,1
CK-ML-12911,Fruit Buns,Bakery / Packaged Breads,Insulated Hot Pot (>55C),Covered Degchi / Pot,64.5,76.8,5.2,1,0.5,22.21,80.9,1
CK-ML-12912,Chole Gravy,Cooked Curry / Gravy,Ambient Room Temp,Covered Degchi / Pot,24.8,52.6,6.4,3,1.4,1.98,23.7,0
CK-ML-12913,Chana Dal,Dal & Lentils,Ambient Room Temp,Airtight Food Box,34.6,60.9,11.1,3,1.3,0.0,0.0,0
CK-ML-12914,Pav Buns,Bakery / Packaged Breads,Insulated Hot Pot (>55C),Airtight Food Box,58.6,65.1,10.3,1,0.5,24.0,58.0,1
CK-ML-12915,Dinner Rolls,Bakery / Packaged Breads,Ambient Room Temp,Airtight Food Box,34.5,32.4,5.8,1,0.5,10.61,64.6,1
CK-ML-12916,Kheer / Payasam,Dairy & Desserts,Refrigerated (4-7C),Covered Degchi / Pot,6.3,62.9,12.0,3,1.6,2.76,18.7,0
CK-ML-12917,Sprouts Salad,Raw Vegetables & Salad,Refrigerated (4-7C),Covered Degchi / Pot,3.6,46.3,1.2,2,1.1,20.47,94.3,1
CK-ML-12918,Gulab Jamun in Chashni,Dairy & Desserts,Ambient Room Temp,Covered Degchi / Pot,23.7,70.8,9.3,3,1.6,0.0,0.0,0
CK-ML-12919,Puri,Indian Breads (Roti/Naan),Insulated Hot Pot (>55C),Open Container,50.1,78.8,8.9,1,0.8,3.6,28.8,0
CK-ML-12920,Sweet Lassi,Dairy & Desserts,Refrigerated (4-7C),Aluminium Foil Wrap,4.1,32.1,2.8,3,1.6,15.11,84.2,1
CK-ML-12921,Jeera Rice,Cooked Rice / Biryani,Insulated Hot Pot (>55C),Covered Degchi / Pot,53.8,52.7,7.8,2,1.2,3.51,30.9,0
CK-ML-12922,Veg Biryani,Cooked Rice / Biryani,Ambient Room Temp,Covered Degchi / Pot,29.6,69.3,0.9,2,1.2,6.31,88.1,1
CK-ML-12923,Butter Naan,Indian Breads (Roti/Naan),Ambient Room Temp,Airtight Food Box,26.7,52.0,4.6,1,0.8,16.84,78.5,1
CK-ML-12924,Kachori,Fried Items (Samosa/Puri),Refrigerated (4-7C),Open Container,3.2,49.1,5.0,1,0.7,19.5,79.5,1
CK-ML-12925,Dinner Rolls,Bakery / Packaged Breads,Ambient Room Temp,Aluminium Foil Wrap,35.3,76.5,8.9,1,0.5,3.78,29.8,0
CK-ML-12926,Pulao,Cooked Rice / Biryani,Insulated Hot Pot (>55C),Airtight Food Box,54.8,75.7,9.2,2,1.2,8.84,49.0,1
CK-ML-12927,Dal Tadka,Dal & Lentils,Ambient Room Temp,Aluminium Foil Wrap,32.9,58.6,6.5,3,1.3,0.0,0.0,0
CK-ML-12928,Paratha,Indian Breads (Roti/Naan),Refrigerated (4-7C),Airtight Food Box,7.2,72.9,3.9,1,0.8,24.0,51.8,1
CK-ML-12929,Dinner Rolls,Bakery / Packaged Breads,Ambient Room Temp,Open Container,26.0,79.8,0.6,1,0.5,15.41,96.5,1
CK-ML-12930,Tandoori Roti,Indian Breads (Roti/Naan),Ambient Room Temp,Airtight Food Box,32.2,52.5,8.3,1,0.8,3.95,32.3,0
CK-ML-12931,Chole Gravy,Cooked Curry / Gravy,Refrigerated (4-7C),Covered Degchi / Pot,4.4,48.6,2.4,3,1.4,14.85,86.1,1
CK-ML-12932,Dal Makhani,Dal & Lentils,Ambient Room Temp,Open Container,23.9,48.5,4.7,3,1.3,0.8,14.4,0
CK-ML-12933,Kheer / Payasam,Dairy & Desserts,Refrigerated (4-7C),Covered Degchi / Pot,7.3,49.5,8.3,3,1.6,6.14,42.5,1
CK-ML-12934,Puri,Indian Breads (Roti/Naan),Refrigerated (4-7C),Covered Degchi / Pot,6.8,42.7,3.7,1,0.8,24.0,81.7,1
CK-ML-12935,Cucumber Tomato Salad,Raw Vegetables & Salad,Ambient Room Temp,Covered Degchi / Pot,38.9,67.6,5.5,2,1.1,0.0,0.0,0
CK-ML-12936,Dal Makhani,Dal & Lentils,Ambient Room Temp,Airtight Food Box,31.4,50.7,2.2,3,1.3,5.89,72.8,1
CK-ML-12937,Khichdi,Cooked Rice / Biryani,Refrigerated (4-7C),Covered Degchi / Pot,3.0,34.8,2.9,2,1.2,17.17,85.6,1
CK-ML-12938,Khichdi,Cooked Rice / Biryani,Ambient Room Temp,Aluminium Foil Wrap,28.6,64.5,3.6,2,1.2,4.85,57.6,1
CK-ML-12939,Chole Gravy,Cooked Curry / Gravy,Ambient Room Temp,Open Container,30.1,66.8,4.2,3,1.4,0.0,0.0,0
CK-ML-12940,Fruit Chaat,Raw Vegetables & Salad,Refrigerated (4-7C),Aluminium Foil Wrap,4.6,33.6,4.5,2,1.1,21.94,82.9,1
CK-ML-12941,Paratha,Indian Breads (Roti/Naan),Refrigerated (4-7C),Covered Degchi / Pot,4.9,32.4,7.7,1,0.8,21.93,74.0,1
CK-ML-12942,Dum Aloo,Cooked Curry / Gravy,Ambient Room Temp,Covered Degchi / Pot,25.3,37.1,5.7,3,1.4,2.21,27.9,0
CK-ML-12943,Kadhai Paneer,Cooked Curry / Gravy,Refrigerated (4-7C),Aluminium Foil Wrap,3.5,53.7,3.8,3,1.4,18.14,82.7,1
CK-ML-12944,Dal Makhani,Dal & Lentils,Ambient Room Temp,Open Container,35.5,56.4,5.1,3,1.3,0.0,0.0,0
CK-ML-12945,Dum Aloo,Cooked Curry / Gravy,Refrigerated (4-7C),Airtight Food Box,3.5,59.0,11.0,3,1.4,14.89,57.6,1
CK-ML-12946,Dinner Rolls,Bakery / Packaged Breads,Refrigerated (4-7C),Aluminium Foil Wrap,7.4,55.5,5.4,1,0.5,24.0,40.5,1
CK-ML-12947,Khichdi,Cooked Rice / Biryani,Ambient Room Temp,Airtight Food Box,38.6,79.7,7.4,2,1.2,0.0,0.0,0
CK-ML-12948,Pulao,Cooked Rice / Biryani,Ambient Room Temp,Covered Degchi / Pot,28.7,66.7,6.2,2,1.2,0.9,12.6,0
CK-ML-12949,Steamed Rice,Cooked Rice / Biryani,Ambient Room Temp,Aluminium Foil Wrap,38.5,34.8,6.4,2,1.2,0.0,0.0,0
CK-ML-12950,Cucumber Tomato Salad,Raw Vegetables & Salad,Ambient Room Temp,Airtight Food Box,37.8,78.2,2.2,2,1.1,3.96,64.6,1
CK-ML-12951,Dinner Rolls,Bakery / Packaged Breads,Refrigerated (4-7C),Open Container,5.8,78.6,8.7,1,0.5,24.0,72.4,1
CK-ML-12952,Kadhai Paneer,Cooked Curry / Gravy,Ambient Room Temp,Covered Degchi / Pot,27.1,45.4,0.5,3,1.4,7.11,92.9,1
CK-ML-12953,Steamed Rice,Cooked Rice / Biryani,Ambient Room Temp,Covered Degchi / Pot,28.2,50.4,10.8,2,1.2,0.0,0.0,0
CK-ML-12954,Rasgulla,Dairy & Desserts,Ambient Room Temp,Covered Degchi / Pot,35.0,76.4,11.4,3,1.6,0.0,0.0,0
CK-ML-12955,Butter Naan,Indian Breads (Roti/Naan),Ambient Room Temp,Covered Degchi / Pot,25.8,37.2,2.6,1,0.8,11.25,81.1,1
CK-ML-12956,Kheer / Payasam,Dairy & Desserts,Ambient Room Temp,Covered Degchi / Pot,23.4,65.4,6.3,3,1.6,0.9,12.5,0
CK-ML-12957,Phulka Chapati,Indian Breads (Roti/Naan),Ambient Room Temp,Covered Degchi / Pot,26.0,43.3,11.9,1,0.8,1.57,11.6,0
CK-ML-12958,Veg Cutlet,Fried Items (Samosa/Puri),Ambient Room Temp,Covered Degchi / Pot,25.9,41.1,9.0,1,0.7,6.44,41.6,1
CK-ML-12959,Kadhai Paneer,Cooked Curry / Gravy,Ambient Room Temp,Aluminium Foil Wrap,33.9,47.4,5.7,3,1.4,0.0,0.0,0
CK-ML-12960,Veg Biryani,Cooked Rice / Biryani,Refrigerated (4-7C),Aluminium Foil Wrap,6.7,62.5,8.7,2,1.2,15.98,64.6,1
CK-ML-12961,Sweet Lassi,Dairy & Desserts,Ambient Room Temp,Open Container,28.9,66.0,2.7,3,1.6,0.89,24.7,0
CK-ML-12962,Dal Tadka,Dal & Lentils,Insulated Hot Pot (>55C),Airtight Food Box,63.3,34.0,5.4,3,1.3,10.99,67.0,1
CK-ML-12963,Dal Makhani,Dal & Lentils,Ambient Room Temp,Aluminium Foil Wrap,28.5,33.4,6.5,3,1.3,2.71,29.3,0
CK-ML-12964,Khichdi,Cooked Rice / Biryani,Insulated Hot Pot (>55C),Open Container,55.1,45.0,8.4,2,1.2,0.0,0.0,0
CK-ML-12965,Gulab Jamun in Chashni,Dairy & Desserts,Ambient Room Temp,Covered Degchi / Pot,25.1,68.3,7.4,3,1.6,0.47,6.0,0
CK-ML-12966,Chole Gravy,Cooked Curry / Gravy,Ambient Room Temp,Airtight Food Box,23.1,53.0,1.0,3,1.4,11.05,91.5,1
CK-ML-12967,Steamed Rice,Cooked Rice / Biryani,Ambient Room Temp,Covered Degchi / Pot,33.7,47.5,5.2,2,1.2,0.0,0.0,0
CK-ML-12968,Dum Aloo,Cooked Curry / Gravy,Ambient Room Temp,Aluminium Foil Wrap,32.1,36.9,5.9,3,1.4,0.0,0.0,0
CK-ML-12969,Pav Buns,Bakery / Packaged Breads,Refrigerated (4-7C),Covered Degchi / Pot,3.3,58.9,3.3,1,0.5,24.0,50.0,1
CK-ML-12970,Gulab Jamun in Chashni,Dairy & Desserts,Refrigerated (4-7C),Open Container,4.3,36.7,5.4,3,1.6,5.37,50.1,1
CK-ML-12971,Chole Gravy,Cooked Curry / Gravy,Refrigerated (4-7C),Covered Degchi / Pot,3.3,49.3,3.9,3,1.4,12.59,76.3,1
CK-ML-12972,Tandoori Roti,Indian Breads (Roti/Naan),Refrigerated (4-7C),Aluminium Foil Wrap,4.7,73.5,2.4,1,0.8,24.0,65.6,1
CK-ML-12973,Sprouts Salad,Raw Vegetables & Salad,Ambient Room Temp,Covered Degchi / Pot,34.3,54.0,6.9,2,1.1,0.0,0.0,0
CK-ML-12974,White Bread Loaf,Bakery / Packaged Breads,Refrigerated (4-7C),Covered Degchi / Pot,6.0,58.9,11.9,1,0.5,24.0,50.2,1
CK-ML-12975,Pakoda,Fried Items (Samosa/Puri),Ambient Room Temp,Open Container,27.3,36.8,6.5,1,0.7,5.22,44.4,1
CK-ML-12976,Spring Roll,Fried Items (Samosa/Puri),Ambient Room Temp,Covered Degchi / Pot,38.4,40.2,2.7,1,0.7,3.56,56.8,1
CK-ML-12977,Paneer Butter Masala,Cooked Curry / Gravy,Ambient Room Temp,Covered Degchi / Pot,34.1,66.6,0.7,3,1.4,3.53,82.6,1
CK-ML-12978,Chana Dal,Dal & Lentils,Refrigerated (4-7C),Aluminium Foil Wrap,6.4,71.5,3.2,3,1.3,19.35,85.9,1
CK-ML-12979,Kadhai Paneer,Cooked Curry / Gravy,Refrigerated (4-7C),Open Container,3.2,45.4,7.1,3,1.4,4.27,37.6,0
CK-ML-12980,Jeera Rice,Cooked Rice / Biryani,Ambient Room Temp,Covered Degchi / Pot,34.3,74.9,7.8,2,1.2,0.0,0.0,0
CK-ML-12981,Tandoori Roti,Indian Breads (Roti/Naan),Ambient Room Temp,Open Container,34.8,78.0,5.5,1,0.8,0.0,0.0,0
CK-ML-12982,Dal Tadka,Dal & Lentils,Refrigerated (4-7C),Open Container,5.1,61.0,3.3,3,1.3,8.84,73.1,1
CK-ML-12983,Dal Makhani,Dal & Lentils,Ambient Room Temp,Aluminium Foil Wrap,30.8,44.6,10.1,3,1.3,0.0,0.0,0
CK-ML-12984,Cucumber Tomato Salad,Raw Vegetables & Salad,Refrigerated (4-7C),Covered Degchi / Pot,4.4,79.4,7.5,2,1.1,14.64,66.3,1
CK-ML-12985,Sweet Lassi,Dairy & Desserts,Ambient Room Temp,Airtight Food Box,24.3,30.7,5.5,3,1.6,5.06,47.7,1
CK-ML-12986,Paratha,Indian Breads (Roti/Naan),Ambient Room Temp,Open Container,25.3,78.1,2.3,1,0.8,7.29,76.2,1
CK-ML-12987,Sprouts Salad,Raw Vegetables & Salad,Insulated Hot Pot (>55C),Aluminium Foil Wrap,51.8,68.0,8.0,2,1.1,7.58,48.5,1
CK-ML-12988,Sweet Lassi,Dairy & Desserts,Ambient Room Temp,Covered Degchi / Pot,29.8,70.9,0.7,3,1.6,4.32,86.1,1
CK-ML-12989,Puri,Indian Breads (Roti/Naan),Ambient Room Temp,Covered Degchi / Pot,35.6,34.5,3.1,1,0.8,2.92,48.3,0
CK-ML-12990,Steamed Rice,Cooked Rice / Biryani,Ambient Room Temp,Aluminium Foil Wrap,29.4,40.4,8.2,2,1.2,0.0,0.0,0
CK-ML-12991,Chana Dal,Dal & Lentils,Ambient Room Temp,Open Container,34.7,31.3,3.5,3,1.3,0.0,0.0,0
CK-ML-12992,Veg Biryani,Cooked Rice / Biryani,Insulated Hot Pot (>55C),Covered Degchi / Pot,58.0,48.8,4.9,2,1.2,6.7,57.6,1
CK-ML-12993,Mixed Veg Curry,Cooked Curry / Gravy,Refrigerated (4-7C),Airtight Food Box,4.9,63.8,9.9,3,1.4,15.39,60.9,1
CK-ML-12994,Jeera Rice,Cooked Rice / Biryani,Ambient Room Temp,Covered Degchi / Pot,33.8,33.1,9.0,2,1.2,0.0,0.0,0
CK-ML-12995,Spring Roll,Fried Items (Samosa/Puri),Ambient Room Temp,Aluminium Foil Wrap,34.4,36.8,4.4,1,0.7,5.11,53.7,1
CK-ML-12996,Pav Buns,Bakery / Packaged Breads,Refrigerated (4-7C),Covered Degchi / Pot,5.9,59.1,10.9,1,0.5,24.0,50.1,1
CK-ML-12997,Dum Aloo,Cooked Curry / Gravy,Ambient Room Temp,Aluminium Foil Wrap,33.0,79.2,10.6,3,1.4,0.0,0.0,0
CK-ML-12998,Chole Gravy,Cooked Curry / Gravy,Ambient Room Temp,Covered Degchi / Pot,22.0,74.6,9.4,3,1.4,0.0,0.0,0
CK-ML-12999,Puri,Indian Breads (Roti/Naan),Refrigerated (4-7C),Aluminium Foil Wrap,5.3,76.4,3.5,1,0.8,24.0,64.9,1
CK-ML-13000,Butter Naan,Indian Breads (Roti/Naan),Refrigerated (4-7C),Covered Degchi / Pot,4.4,58.0,3.7,1,0.8,24.0,82.2,1
